ticker,name,ccy,fy_latest,score,fails,roic_latest,roic_worst5,opm,sales_cagr5,fcf_conv_5y,op_all_pos,fcf_all_pos,equity_neg,warn_anomaly,op_src,rev_tag,roic_ex_latest,roic_ex_worst,ic_ex_neg,cash_pct,gw_pct
AZO,AUTOZONE INC,USD,2025,7,,0.5296,0.5296,0.1906,0.0667,0.9196,True,True,True,False,reported,Revenues,0.5577,0.5577,False,5.0,5.6
ORLY,O Reilly Automotive Inc,USD,2025,7,,0.5204,0.5204,0.1946,0.0747,0.9473,True,True,True,False,reported,RevenueFromContractWithCustomerExcludingAssessedTax,0.5403,0.5403,False,3.7,18.0
RELX,RELX PLC,GBP,2025,7,,1.0107,0.4605,0.3156,0.0727,1.3712,True,True,False,False,reported,RevenueFromContractsWithCustomers,1.0699,0.4772,False,5.5,335.2
NATH,"NATHAN’S FAMOUS, INC.",USD,2026,7,,0.7545,0.4435,0.1857,0.0898,1.0076,True,True,True,False,reported,RevenueFromContractWithCustomerExcludingAssessedTax,3.3418,3.3418,False,77.4,0.3
LLY,ELI LILLY & Co,USD,2025,7,,0.4924,0.431,0.6602,0.2317,0.9281,True,True,False,False,derived,Revenues,0.5504,0.4691,False,10.5,8.5
MANH,"MANHATTAN ASSOCIATES, INC.",USD,2025,7,,0.7022,0.4234,0.2587,0.1298,1.4702,True,True,False,False,reported,RevenueFromContractWithCustomerExcludingAssessedTax,,,True,104.4,19.8
IDXX,IDEXX LABORATORIES INC /DE,USD,2025,7,,0.5228,0.3971,0.316,0.0756,0.87,True,True,False,False,reported,RevenueFromContractWithCustomerExcludingAssessedTax,0.573,0.4631,False,8.8,20.1
MA,Mastercard Inc,USD,2025,7,,0.5584,0.3755,0.5763,0.1479,1.0907,True,True,False,False,reported,Revenues,0.9232,0.5775,False,39.5,35.8
RACE,Ferrari N.V.,EUR,2025,7,,0.4266,0.374,0.2952,0.1373,1.0807,True,True,False,False,reported,Revenue,0.6833,0.659,False,37.6,20.1
ATMU,Atmus Filtration Technologies Inc.,USD,2025,7,,0.6241,0.3536,0.1695,0.0523,0.7223,True,True,False,True,reported,RevenueFromContractWithCustomerExcludingAssessedTax,0.6241,0.3536,False,0.0,0.0
FICO,Fair Isaac Corp,USD,2025,7,,0.5578,0.3478,0.4645,0.1089,1.1774,True,True,True,False,reported,RevenueFromContractWithCustomerExcludingAssessedTax,0.6214,0.4192,False,10.2,59.8
LULU,lululemon athletica inc.,USD,2026,7,,0.352,0.3333,0.1991,0.1542,0.8078,True,True,False,False,reported,RevenueFromContractWithCustomerExcludingAssessedTax,0.352,0.3333,False,0.0,3.7
TPL,Texas Pacific Land Corporation,USD,2025,7,,0.3207,0.3207,0.7419,0.1534,1.0534,True,True,False,False,reported,RevenueFromContractWithCustomerExcludingAssessedTax,0.356,0.356,False,9.9,0.0
KO,COCA COLA CO,USD,2025,7,,0.338,0.3176,0.2871,0.0553,0.7547,True,True,False,False,reported,Revenues,0.4965,0.4965,False,31.9,48.2
PNRG,PrimeEnergy Resources Corporation,USD,2025,7,,0.6024,0.3171,0.87,0.2709,2.3876,True,True,False,False,derived,Revenues,0.6239,0.3434,False,3.4,0.0
NVO,NOVO NORDISK A/S,DKK,2025,7,,0.3103,0.3103,0.413,0.2172,0.8486,True,True,False,False,reported,Revenue,0.3378,0.3378,False,8.1,0.0
ASML,ASML HOLDING NV,EUR,2025,7,,0.372,0.3077,0.346,0.151,1.1121,True,True,False,False,reported,RevenueFromContractWithCustomerExcludingAssessedTax,0.8359,0.6451,False,55.5,19.1
ROL,ROLLINS INC,USD,2025,7,,0.4174,0.3076,0.193,0.116,1.1777,True,True,False,False,reported,RevenueFromContractWithCustomerExcludingAssessedTax,0.4501,0.3326,False,7.3,100.0
ADP,AUTOMATIC DATA PROCESSING INC,USD,2025,7,,0.4207,0.3034,0.2632,0.0819,1.1612,True,True,False,False,derived,RevenueFromContractWithCustomerExcludingAssessedTax,1.8452,0.4326,False,77.2,32.2
WM,"Waste Management, Inc",USD,2025,7,,0.318,0.2991,0.1709,0.0888,0.9467,True,True,False,False,reported,RevenueFromContractWithCustomerExcludingAssessedTax,0.3241,0.3036,False,1.9,129.7
FTNT,"FORTINET, INC.",USD,2025,7,,0.9497,0.2903,0.3066,0.1943,1.367,True,True,True,True,reported,RevenueFromContractWithCustomerExcludingAssessedTax,,,True,143.9,14.8
DECK,DECKERS OUTDOOR CORP,USD,2026,7,,0.3991,0.2899,0.2308,0.148,0.962,True,True,False,False,reported,RevenueFromContractWithCustomerExcludingAssessedTax,1.6842,0.6416,False,76.3,0.6
KLAC,KLA CORPORATION,USD,2025,7,,0.3745,0.2873,0.4125,0.1513,0.965,True,True,False,False,derived,RevenueFromContractWithCustomerExcludingAssessedTax,0.4661,0.3581,False,19.7,16.9
IHG,InterContinental Hotels Group PLC,USD,2025,7,,0.6482,0.2861,0.2309,0.1559,1.3111,True,True,True,False,reported,RevenueFromContractsWithCustomers+Revenue,,,True,77.3,22.9
FAST,FASTENAL CO,USD,2025,7,,0.3215,0.2802,0.2019,0.0807,0.8318,True,True,False,False,reported,RevenueFromContractWithCustomerExcludingAssessedTax,0.345,0.3009,False,6.8,0.0
ITRN,Ituran Location & Control Ltd.,USD,2025,7,,0.2797,0.2797,0.2145,0.073,1.0739,True,True,False,False,reported,Revenues,0.5532,0.3586,False,49.4,18.3
CMG,"CHIPOTLE MEXICAN GRILL, INC.",USD,2025,7,,0.5403,0.2768,0.1623,0.1212,1.0025,True,True,False,False,reported,Revenues,0.8584,0.5208,False,37.1,0.8
COP,CONOCOPHILLIPS,USD,2025,7,,0.344,0.2653,0.5505,0.1064,1.9144,True,True,False,False,derived,RevenueFromContractWithCustomerExcludingAssessedTax,0.3851,0.2974,False,10.7,0.0
MSFT,MICROSOFT CORPORATION,USD,2025,7,,0.2626,0.2626,0.4562,0.1378,0.8236,True,True,False,False,reported,RevenueFromContractWithCustomerExcludingAssessedTax,0.3477,0.3477,False,24.5,30.9
KARO,KAROOOOO LTD.,ZAR,2025,7,,0.3237,0.2567,0.2873,0.1883,0.7854,True,True,False,False,reported,Revenue,0.4801,0.3292,False,32.6,5.5
INFY,INFOSYS LIMITED,USD,2025,7,,0.287,0.2516,0.2112,0.0919,1.1393,True,True,False,False,reported,RevenueFromContractsWithCustomers,0.4672,0.3896,False,38.6,10.5
LRCX,LAM RESEARCH CORPORATION,USD,2025,7,,0.3253,0.2494,0.3201,0.0596,0.9068,True,True,False,False,reported,RevenueFromContractWithCustomerExcludingAssessedTax,0.5871,0.4398,False,44.6,11.2
AMAT,APPLIED MATERIALS INC /DE,USD,2025,7,,0.2437,0.2437,0.2922,0.0531,0.902,True,True,False,False,reported,RevenueFromContractWithCustomerExcludingAssessedTax,0.3579,0.3579,False,31.9,13.8
ADBE,ADOBE INC.,USD,2025,7,,0.3857,0.2423,0.3663,0.1077,1.4062,True,True,False,False,reported,Revenues,0.612,0.3493,False,37.0,72.1
APH,AMPHENOL CORP /DE/,USD,2025,7,,0.3456,0.2423,0.2541,0.2071,0.962,True,True,False,False,reported,RevenueFromContractWithCustomerExcludingAssessedTax,2.3428,0.3024,False,85.2,78.8
SCCO,SOUTHERN COPPER CORPORATION,USD,2025,7,,0.3109,0.2422,0.5217,0.0525,0.9052,True,True,False,False,reported,RevenueFromContractWithCustomerExcludingAssessedTax,0.4295,0.2778,False,27.6,0.2
IT,"Gartner, Inc.",USD,2025,7,,0.2454,0.2392,0.1579,0.0824,1.3112,True,True,False,False,reported,RevenueFromContractWithCustomerExcludingAssessedTax,0.5132,0.3483,False,52.2,83.0
ZTS,Zoetis Inc.,USD,2025,7,,0.2805,0.2322,0.4672,0.0504,0.7949,True,True,False,False,derived,Revenues,0.3492,0.318,False,19.7,22.3
WING,WINGSTOP INC.,USD,2025,7,,0.2999,0.2247,0.2573,0.2532,0.8139,True,True,True,False,reported,Revenues,0.5136,0.5136,False,41.6,17.8
PAYC,"Paycom Software, Inc.",USD,2025,7,,0.2588,0.2241,0.2765,0.1808,0.8302,True,True,False,False,reported,RevenueFromContractWithCustomerExcludingAssessedTax,0.3291,0.3253,False,21.4,3.0
CHKP,CHECK POINT SOFTWARE TECHNOLOGIES LTD.,USD,2025,7,,0.2278,0.2201,0.3049,0.059,1.2593,True,True,False,False,reported,RevenueFromContractWithCustomerExcludingAssessedTax,1.6711,0.3487,False,86.4,66.1
GOOGL,ALPHABET INC.,USD,2025,7,,0.2186,0.2178,0.3203,0.1182,0.7748,True,True,False,False,reported,RevenueFromContractWithCustomerExcludingAssessedTax+Revenues,0.3003,0.3003,False,27.2,7.2
AMT,AMERICAN TOWER CORP /MA/,USD,2025,7,,0.5438,0.2145,5.1777,0.0688,1.4871,True,True,False,True,reported,RevenueFromContractWithCustomerExcludingAssessedTax,0.6878,0.2534,False,20.9,174.1
MSI,"MOTOROLA SOLUTIONS, INC.",USD,2025,7,,0.2181,0.2141,0.2558,0.0935,1.2,True,True,True,False,reported,RevenueFromContractWithCustomerExcludingAssessedTax,0.2444,0.2444,False,10.8,62.8
LOPE,"Grand Canyon Education, Inc.",USD,2025,7,,0.2812,0.2133,0.2404,0.0539,1062.1618,True,True,False,False,reported,RevenueFromContractWithCustomerExcludingAssessedTax,0.4701,0.4115,False,40.2,21.5
V,VISA INC.,USD,2025,7,,0.3005,0.2132,0.5998,0.135,1.0951,True,True,False,False,reported,RevenueFromContractWithCustomerExcludingAssessedTax,0.4128,0.2967,False,27.2,31.5
MSCI,MSCI INC.,USD,2025,7,,0.3816,0.212,0.5467,0.1129,1.233,True,True,True,False,reported,RevenueFromContractWithCustomerExcludingAssessedTax,0.4464,0.3289,False,14.5,82.4
JKHY,"JACK HENRY & ASSOCIATES, INC.",USD,2025,7,,0.2108,0.2098,0.2394,0.0781,1.2507,True,True,False,False,reported,RevenueFromContractWithCustomerExcludingAssessedTax,0.2214,0.2143,False,4.8,37.8
EXPO,"EXPONENT, INC.",USD,2026,7,,0.2424,0.2063,0.2058,0.057,1.0994,True,True,False,False,reported,RevenueFromContractWithCustomerExcludingAssessedTax,0.5619,0.5206,False,56.9,2.2
FCFS,"FirstCash Holdings, Inc.",USD,2025,7,,0.2832,0.2058,0.9636,0.1013,1.6629,True,True,False,False,derived,RevenueFromContractWithCustomerExcludingAssessedTax,0.2913,0.2141,False,2.8,45.1
CDNS,"CADENCE DESIGN SYSTEMS, INC.",USD,2025,7,,0.2153,0.2046,0.2817,0.1854,1.266,True,True,False,False,reported,RevenueFromContractWithCustomerExcludingAssessedTax,0.5084,0.326,False,57.6,50.2
PAYX,"Paychex, Inc.",USD,2025,7,,0.2006,0.2006,0.4081,0.0786,1.0285,True,True,False,False,reported,RevenueFromContractWithCustomerExcludingAssessedTax,0.248,0.248,False,19.1,51.9
LECO,LINCOLN ELECTRIC HOLDINGS INC,USD,2025,7,,0.2165,0.195,0.1696,0.0696,0.9678,True,True,False,False,reported,RevenueFromContractWithCustomerExcludingAssessedTax,0.2454,0.2285,False,11.8,33.8
WFRD,Weatherford International plc,USD,2025,7,,0.3515,0.1942,0.1537,0.0778,2.172,True,True,False,False,reported,RevenueFromContractWithCustomerIncludingAssessedTax,,,True,58.1,0.0
CNI,CANADIAN NATIONAL RAILWAY CO,CAD,2025,7,,0.2413,0.192,0.3807,0.0578,0.7472,True,True,False,False,reported,RevenueFromContractWithCustomerExcludingAssessedTax,0.2453,0.1978,False,1.6,0.0
FHI,"Federated Hermes, Inc.",USD,2025,7,,0.2627,0.191,0.2854,0.0848,0.9596,True,True,False,False,reported,RevenueFromContractWithCustomerExcludingAssessedTax,0.4217,0.2518,False,37.7,55.1
ERIE,ERIE INDEMNITY COMPANY,USD,2025,7,,0.2481,0.1872,0.1763,0.1147,0.8623,True,True,False,False,reported,RevenueFromContractWithCustomerExcludingAssessedTax,0.2519,0.1927,False,1.5,0.0
ANET,"Arista Networks, Inc.",USD,2025,7,,0.2463,0.1836,0.4282,0.322,1064313.5394,True,True,False,False,reported,RevenueFromContractWithCustomerExcludingAssessedTax,1.8718,0.6479,False,86.8,3.4
MNST,Monster Beverage Corp,USD,2025,7,,0.2316,0.1782,0.2917,0.1061,0.9111,True,True,False,False,reported,RevenueFromContractWithCustomerExcludingAssessedTax,0.3482,0.2874,False,33.5,16.1
SSD,"Simpson Manufacturing Co., Inc.",USD,2025,7,,0.177,0.177,0.1964,0.1035,0.7638,True,True,False,False,reported,RevenueFromContractWithCustomerExcludingAssessedTax,0.2179,0.2138,False,18.8,27.3
CPRX,"CATALYST PHARMACEUTICALS, INC.",USD,2025,7,,0.2134,0.1768,0.4377,0.43,1.3398,True,True,False,False,reported,RevenueFromContractWithCustomerExcludingAssessedTax,0.8309,0.2741,False,74.3,0.0
CTAS,Cintas Corporation,USD,2025,7,,0.2622,0.1757,0.2282,0.0979,1.0151,True,True,False,False,reported,RevenueFromContractWithCustomerExcludingAssessedTax,0.2723,0.1908,False,3.7,47.8
CHH,CHOICE HOTELS INTERNATIONAL INC /DE,USD,2025,7,,0.1697,0.1697,0.2808,0.1054,1.0567,True,True,True,False,reported,Revenues,0.1734,0.1734,False,2.2,14.6
NSA,National Storage Affiliates Trust,USD,2025,7,,0.4044,0.1688,0.6432,0.0648,3.1879,True,True,False,False,derived,Revenues,0.4146,0.1713,False,2.5,0.9
META,"Meta Platforms, Inc.",USD,2025,7,,0.2384,0.1686,0.4144,0.1426,0.9022,True,True,False,False,reported,RevenueFromContractWithCustomerExcludingAssessedTax,0.3384,0.241,False,29.6,8.9
ESEA,EUROSEAS LTD.,USD,2025,7,,0.1736,0.1668,0.6561,0.2481,1.1022,True,True,False,False,reported,Revenues,0.2344,0.1917,False,25.9,0.0
QCOM,QUALCOMM INC/DE,USD,2025,7,,0.271,0.1664,0.279,0.0717,1.0984,True,True,False,False,reported,Revenues,0.3774,0.2398,False,28.2,31.5
REPX,"Riley Exploration Permian, Inc.",USD,2025,7,,0.166,0.166,0.34,0.2692,2.2297,True,True,False,False,reported,RevenueFromContractWithCustomerExcludingAssessedTax,0.166,0.166,False,0.0,0.0
MEDP,"Medpace Holdings, Inc.",USD,2025,7,,0.9206,0.1647,0.2114,0.2199,1.429,True,True,False,False,reported,RevenueFromContractWithCustomerExcludingAssessedTax,,,True,108.3,144.3
RMD,ResMed Inc.,USD,2025,7,,0.2006,0.1605,0.3275,0.1264,0.9594,True,True,False,False,reported,RevenueFromContractWithCustomerExcludingAssessedTax,0.2453,0.1674,False,18.2,45.9
ECL,ECOLAB INC.,USD,2025,7,,0.2032,0.1595,0.1702,0.0601,1.0094,True,True,False,False,reported,RevenueFromContractWithCustomerExcludingAssessedTax,0.2164,0.1728,False,6.1,86.7
HRMY,"HARMONY BIOSCIENCES HOLDINGS, INC.",USD,2025,7,,0.1593,0.1593,0.24,0.2985,1.584,True,True,False,False,reported,RevenueFromContractWithCustomerExcludingAssessedTax,0.637,0.3499,False,75.0,0.0
QLYS,"QUALYS, INC.",USD,2025,7,,0.3125,0.1586,0.3317,0.1295,1.6107,True,True,False,False,reported,RevenueFromContractWithCustomerExcludingAssessedTax,,,True,44.6,1.3
XYF,X Financial,CNY,2025,7,,0.1562,0.1562,0.2134,0.2047,0.9273,True,True,False,False,reported,RevenueFromContractWithCustomerExcludingAssessedTax,0.1774,0.1774,False,12.0,0.0
WT,"WisdomTree, Inc.",USD,2025,7,,0.3327,0.1553,0.3528,0.1286,1.245,True,True,False,False,reported,Revenues,0.3327,0.1553,False,0.0,55.3
BMI,"BADGER METER, INC.",USD,2025,7,,0.2031,0.1543,0.2001,0.1606,1.166,True,True,False,False,reported,RevenueFromContractWithCustomerExcludingAssessedTax,0.2031,0.1543,False,0.0,33.0
AVGO,Broadcom Inc.,USD,2025,7,,0.2384,0.1543,0.3989,0.2351,1.526,True,True,False,False,reported,RevenueFromContractWithCustomerExcludingAssessedTax,0.2949,0.1785,False,19.2,115.8
ALLE,Allegion plc,USD,2025,7,,0.1678,0.1524,0.2113,0.0913,0.9634,True,True,False,False,reported,RevenueFromContractWithCustomerExcludingAssessedTax,0.1839,0.1684,False,8.8,47.2
TOL,"Toll Brothers, Inc.",USD,2025,7,,0.1644,0.1523,0.1569,0.0569,0.828,True,True,False,False,reported,RevenueFromContractWithCustomerIncludingAssessedTax,0.1939,0.1939,False,15.2,0.0
MCO,Moody’s Corporation,USD,2025,7,,0.2396,0.1501,0.4342,0.0555,1.0331,True,True,False,False,reported,RevenueFromContractWithCustomerExcludingAssessedTax,0.3078,0.1848,False,22.2,57.6
TT,TRANE TECHNOLOGIES PLC,USD,2025,7,,0.2375,0.144,0.1861,0.1082,0.9591,True,True,False,False,reported,RevenueFromContractWithCustomerExcludingAssessedTax,0.2742,0.1788,False,13.4,48.9
WTS,WATTS WATER TECHNOLOGIES INC,USD,2025,7,,0.1591,0.1439,0.1838,0.0775,1.0014,True,True,False,False,reported,RevenueFromContractWithCustomerExcludingAssessedTax,0.1945,0.1764,False,18.2,38.6
CUBE,CUBESMART,USD,2025,7,,0.2054,0.1438,0.6295,0.081,1.7429,True,True,False,False,derived,Revenues,0.2058,0.1443,False,0.2,0.0
GNTX,GENTEX CORPORATION,USD,2025,7,,0.1505,0.1415,0.187,0.1,0.8698,True,True,False,False,reported,RevenueFromContractWithCustomerExcludingAssessedTax,0.1602,0.1599,False,6.1,14.4
PRDO,Perdoceo Education Corporation,USD,2025,7,,0.1592,0.1411,0.2317,0.0512,1.204,True,True,False,False,reported,RevenueFromContractWithCustomerExcludingAssessedTax,0.4421,0.3524,False,64.0,27.3
ADSK,"AUTODESK, INC.",USD,2026,7,,0.2248,0.1395,0.219,0.1322,1.9641,True,True,False,False,reported,RevenueFromContractWithCustomerExcludingAssessedTax,0.4229,0.2814,False,46.8,77.5
NVMI,NOVA LTD.,USD,2025,7,,0.1519,0.1392,0.2878,0.2061,0.9451,True,True,False,False,reported,Revenues,0.2561,0.2447,False,40.7,6.9
HEI,HEICO Corporation,USD,2025,7,,0.187,0.1372,0.2272,0.2452,1.2008,True,True,False,False,reported,RevenueFromContractWithCustomerExcludingAssessedTax,0.1969,0.144,False,5.1,85.0
BRC,BRADY CORP,USD,2025,7,,0.1568,0.1371,0.1563,0.0723,0.9186,True,True,False,False,reported,RevenueFromContractWithCustomerExcludingAssessedTax,0.1837,0.1619,False,14.6,56.8
NTES,"NETEASE, INC.",CNY,2025,7,,0.1766,0.1361,0.3182,0.0648,1.2957,True,True,False,False,reported,RevenueFromContractWithCustomerExcludingAssessedTax,0.3134,0.1892,False,43.7,1.2
MGRC,McGRATH RENTCORP,USD,2025,7,,0.1556,0.1341,0.258,0.1528,1.2597,True,True,False,False,reported,Revenues,0.1556,0.1344,False,0.0,26.9
USLM,UNITED STATES LIME & MINERALS INC,USD,2025,7,,0.1977,0.1318,0.4235,0.1846,0.8052,True,True,False,False,reported,RevenueFromContractWithCustomerExcludingAssessedTax,0.4803,0.2121,False,58.8,0.0
FSS,FEDERAL SIGNAL CORPORATION,USD,2025,7,,0.1949,0.1317,0.1563,0.1579,0.7906,True,True,False,False,reported,RevenueFromContractWithCustomerExcludingAssessedTax,0.2043,0.1389,False,4.6,44.8
EXLS,"EXLSERVICE HOLDINGS, INC.",USD,2025,7,,0.2046,0.1292,0.1503,0.1679,1.062,True,True,False,False,reported,RevenueFromContractWithCustomerExcludingAssessedTax,0.2807,0.1929,False,27.1,34.6
AU,AngloGold Ashanti plc,USD,2025,7,,0.3696,0.1283,0.4784,0.2518,2.2076,True,True,False,False,derived,RevenueFromContractsWithCustomers,0.5185,0.1542,False,28.7,0.0
WHD,"Cactus, Inc.",USD,2025,7,,0.1614,0.1271,0.2321,0.2524,1.6116,True,True,False,False,reported,RevenueFromContractWithCustomerExcludingAssessedTax,0.1794,0.1794,False,10.1,16.6
NSSC,"NAPCO SECURITY TECHNOLOGIES, INC",USD,2025,7,,0.2167,0.1265,0.2547,0.1234,0.9381,True,True,False,False,reported,Revenues,0.5264,0.2149,False,58.8,0.0
HALO,"HALOZYME THERAPEUTICS, INC.",USD,2025,7,,0.1691,0.1261,0.3358,0.3323,1.2259,True,True,False,False,reported,RevenueFromContractWithCustomerExcludingAssessedTax,0.1801,0.161,False,6.1,26.5
GRMN,GARMIN LTD,USD,2025,7,,0.1652,0.123,0.2589,0.0981,0.7839,True,True,False,False,reported,RevenueFromContractWithCustomerExcludingAssessedTax,0.2377,0.1709,False,30.5,8.5
PH,PARKER-HANNIFIN CORPORATION,USD,2025,7,,0.1621,0.1166,0.219,0.0845,1.1715,True,True,False,False,reported,RevenueFromContractWithCustomerExcludingAssessedTax,0.1657,0.1191,False,2.2,50.5
BKNG,Booking Holdings Inc.,USD,2025,7,,0.5298,0.1153,0.3279,0.2519,1.6508,True,True,True,False,reported,Revenues,,,True,130.7,20.3
HUBB,HUBBELL INC,USD,2025,7,,0.1547,0.1144,0.2068,0.0865,0.9905,True,True,False,False,reported,RevenueFromContractWithCustomerExcludingAssessedTax,0.1683,0.1244,False,8.1,49.6
NJR,NEW JERSEY RESOURCES CORPORATION,USD,2025,7,,0.1554,0.1134,0.3766,0.1222,1.6269,True,True,False,False,reported,RevenueFromContractWithCustomerExcludingAssessedTax,0.1554,0.1137,False,0.0,0.0
FDS,FACTSET RESEARCH SYSTEMS INC.,USD,2025,7,,0.1663,0.1134,0.3223,0.099,1.1664,True,True,False,False,reported,RevenueFromContractWithCustomerExcludingAssessedTax,0.1848,0.1352,False,10.0,36.1
CAT,CATERPILLAR INC,USD,2025,7,,0.1531,0.1133,0.165,0.0731,0.9913,True,True,False,False,reported,Revenues,0.1853,0.1404,False,17.3,9.2
OMAB,Central North Airport Group,MXN,2024,7,,0.3031,0.112,0.5363,0.2945,1.239,True,True,False,False,reported,Revenue,0.329,0.148,False,7.9,0.0
UTHR,UNITED THERAPEUTICS Corp,USD,2025,7,,0.1662,0.1109,0.4689,0.1722,0.85,True,True,False,False,reported,RevenueFromContractWithCustomerExcludingAssessedTax,0.2824,0.2165,False,41.2,0.5
CAMT,Camtek Ltd.,USD,2025,7,,0.1641,0.1085,0.2584,0.1646,1.0753,True,True,False,False,reported,Revenues,0.2811,0.1532,False,41.6,0.0
IRMD,IRADIMED CORPORATION,USD,2025,7,,0.2183,0.1075,0.312,0.1899,0.7503,True,True,False,False,reported,RevenueFromContractWithCustomerExcludingAssessedTax,0.4753,0.4753,False,54.1,0.0
WCN,"WASTE CONNECTIONS, INC.",USD,2025,7,,0.1639,0.1073,0.1806,0.1138,1.4484,True,True,False,False,reported,RevenueFromContractWithCustomerExcludingAssessedTax,0.1648,0.1082,False,0.6,101.8
STRL,"Sterling Infrastructure, Inc.",USD,2025,7,,0.2291,0.1043,0.163,0.1519,1.711,True,True,False,False,reported,RevenueFromContractWithCustomerExcludingAssessedTax,0.3179,0.1128,False,27.9,41.8
PAC,Pacific Airport Group,MXN,2024,7,,0.3556,0.1035,0.4477,0.2973,1.6448,True,True,False,False,reported,Revenue,0.5955,0.2052,False,40.3,0.0
DXCM,"DEXCOM, INC.",USD,2025,7,,0.2623,0.1028,0.1956,0.1747,1.0262,True,True,False,False,reported,RevenueFromContractWithCustomerExcludingAssessedTax,,,True,33.4,0.9
DOCS,"Doximity, Inc.",USD,2026,7,,0.1786,0.1021,0.3333,0.1705,1.3017,True,True,False,False,reported,RevenueFromContractWithCustomerExcludingAssessedTax,0.2321,0.1171,False,23.1,8.9
VRSK,"Verisk Analytics, Inc.",USD,2025,7,,0.1611,0.1012,0.4374,0.0569,1.1251,True,True,False,False,reported,RevenueFromContractWithCustomerExcludingAssessedTax,0.2406,0.1029,False,33.0,28.5
NVDA,NVIDIA CORP,USD,2026,7,,0.6214,0.101,0.6038,0.683,0.8297,True,True,False,False,reported,Revenues,0.6639,0.1689,False,6.4,12.6
PLNT,"PLANET FITNESS, INC.",USD,2025,7,,0.1559,0.101,0.2981,0.2255,1.3597,True,True,True,False,reported,RevenueFromContractWithCustomerExcludingAssessedTax,0.2015,0.1308,False,22.6,35.6
SYY,Sysco Corporation,USD,2025,6,営業利益率,1.3331,0.7362,0.038,0.1223,1.1333,True,True,False,False,reported,RevenueFromContractWithCustomerExcludingAssessedTax,,,True,59.3,285.8
AAPL,Apple Inc.,USD,2025,6,売上CAGR,0.6393,0.4734,0.3197,0.0328,1.0288,True,True,False,False,reported,RevenueFromContractWithCustomerExcludingAssessedTax,0.958,0.7222,False,33.3,0.0
NRC,NRC Health,USD,2025,6,売上CAGR,1.2756,0.4654,0.1644,-0.0183,0.9114,True,True,False,False,reported,RevenueFromContractWithCustomerExcludingAssessedTax,1.8116,0.7478,False,29.6,472.9
WSM,"WILLIAMS-SONOMA, INC.",USD,2026,6,売上CAGR,0.537,0.4619,0.1813,-0.0136,1.0207,True,True,False,False,reported,RevenueFromContractWithCustomerExcludingAssessedTax,1.0524,0.8876,False,49.0,3.7
APAM,Artisan Partners Asset Management Inc.,USD,2025,6,売上CAGR,0.5021,0.4576,0.3339,-0.0063,1.1369,True,True,False,False,reported,RevenueFromContractWithCustomerExcludingAssessedTax,0.5021,0.4576,False,0.0,0.0
BKE,"BUCKLE, INC",USD,2026,6,売上CAGR,0.4864,0.4499,0.2014,0.0006,0.9938,True,True,False,False,reported,RevenueFromContractWithCustomerExcludingAssessedTax,0.5164,0.4767,False,5.8,0.0
UI,UBIQUITI INC.,USD,2025,6,FCFマイナス,0.7198,0.4471,0.325,0.0791,0.7875,True,False,True,False,reported,RevenueFromContractWithCustomerExcludingAssessedTax,0.8601,0.5078,False,16.3,0.0
MCK,McKESSON CORPORATION,USD,2026,6,営業利益率,1.1271,0.4464,0.0154,0.1119,1.5232,True,True,True,False,reported,RevenueFromContractWithCustomerExcludingAssessedTax,,,True,91.3,259.9
MTD,Mettler-Toledo International Inc.,USD,2025,6,売上CAGR,0.4428,0.4428,0.2963,0.0201,0.988,True,True,True,False,derived,RevenueFromContractWithCustomerExcludingAssessedTax,0.4428,0.4428,False,0.0,34.7
ULTA,"ULTA BEAUTY, INC.",USD,2026,6,営業利益率,0.432,0.432,0.1237,0.0947,0.8735,True,True,False,False,reported,Revenues,0.5244,0.5244,False,17.6,8.1
TJX,"THE TJX COMPANIES, INC.",USD,2026,6,営業利益率,0.4342,0.3949,0.1189,0.056,0.837,True,True,False,False,derived,RevenueFromContractWithCustomerIncludingAssessedTax,0.8304,0.8304,False,47.7,0.7
ASAIY,Sendas Distributor S.A.,BRL,2024,6,営業利益率,0.433,0.3924,0.0521,0.1963,1.8293,True,True,False,False,reported,Revenue,,,True,80.3,0.0
CLX,CLOROX CO /DE/,USD,2025,6,売上CAGR,0.5543,0.3804,0.277,-0.0082,1.5156,True,True,False,False,derived,RevenueFromContractWithCustomerExcludingAssessedTax,0.5894,0.4049,False,6.0,43.8
BBWI,"BATH & BODY WORKS, INC.",USD,2026,6,売上CAGR,0.3816,0.3677,0.1544,-0.0193,0.9464,True,True,True,False,reported,RevenueFromContractWithCustomerExcludingAssessedTax,0.6455,0.548,False,40.9,26.9
MAS,Masco Corporation,USD,2025,6,売上CAGR,0.3572,0.3572,0.165,-0.0252,1.1494,True,True,True,False,reported,RevenueFromContractWithCustomerExcludingAssessedTax,0.4666,0.4666,False,23.4,22.6
UL,UNILEVER PLC,EUR,2025,6,売上CAGR,0.4597,0.3489,0.1789,-0.0094,1.017,True,True,False,False,reported,Revenue,0.616,0.5021,False,25.4,114.0
MO,"ALTRIA GROUP, INC.",USD,2025,6,売上CAGR,0.3522,0.3454,0.4252,-0.0274,1.2453,True,True,True,False,reported,RevenueFromContractWithCustomerExcludingAssessedTax,0.441,0.4171,False,20.1,26.1
HRB,"H&R Block, Inc.",USD,2025,6,売上CAGR,0.4134,0.33,0.2201,0.0245,1.1506,True,True,False,False,derived,RevenueFromContractWithCustomerExcludingAssessedTax,1.0923,0.6695,False,62.2,50.7
WH,"Wyndham Hotels & Resorts, Inc.",USD,2025,6,売上CAGR,0.6786,0.3235,0.2813,0.0351,1.2044,True,True,False,False,reported,RevenueFromContractWithCustomerExcludingAssessedTax,0.7861,0.3838,False,13.7,325.9
JFIN,Jiayin Group Inc.,CNY,2025,6,FCF転換,0.3203,0.3151,0.2889,0.3673,0.3545,True,True,False,True,reported,Revenues,,,True,1.4,0.0
BHP,BHP GROUP LIMITED,USD,2025,6,売上CAGR,0.3226,0.3092,0.3797,-0.0258,1.1251,True,True,False,False,reported,Revenue,0.4299,0.4288,False,25.0,2.8
EQNR,EQUINOR ASA,USD,2025,6,売上CAGR,0.3011,0.3011,0.2381,0.0402,1.2547,True,True,False,False,reported,Revenue,0.4244,0.4244,False,29.1,0.0
CVX,Chevron Corp,USD,2025,6,売上CAGR,0.2957,0.2957,0.3831,0.0434,1.0749,True,True,False,False,derived,RevenueFromContractWithCustomerExcludingAssessedTax,0.2957,0.2957,False,0.0,2.4
CSV,"CARRIAGE SERVICES, INC.",USD,2025,6,売上CAGR,0.2956,0.2956,0.2339,0.0266,1.184,True,True,False,False,reported,RevenueFromContractWithCustomerExcludingAssessedTax,0.2976,0.2976,False,0.6,164.0
SBUX,Starbucks Corporation,USD,2025,6,営業利益率,0.2908,0.2908,0.079,0.0636,0.9586,True,True,True,False,reported,Revenues,0.3001,0.3001,False,3.1,42.2
GWW,"W.W. GRAINGER, INC.",USD,2025,6,営業利益率,0.3167,0.2885,0.1391,0.0834,0.7774,True,True,False,False,reported,RevenueFromContractWithCustomerExcludingAssessedTax,0.3495,0.3059,False,9.4,5.8
CRVL,CORVEL CORPORATION,USD,2026,6,営業利益率,0.2868,0.2868,0.1493,0.1036,0.881,True,True,False,False,derived,RevenueFromContractWithCustomerExcludingAssessedTax,0.7016,0.5105,False,59.1,9.3
FIZZ,National Beverage Corp.,USD,2026,6,売上CAGR,0.286,0.286,0.1949,0.0092,0.8703,True,True,False,False,reported,Revenues,0.6352,0.6352,False,55.0,2.1
RRC,RANGE RESOURCES CORPORATION,USD,2025,6,売上CAGR,0.3758,0.2852,0.8782,-0.0442,1.6963,True,True,False,False,derived,RevenueFromContractWithCustomerExcludingAssessedTax,0.3758,0.3015,False,0.0,0.0
CSX,CSX CORPORATION,USD,2025,6,売上CAGR,0.2714,0.2714,0.3208,0.03,0.8039,True,True,False,False,reported,RevenueFromContractWithCustomerExcludingAssessedTax,0.2715,0.2715,False,0.0,0.6
FORTY,FORMULA SYSTEMS (1985) LTD.,USD,2024,6,営業利益率,0.3083,0.2679,0.0962,0.0927,3.8801,True,True,False,False,derived,Revenue,1.2211,1.0879,False,74.7,143.5
JNJ,Johnson & Johnson,USD,2025,6,売上CAGR,0.2586,0.2586,0.4274,0.0334,0.8756,True,True,False,False,derived,RevenueFromContractWithCustomerExcludingAssessedTax,0.3092,0.3092,False,16.3,39.7
ACN,Accenture plc,USD,2025,6,営業利益率,0.258,0.258,0.1468,0.0836,1.3209,True,True,False,False,reported,Revenues,0.4075,0.3129,False,36.7,72.0
CL,COLGATE-PALMOLIVE COMPANY,USD,2025,6,売上CAGR,0.3248,0.2496,0.1622,0.04,1.3164,True,True,False,False,reported,RevenueFromContractWithCustomerExcludingAssessedTax,0.393,0.2727,False,17.4,38.8
ODFL,"OLD DOMINION FREIGHT LINE, INC.",USD,2025,6,売上CAGR,0.2494,0.2494,0.2476,0.0112,0.7224,True,True,False,False,reported,RevenueFromContractWithCustomerIncludingAssessedTax,0.2566,0.2566,False,2.8,0.0
MCD,McDONALD’S CORPORATION,USD,2025,6,売上CAGR,0.2516,0.2476,0.461,0.0373,0.8647,True,True,True,False,reported,Revenues,0.2567,0.2567,False,2.0,8.6
ITW,ILLINOIS TOOL WORKS INC,USD,2025,6,売上CAGR,0.3053,0.2474,0.2628,0.0264,0.8421,True,True,False,False,reported,RevenueFromContractWithCustomerExcludingAssessedTax,0.3312,0.2868,False,7.8,46.7
COKE,"COCA-COLA CONSOLIDATED, INC.",USD,2025,6,営業利益率,0.3859,0.2417,0.1315,0.0677,1.0195,True,True,True,False,reported,RevenueFromContractWithCustomerExcludingAssessedTax,0.4512,0.2683,False,14.5,8.5
DLO,DLocal Limited,USD,2025,6,FCFマイナス,0.3052,0.227,0.2011,0.4548,1.4266,True,False,False,False,reported,Revenue,,,True,126.5,0.0
NTAP,"NetApp, Inc.",USD,2026,6,売上CAGR,0.3446,0.2267,0.2417,0.0232,1.1645,True,True,False,False,reported,RevenueFromContractWithCustomerExcludingAssessedTax,,,True,93.4,72.2
COR,"CENCORA, INC.",USD,2025,6,営業利益率,0.2265,0.2265,0.0082,0.107,1.7512,True,True,True,False,reported,Revenues,0.4315,0.4265,False,47.5,149.2
GIC,Global Industrial Company,USD,2025,6,営業利益率,0.2462,0.2262,0.0708,0.0672,0.8264,True,True,False,False,reported,RevenueFromContractWithCustomerExcludingAssessedTax,0.3138,0.2689,False,21.6,13.0
BXP,"BXP, INC.",USD,2025,6,売上CAGR,0.2901,0.2252,0.5427,0.0478,2.897,True,True,False,False,derived,Revenues,0.4069,0.2441,False,28.7,0.0
GTE,GRAN TIERRA ENERGY INC.,USD,2025,6,FCF転換,0.2314,0.2239,0.4539,0.0594,,True,True,False,False,derived,RevenueFromContractWithCustomerExcludingAssessedTax,0.2542,0.2298,False,9.0,0.0
TXRH,"Texas Roadhouse, Inc.",USD,2025,6,営業利益率,0.2567,0.2219,0.0808,0.1413,0.8999,True,True,False,False,reported,RevenueFromContractWithCustomerExcludingAssessedTax,0.2828,0.2696,False,9.2,16.6
MLI,MUELLER INDUSTRIES INC,USD,2025,6,売上CAGR,0.2359,0.2194,0.2294,0.0261,0.9153,True,True,False,False,reported,RevenueFromContractWithCustomerExcludingAssessedTax,0.416,0.3548,False,43.3,9.3
TSM,Taiwan Semiconductor Manufacturing Compa,TWD,2024,6,FCF転換,0.2442,0.212,0.4568,0.2125,0.5549,True,True,False,False,reported,Revenue,0.4861,0.3698,False,49.8,0.0
CCSI,"Consensus Cloud Solutions, Inc.",USD,2025,6,売上CAGR,0.21,0.21,0.4296,-0.0021,1.4979,True,True,True,False,reported,RevenueFromContractWithCustomerExcludingAssessedTax,0.242,0.242,False,13.2,62.5
AMBIQ,AMBIPAR EMERGENCY RESPONSE,BRL,2024,6,営業利益率,0.2113,0.2098,0.1495,0.7281,3.9355,True,True,False,False,reported,Revenue,0.2632,0.2632,False,19.7,0.0
GPI,"Group 1 Automotive, Inc",USD,2025,6,営業利益率,0.2079,0.2079,0.0325,0.1375,0.8491,True,True,False,False,reported,RevenueFromContractWithCustomerExcludingAssessedTax,0.2104,0.2104,False,1.2,79.1
ODD,Oddity Tech Ltd,USD,2025,6,営業利益率,0.2366,0.2074,0.1467,0.3812,1.1358,True,True,False,False,reported,RevenueFromContractWithCustomerExcludingAssessedTax,,,True,104.3,16.4
WDFC,WD-40 COMPANY,USD,2025,6,FCFマイナス,0.2309,0.206,0.1674,0.0616,0.8971,True,False,False,False,reported,RevenueFromContractWithCustomerExcludingAssessedTax,0.2761,0.2322,False,16.4,27.4
TGLS,TECNOGLASS INC.,USD,2025,6,FCF転換,0.206,0.206,0.2346,0.1862,0.4434,True,True,False,False,reported,RevenueFromContractWithCustomerExcludingAssessedTax,0.2335,0.2335,False,11.8,3.4
COST,COSTCO WHOLESALE CORP /NEW,USD,2025,6,営業利益率,0.2347,0.2034,0.0377,0.0887,0.9225,True,True,False,False,reported,RevenueFromContractWithCustomerExcludingAssessedTax,0.4171,0.3812,False,43.7,0.0
NVEC,NVE Corporation,USD,2026,6,売上CAGR,0.2159,0.1998,0.6046,-0.0061,0.8976,True,True,False,False,reported,Revenues,0.3274,0.3117,False,34.1,0.0
TRN,TRINITY INDUSTRIES INC,USD,2025,6,FCFマイナス,0.4761,0.197,0.301,0.0922,1.9931,True,False,False,False,reported,Revenues,0.5855,0.2352,False,18.7,20.6
MKTX,MARKETAXESS HOLDINGS INC.,USD,2025,6,売上CAGR,0.2357,0.1925,0.4039,0.049,1.2541,True,True,False,False,reported,RevenueFromContractWithCustomerExcludingAssessedTax,0.4314,0.2957,False,45.4,24.8
FSV,FirstService Corporation,USD,2025,6,営業利益率,0.1941,0.1889,0.0615,0.1405,0.9872,True,True,False,False,reported,RevenueFromContractWithCustomerIncludingAssessedTax,0.2186,0.2186,False,11.2,109.1
SHW,THE SHERWIN-WILLIAMS COMPANY,USD,2025,6,売上CAGR,0.2115,0.1862,0.1621,0.0427,0.9128,True,True,False,False,derived,RevenueFromContractWithCustomerExcludingAssessedTax,0.2146,0.189,False,1.5,56.3
EME,"EMCOR Group, Inc.",USD,2025,6,営業利益率,0.3684,0.1862,0.1009,0.1444,1.1005,True,True,False,False,reported,Revenues,0.5283,0.293,False,30.3,38.4
DCI,"DONALDSON COMPANY, INC.",USD,2025,6,営業利益率,0.1842,0.1842,0.1342,0.0664,0.9565,True,True,False,False,reported,RevenueFromContractWithCustomerIncludingAssessedTax,0.2013,0.2013,False,8.5,23.2
PG,PROCTER & GAMBLE CO,USD,2025,6,売上CAGR,0.1955,0.1839,0.2426,0.0258,0.9859,True,True,False,False,reported,Revenues,0.1955,0.1839,False,0.0,50.4
DG,DOLLAR GENERAL CORP,USD,2026,6,営業利益率,0.2045,0.1827,0.0516,0.0571,0.767,True,True,False,False,reported,RevenueFromContractWithCustomerExcludingAssessedTax,0.2361,0.2089,False,13.4,51.0
FCX,Freeport-McMoRan Inc.,USD,2025,6,売上CAGR,0.1821,0.1821,0.2588,0.0295,0.8161,True,True,False,False,reported,RevenueFromContractWithCustomerExcludingAssessedTax,0.2106,0.2106,False,13.5,0.0
WMB,"WILLIAMS COMPANIES, INC.",USD,2025,6,売上CAGR,0.2588,0.182,0.2816,0.039,1.0502,True,True,False,False,reported,RevenueFromContractWithCustomerExcludingAssessedTax,0.2588,0.182,False,0.0,3.6
WAT,Waters Corporation,USD,2025,6,売上CAGR,0.1807,0.1807,0.2536,0.0324,1.016,True,True,False,False,reported,RevenueFromContractWithCustomerExcludingAssessedTax,0.2171,0.2086,False,16.8,38.2
AWI,"ARMSTRONG WORLD INDUSTRIES, INC.",USD,2025,6,FCF転換,0.2604,0.1784,0.2659,0.1001,0.6716,True,True,False,False,reported,RevenueFromContractWithCustomerExcludingAssessedTax,0.2849,0.1951,False,8.6,16.7
BMY,Bristol-Myers Squibb Company,USD,2025,6,売上CAGR,0.2127,0.1773,0.3536,0.0096,3.4248,True,True,False,False,derived,Revenues,0.2558,0.2124,False,16.9,34.4
NSC,NORFOLK SOUTHERN CORP,USD,2025,6,売上CAGR,0.213,0.1762,0.3576,0.0225,0.7163,True,True,False,False,reported,RevenueFromContractWithCustomerExcludingAssessedTax,0.2353,0.2008,False,9.5,0.0
QFIN,"Qfin Holdings, Inc.",CNY,2025,6,売上CAGR,0.2188,0.1749,0.3477,0.0366,1.4746,True,True,False,False,reported,RevenueFromContractWithCustomerExcludingAssessedTax,0.3185,0.2162,False,31.3,0.0
ABG,"ASBURY AUTOMOTIVE GROUP, INC.",USD,2025,6,営業利益率,0.1747,0.1747,0.0478,0.163,1.1848,True,True,False,False,reported,Revenues,0.1747,0.1747,False,0.0,58.6
GGG,GRACO INC.,USD,2025,6,売上CAGR,0.186,0.1743,0.2794,0.0299,0.8773,True,True,False,False,reported,Revenues,0.2432,0.2359,False,23.5,22.1
CLMB,"CLIMB GLOBAL SOLUTIONS, INC.",USD,2025,6,営業利益率,0.1978,0.1742,0.0447,0.2327,1.3757,True,True,False,False,reported,RevenueFromContractWithCustomerExcludingAssessedTax+Revenues,0.2881,0.2881,False,31.4,31.6
CF,"CF INDUSTRIES HOLDINGS, INC.",USD,2025,6,売上CAGR,0.2256,0.1734,0.3247,0.0203,1.1226,True,True,False,False,reported,Revenues,0.2256,0.1734,False,0.0,31.0
GPC,GENUINE PARTS CO,USD,2025,6,営業利益率,0.1709,0.1709,0.0736,0.0653,0.9495,True,True,False,False,derived,RevenueFromContractWithCustomerExcludingAssessedTax,0.1709,0.1709,False,0.0,38.5
HIW,"HIGHWOODS PROPERTIES, INC.",USD,2025,6,売上CAGR,0.1809,0.1695,0.6758,0.0122,2.1934,True,True,False,False,reported,Revenues,0.183,0.1711,False,1.1,0.0
VZ,VERIZON COMMUNICATIONS INC,USD,2025,6,売上CAGR,0.1859,0.1693,0.2117,0.0085,2.0453,True,True,False,False,reported,Revenues,0.2195,0.1726,False,15.3,18.4
ARHS,"Arhaus, Inc.",USD,2025,6,営業利益率,0.1679,0.1679,0.0644,0.147,0.7023,True,True,False,False,reported,RevenueFromContractWithCustomerExcludingAssessedTax,,,True,60.6,2.6
DFIN,"Donnelley Financial Solutions, Inc.",USD,2025,6,売上CAGR,0.2046,0.165,0.184,-0.0626,1.1175,True,True,False,False,reported,RevenueFromContractWithCustomerExcludingAssessedTax,0.2143,0.1726,False,4.5,74.5
BH-A,BIGLARI HOLDINGS INC.,USD,2025,6,売上CAGR,0.2088,0.1648,0.3722,0.0193,23.7495,True,True,False,False,derived,RevenueFromContractWithCustomerExcludingAssessedTax,0.4039,0.1776,False,48.3,9.4
BIIB,BIOGEN INC.,USD,2025,6,売上CAGR,0.1626,0.1626,0.5109,-0.0258,1.2163,True,True,False,False,derived,Revenues,0.1682,0.1682,False,3.3,26.4
IPAR,"INTERPARFUMS, INC.",USD,2025,6,FCFマイナス,0.2021,0.1623,0.1816,0.1406,0.7067,True,False,False,False,reported,RevenueFromContractWithCustomerIncludingAssessedTax,0.2322,0.2086,False,13.0,0.0
AMX,AMERICA MOVIL SAB DE CV/,MXN,2024,6,売上CAGR,0.1709,0.1609,0.2072,0.0161,1.4841,True,True,False,False,reported,Revenue,0.1788,0.1692,False,4.4,18.8
PMTS,CPI Card Group Inc.,USD,2025,6,営業利益率,0.1609,0.1609,0.1009,0.0971,1.1416,True,True,True,False,reported,RevenueFromContractWithCustomerExcludingAssessedTax,0.175,0.175,False,8.1,18.1
YETI,"YETI Holdings, Inc.",USD,2026,6,営業利益率,0.2334,0.1608,0.1143,0.1438,1.4181,True,True,False,False,reported,RevenueFromContractWithCustomerExcludingAssessedTax,0.2334,0.1608,False,0.0,10.0
PRKS,United Parks & Resorts Inc.,USD,2025,6,売上CAGR,0.1606,0.1606,0.2198,0.0254,1.1313,True,True,True,False,reported,RevenueFromContractWithCustomerExcludingAssessedTax,0.1701,0.1701,False,5.6,3.7
HLI,"Houlihan Lokey, Inc.",USD,2026,6,売上CAGR,0.1777,0.1605,0.2013,0.0363,1.4274,True,True,False,False,reported,RevenueFromContractWithCustomerExcludingAssessedTax,0.3611,0.2643,False,50.8,59.6
LOGI,LOGITECH INTERNATIONAL S.A.,USD,2026,6,売上CAGR,0.2769,0.1604,0.1601,-0.0306,1.1816,True,True,False,False,reported,RevenueFromContractWithCustomerExcludingAssessedTax,1.3034,0.3267,False,78.8,21.0
GOOS,CANADA GOOSE HOLDINGS INC.,CAD,2025,6,営業利益率,0.2311,0.16,0.1217,0.1052,2.1349,True,True,False,False,reported,Revenue,0.5724,0.3415,False,59.6,12.8
TROW,PRICE T ROWE GROUP INC,USD,2025,6,売上CAGR,0.1592,0.1592,0.2992,-0.0118,0.8465,True,True,False,False,reported,RevenueFromContractWithCustomerExcludingAssessedTax,0.2311,0.2109,False,31.1,24.3
OFLX,"Omega Flex, Inc.",USD,2025,6,売上CAGR,0.1589,0.1589,0.1722,-0.0675,0.9134,True,True,False,False,reported,RevenueFromContractWithCustomerExcludingAssessedTax,0.432,0.432,False,63.2,4.2
ABEV,AMBEV S.A.,BRL,2025,6,売上CAGR,0.2044,0.1589,0.2642,0.0491,1.247,True,True,False,False,reported,Revenue,0.2639,0.2015,False,22.5,46.1
UG,"UNITED-GUARDIAN, INC.",USD,2025,6,売上CAGR,0.1578,0.1578,0.2127,-0.0672,1.0264,True,True,False,False,reported,RevenueFromContractWithCustomerIncludingAssessedTax,0.6667,0.6667,False,76.3,0.0
EMBC,EMBECTA CORP.,USD,2025,6,売上CAGR,0.2558,0.1575,0.2241,-0.0187,1.1916,True,True,True,False,reported,RevenueFromContractWithCustomerExcludingAssessedTax,0.3663,0.2316,False,30.2,2.1
IP,INTERNATIONAL PAPER COMPANY,USD,2025,6,FCFマイナス,0.1585,0.1574,0.2093,0.0511,6.9795,True,False,False,False,derived,RevenueFromContractWithCustomerExcludingAssessedTax,0.1662,0.1662,False,4.6,21.6
SEIC,SEI INVESTMENTS COMPANY,USD,2025,6,売上CAGR,0.2025,0.1573,0.2731,0.0461,0.982,True,True,False,False,reported,Revenues,0.242,0.242,False,16.3,14.5
TER,"TERADYNE, INC.",USD,2025,6,売上CAGR,0.1837,0.1567,0.2038,-0.0366,0.8337,True,True,False,False,reported,Revenues,0.2053,0.2053,False,10.5,18.6
UNP,UNION PACIFIC CORP,USD,2025,6,売上CAGR,0.1547,0.1515,0.4017,0.0297,0.8289,True,True,False,False,reported,RevenueFromContractWithCustomerExcludingAssessedTax,0.1595,0.155,False,3.0,0.0
RL,RALPH LAUREN CORPORATION,USD,2026,6,営業利益率,0.2283,0.1512,0.1453,0.0688,1.3281,True,True,False,False,reported,Revenues,0.4622,0.2777,False,50.6,22.2
CTSH,COGNIZANT TECHNOLOGY SOLUTIONS CORPORATI,USD,2025,6,売上CAGR,0.1717,0.1492,0.1606,0.0334,0.9877,True,True,False,False,reported,RevenueFromContractWithCustomerExcludingAssessedTax,0.1958,0.1748,False,12.3,45.6
KRT,Karat Packaging Inc.,USD,2025,6,営業利益率,0.2015,0.1474,0.0885,0.0645,1.1707,True,True,False,False,reported,RevenueFromContractWithCustomerExcludingAssessedTax,0.2628,0.1555,False,23.3,2.2
WU,THE WESTERN UNION COMPANY,USD,2025,6,売上CAGR,0.1557,0.1463,0.1952,-0.055,0.8452,True,True,False,False,reported,RevenueFromContractWithCustomerExcludingAssessedTax,0.2294,0.2294,False,32.1,54.6
ALSN,"ALLISON TRANSMISSION HOLDINGS, INC.",USD,2025,6,ROIC,0.1461,0.1461,0.2924,0.058,0.976,True,True,False,False,reported,RevenueFromContractWithCustomerExcludingAssessedTax,0.2131,0.1752,False,31.4,43.6
CPRT,"COPART, INC.",USD,2025,6,ROIC,0.1459,0.1459,0.3651,0.1462,0.7131,True,True,False,False,reported,RevenueFromContractWithCustomerIncludingAssessedTax,0.1459,0.1459,False,0.0,5.6
MGY,Magnolia Oil & Gas Corp,USD,2025,6,ROIC,0.145,0.145,0.3348,0.0502,1.9829,True,True,False,False,reported,Revenues,0.1632,0.1632,False,11.2,0.0
MPWR,MONOLITHIC POWER SYSTEMS INC,USD,2025,6,FCF転換,0.163,0.1444,0.2611,0.2329,0.6934,True,True,False,False,reported,RevenueFromContractWithCustomerExcludingAssessedTax,0.253,0.204,False,35.6,0.7
KGS,"Kodiak Gas Services, Inc.",USD,2025,6,FCFマイナス,0.2225,0.1435,0.2599,0.2119,0.7548,True,False,False,False,reported,RevenueFromContractWithCustomerExcludingAssessedTax,0.2225,0.1435,False,0.0,0.0
GCT,GIGACLOUD TECHNOLOGY INC,USD,2025,6,営業利益率,0.2358,0.1418,0.1124,0.3284,1.2425,True,True,False,False,reported,Revenues+RevenueFromContractWithCustomerExcludingAssessedTax,1.6431,0.5359,False,85.7,0.0
WMT,WALMART INC.,USD,2026,6,営業利益率,0.171,0.1397,0.0422,0.0561,0.8001,True,True,False,False,reported,RevenueFromContractWithCustomerExcludingAssessedTax,0.1854,0.151,False,7.8,20.9
FELE,"FRANKLIN ELECTRIC CO., INC.",USD,2025,6,営業利益率,0.1569,0.1391,0.1262,0.0642,0.9827,True,True,False,False,reported,RevenueFromContractWithCustomerExcludingAssessedTax,0.1694,0.1489,False,7.4,29.4
SNA,Snap-on Inc,USD,2026,6,ROIC,0.1474,0.1389,0.2819,0.0717,1.0265,True,True,False,False,reported,RevenueFromContractWithCustomerExcludingAssessedTax,0.1909,0.1703,False,22.8,15.6
MRSH,"Marsh & McLennan Companies, Inc.",USD,2025,6,ROIC,0.1409,0.1373,0.2306,0.0802,1.0421,True,True,False,False,reported,RevenueFromContractWithCustomerExcludingAssessedTax+RevenueF,0.1526,0.1478,False,7.7,69.7
DRI,"DARDEN RESTAURANTS, INC.",USD,2025,6,営業利益率,0.2424,0.1369,0.1128,0.1382,1.0551,True,True,False,False,reported,RevenueFromContractWithCustomerExcludingAssessedTax,0.2562,0.2027,False,5.4,37.4
CVCO,"Cavco Industries, Inc.",USD,2026,6,営業利益率,0.1637,0.1368,0.1018,0.0837,0.9738,True,True,False,False,reported,RevenueFromContractWithCustomerExcludingAssessedTax,0.2124,0.2124,False,22.9,18.9
AOS,A. O. Smith Corporation,USD,2025,6,売上CAGR,0.2859,0.1367,0.1902,0.02,1.0616,True,True,False,False,reported,RevenueFromContractWithCustomerExcludingAssessedTax,0.3163,0.1776,False,9.6,35.3
NGVC,"Natural Grocers by Vitamin Cottage, Inc.",USD,2025,6,営業利益率,0.2306,0.1359,0.0466,0.0597,0.8762,True,True,False,False,reported,RevenueFromContractWithCustomerExcludingAssessedTax,0.2508,0.1511,False,8.1,2.4
CMCSA,Comcast Corporation,USD,2025,6,売上CAGR,0.1588,0.1342,0.1671,0.0154,1.2573,True,True,False,False,reported,RevenueFromContractWithCustomerExcludingAssessedTax+Revenues,0.1749,0.1431,False,9.2,59.8
CPAC,CEMENTOS PACASMAYO SAA,PEN,2024,6,FCFマイナス,0.2547,0.1316,0.1977,0.1187,0.7934,True,False,False,False,reported,Revenue,0.2709,0.1362,False,6.0,0.4
CRAI,"CRA International, Inc.",USD,2026,6,営業利益率,0.3074,0.1315,0.1106,0.1027,0.8087,True,True,False,False,reported,RevenueFromContractWithCustomerExcludingAssessedTax,0.3361,0.1683,False,8.5,44.3
NEU,NEWMARKET CORPORATION,USD,2025,6,売上CAGR,0.1614,0.1312,0.1995,0.037,0.9313,True,True,False,False,reported,RevenueFromContractWithCustomerExcludingAssessedTax,0.1662,0.1653,False,2.9,0.0
AON,Aon plc,USD,2025,6,ROIC,0.1395,0.1309,0.2528,0.0895,1.1199,True,True,True,False,reported,RevenueFromContractWithCustomerExcludingAssessedTax,0.1574,0.1388,False,11.4,64.2
WIT,WIPRO LIMITED,INR,2025,6,ROIC,0.1339,0.1309,0.1698,0.0951,1.1184,True,True,False,False,reported,Revenue,0.3331,0.2499,False,59.8,36.4
FFIV,"F5, INC.",USD,2025,6,売上CAGR,0.1685,0.1292,0.248,0.0436,1.4263,True,True,False,False,reported,RevenueFromContractWithCustomerExcludingAssessedTax,0.2692,0.187,False,37.4,68.0
NFLX,"Netflix, Inc.",USD,2025,6,FCFマイナス,0.2563,0.1267,0.2949,0.1106,0.7144,True,False,False,False,reported,Revenues,0.3288,0.1531,False,22.1,0.0
ATEN,"A10 NETWORKS, INC.",USD,2025,6,売上CAGR,0.176,0.1263,0.1622,0.0383,1.0102,True,True,False,False,reported,RevenueFromContractWithCustomerExcludingAssessedTax,,,True,178.6,7.2
CI,The Cigna Group,USD,2025,6,営業利益率,0.1718,0.1263,0.0335,0.121,1.723,True,True,False,False,reported,Revenues,0.2165,0.1437,False,20.6,106.2
ISSC,"INNOVATIVE SOLUTIONS AND SUPPORT, INC.",USD,2025,6,FCF転換,0.2455,0.1254,0.2381,0.383,0.6094,True,True,False,False,reported,RevenueFromContractWithCustomerIncludingAssessedTax,0.2561,0.1636,False,4.2,0.0
FUTU,Futu Holdings Ltd,HKD,2025,6,FCFマイナス,0.2781,0.1198,1.3318,0.2821,2.7789,True,False,False,True,reported,RevenueFromContractWithCustomerExcludingAssessedTax,0.4869,0.1648,False,42.9,0.0
YALA,YALLA GROUP LIMITED,USD,2025,6,ROIC,0.1192,0.1192,0.3574,0.0578,1.2683,True,True,False,False,reported,Revenues,,,True,82.5,0.0
GRVY,"GRAVITY CO., LTD.",KRW,2024,6,ROIC,0.1188,0.1188,0.1705,0.0539,1.0418,True,True,False,False,reported,RevenueFromContractsWithCustomers,0.1991,0.1991,False,40.3,0.0
WSC,WILLSCOT HOLDINGS CORPORATION,USD,2025,6,営業利益率,0.1674,0.1188,0.0795,0.0806,3.3967,True,True,False,False,reported,Revenues,0.1703,0.1192,False,1.7,146.9
CRUS,"Cirrus Logic, Inc.",USD,2026,6,売上CAGR,0.1709,0.1186,0.2305,0.029,1.2112,True,True,False,False,reported,RevenueFromContractWithCustomerExcludingAssessedTax,0.2741,0.1623,False,37.6,20.5
EXP,EAGLE MATERIALS INC.,USD,2026,6,ROIC,0.1185,0.1185,0.2103,0.0553,0.8493,True,True,False,False,derived,RevenueFromContractWithCustomerExcludingAssessedTax,0.1306,0.1306,False,9.2,14.5
RCI,Rogers Communications Inc.,CAD,2025,6,ROIC,0.1209,0.1175,0.4523,0.1033,2.0126,True,True,False,False,reported,RevenueFromContractsWithCustomers,0.1235,0.1188,False,2.1,31.2
MTCH,"Match Group, Inc.",USD,2025,6,売上CAGR,0.2092,0.1171,0.2502,0.0398,1.6489,True,True,True,False,reported,RevenueFromContractWithCustomerExcludingAssessedTax,0.3044,0.1405,False,31.3,71.0
CARG,"CarGurus, Inc.",USD,2025,6,売上CAGR,0.5161,0.1167,0.2695,-0.0119,2.3437,True,True,False,False,reported,RevenueFromContractWithCustomerExcludingAssessedTax,1.0513,0.3119,False,50.9,7.6
LDOS,"Leidos Holdings, Inc.",USD,2026,6,営業利益率,0.3375,0.1163,0.1233,0.0587,1.3097,True,True,False,False,reported,RevenueFromContractWithCustomerExcludingAssessedTax,0.4352,0.1371,False,22.4,128.5
IBP,"Installed Building Products, Inc.",USD,2025,6,営業利益率,0.1912,0.116,0.1301,0.1083,1.051,True,True,False,False,reported,RevenueFromContractWithCustomerExcludingAssessedTax,0.2395,0.1569,False,20.2,28.2
BCPC,Balchem Corp,USD,2025,6,ROIC,0.1315,0.1149,0.2018,0.0674,1.4854,True,True,False,False,reported,RevenueFromContractWithCustomerExcludingAssessedTax,0.1398,0.1271,False,5.9,64.9
ALV,"AUTOLIV, INC.",USD,2025,6,営業利益率,0.1819,0.1149,0.1006,0.0707,0.744,True,True,False,False,reported,RevenueFromContractWithCustomerExcludingAssessedTax,0.2086,0.1376,False,12.8,29.2
VCTR,"Victory Capital Holdings, Inc.",USD,2025,6,ROIC,0.1113,0.1113,0.3663,0.1006,1.2544,True,True,False,False,reported,RevenueFromContractWithCustomerExcludingAssessedTax,0.117,0.117,False,4.8,36.4
AME,"AMETEK, Inc.",USD,2025,6,ROIC,0.1169,0.1098,0.2581,0.0748,1.1129,True,True,False,False,reported,RevenueFromContractWithCustomerExcludingAssessedTax+RevenueF,0.1212,0.114,False,3.5,55.5
URI,"United Rentals, Inc.",USD,2025,6,ROIC,0.1263,0.108,1.0752,0.1313,2.0541,True,True,False,True,reported,RevenueFromContractWithCustomerExcludingAssessedTax,0.1287,0.109,False,1.8,28.7
ROK,"Rockwell Automation, Inc.",USD,2025,6,売上CAGR,0.1793,0.1072,0.1706,0.0449,0.9152,True,True,False,False,derived,RevenueFromContractWithCustomerExcludingAssessedTax,0.1938,0.1209,False,7.5,61.2
GMAB,Genmab A/S,DKK,2024,6,ROIC,0.1443,0.1055,0.3114,0.2079,1.0367,True,True,False,False,reported,Revenue,0.1973,0.1774,False,26.9,0.0
GSL,"Global Ship Lease, Inc.",USD,2025,6,ROIC,0.138,0.1052,0.5677,0.1437,1.2035,True,True,False,False,reported,Revenues,0.1551,0.1094,False,11.0,0.0
ISRG,"Intuitive Surgical, Inc.",USD,2025,6,ROIC,0.1306,0.1049,0.2927,0.1522,0.725,True,True,False,False,reported,RevenueFromContractWithCustomerExcludingAssessedTax,0.1957,0.1494,False,33.3,2.1
CW,CURTISS-WRIGHT CORPORATION,USD,2025,6,ROIC,0.1433,0.1034,0.1811,0.0875,1.1347,True,True,False,False,reported,RevenueFromContractWithCustomerExcludingAssessedTax,0.1604,0.1101,False,10.6,48.5
ABBV,AbbVie Inc.,USD,2025,6,売上CAGR,0.1869,0.1029,0.2465,0.0214,2.8289,True,True,True,False,reported,RevenueFromContractWithCustomerExcludingAssessedTax,0.2037,0.1117,False,8.2,55.9
PFE,Pfizer Inc.,USD,2025,6,売上CAGR,0.171,0.1025,0.5228,-0.0633,1.1169,True,True,False,False,derived,Revenues,0.1836,0.1076,False,6.8,47.2
UGP,ULTRAPAR HOLDINGS INC.,BRL,2024,6,営業利益率,0.2383,0.1004,0.0585,0.1587,1.8346,True,True,False,False,derived,Revenue,0.2901,0.1393,False,17.9,0.0
NYT,THE NEW YORK TIMES COMPANY,USD,2025,6,ROIC最低値,0.167,0.0998,0.1528,0.0802,1.28,True,True,False,False,reported,RevenueFromContractWithCustomerExcludingAssessedTax,0.2437,0.1276,False,31.5,20.0
PYPL,"PayPal Holdings, Inc.",USD,2025,6,ROIC最低値,0.1584,0.0988,0.1828,0.0693,1.3133,True,True,False,False,reported,Revenues,0.2417,0.1529,False,34.5,35.9
ATAT,Atour Lifestyle Holdings Limited,CNY,2025,6,ROIC最低値,0.4739,0.0971,0.2356,0.4612,1.5799,True,True,False,False,reported,RevenueFromContractWithCustomerExcludingAssessedTax,,,True,152.6,0.5
PCTY,PAYLOCITY HOLDING CORPORATION,USD,2025,6,ROIC最低値,0.1947,0.0961,0.2066,0.2355,1.7452,True,True,False,False,reported,RevenueFromContractWithCustomerExcludingAssessedTax,0.2874,0.1411,False,32.3,27.8
BR,"BROADRIDGE FINANCIAL SOLUTIONS, INC.",USD,2025,6,ROIC最低値,0.159,0.0941,0.1725,0.0838,1.2025,True,True,False,False,reported,RevenueFromContractWithCustomerExcludingAssessedTax,0.1757,0.0989,False,9.5,61.1
GSK,GSK plc,GBP,2025,6,ROIC最低値,0.1838,0.0877,0.2428,0.0724,0.9295,True,True,False,False,reported,Revenue,0.2041,0.0985,False,10.0,20.6
INTU,INTUIT INC.,USD,2025,6,ROIC最低値,0.1514,0.087,0.2614,0.1824,1.6922,True,True,False,False,reported,RevenueFromContractWithCustomerExcludingAssessedTax,0.1706,0.1012,False,11.2,54.4
PTC,PTC Inc.,USD,2025,6,ROIC最低値,0.1553,0.083,0.3586,0.1096,1.3697,True,True,False,False,reported,RevenueFromContractWithCustomerExcludingAssessedTax,0.1612,0.0889,False,3.7,69.9
TIMB,TIM S.A.,BRL,2025,6,ROIC最低値,0.1873,0.0822,0.2383,0.1019,2.2536,True,True,False,False,reported,Revenue,0.2165,0.0897,False,13.5,0.0
CSL,CARLISLE COMPANIES INCORPORATED,USD,2025,6,ROIC最低値,0.1692,0.0815,0.1997,0.0695,0.9725,True,True,False,False,reported,RevenueFromContractWithCustomerExcludingAssessedTax,0.2219,0.0866,False,23.8,32.9
GEN,Gen Digital Inc.,USD,2026,6,ROIC最低値,0.155,0.08,0.424,0.1564,1.4778,True,True,True,False,reported,RevenueFromContractWithCustomerExcludingAssessedTax,0.155,0.08,False,0.0,101.7
CBOE,"Cboe Global Markets, Inc.",USD,2025,6,ROIC最低値,0.1761,0.0789,0.3112,0.0777,1.4421,True,True,False,False,reported,RevenueFromContractWithCustomerIncludingAssessedTax,0.2678,0.0883,False,34.2,47.9
TDG,TransDigm Group Incorporated,USD,2025,6,ROIC最低値,0.1668,0.0785,0.4716,0.1648,0.9905,True,True,True,False,reported,Revenues,0.1945,0.1093,False,14.2,53.8
HWM,HOWMET AEROSPACE INC.,USD,2025,6,ROIC最低値,0.1924,0.0763,0.2479,0.135,0.9338,True,True,False,False,reported,RevenueFromContractWithCustomerExcludingAssessedTax,0.211,0.0842,False,8.8,47.9
GDDY,GoDaddy Inc.,USD,2025,6,ROIC最低値,0.2229,0.0762,0.2277,0.0673,1.4652,True,True,True,False,reported,RevenueFromContractWithCustomerExcludingAssessedTax,0.2229,0.0762,False,0.0,90.9
PBR,PETROBRAS - PETROLEO BRASILEIRO SA,USD,2024,6,ROIC最低値,0.2664,0.0729,0.294,0.1423,2.1942,True,True,False,False,reported,Revenue,0.2778,0.0817,False,4.1,0.0
PDD,PDD Holdings Inc.,CNY,2025,6,ROIC最低値,0.1779,0.0725,0.2156,0.4642,1.293,True,True,False,False,reported,RevenueFromContractWithCustomerExcludingAssessedTax,,,True,102.2,0.0
SAP,SAP SE,EUR,2025,6,ROIC最低値,0.1546,0.072,0.2613,0.081,1.3553,True,True,False,False,reported,Revenue,0.1857,0.0886,False,16.7,59.0
ECO,Okeanis Eco Tankers Corp.,USD,2025,6,ROIC最低値,0.224,0.0706,0.4151,0.2337,1.2139,True,True,False,False,reported,Revenue,0.2813,0.079,False,20.4,0.0
TGS,GAS TRANSPORTER OF THE SOUTH INC.,ARS,2024,6,ROIC最低値,0.1573,0.0693,0.4593,0.6507,0.7306,True,True,False,False,reported,Revenue,0.1607,0.0696,False,2.1,0.0
MELI,"MercadoLibre, Inc.",USD,2025,6,ROIC最低値,0.1586,0.069,0.1574,0.3737,4.6408,True,True,False,False,reported,RevenueFromContractWithCustomerExcludingAssessedTax,0.2623,0.2106,False,39.5,1.0
COLL,"COLLEGIUM PHARMACEUTICAL, INC",USD,2025,6,ROIC最低値,0.4704,0.0686,0.2301,0.2958,4.5349,True,True,False,False,reported,RevenueFromContractWithCustomerExcludingAssessedTax,,,True,128.2,0.0
ASR,SOUTHEAST AIRPORT GROUP,MXN,2024,6,ROIC最低値,0.2139,0.0637,0.5592,0.2551,1.2722,True,True,False,False,reported,Revenue,0.3101,0.073,False,31.0,4.1
GSHD,"GOOSEHEAD INSURANCE, INC.",USD,2025,6,ROIC最低値,0.2986,0.063,0.2038,0.2465,3.2111,True,True,True,False,reported,Revenues,0.3618,0.0854,False,17.5,0.0
EXEL,"EXELIXIS, INC.",USD,2026,6,ROIC最低値,0.3188,0.0596,0.3759,0.1276,1.3099,True,True,False,False,reported,RevenueFromContractWithCustomerExcludingAssessedTax,0.6251,0.1064,False,49.0,2.9
NBIX,"NEUROCRINE BIOSCIENCES, INC.",USD,2025,6,ROIC最低値,0.1503,0.0589,0.2164,0.2604,1.6925,True,True,False,False,reported,RevenueFromContractWithCustomerExcludingAssessedTax,0.2759,0.1222,False,45.5,0.0
EC,ECOPETROL S.A.,COP,2024,6,ROIC最低値,0.1521,0.0587,0.2885,0.2765,1.1236,True,True,False,False,reported,Revenue,0.1646,0.0623,False,7.6,2.6
FISV,FISERV INC,USD,2025,6,ROIC最低値,0.17,0.0575,0.2745,0.069,1.4139,True,True,False,False,reported,Revenues,0.1752,0.059,False,3.0,139.5
MORN,"MORNINGSTAR, INC.",USD,2025,6,ROIC最低値,0.1813,0.0564,0.2153,0.0953,1.397,True,True,False,False,reported,RevenueFromContractWithCustomerExcludingAssessedTax,0.2356,0.0685,False,23.0,70.2
WTM,"WHITE MOUNTAINS INSURANCE GROUP, LTD",USD,2025,6,ROIC最低値,0.3755,0.0505,0.7969,0.5702,0.823,True,True,False,False,derived,Revenues,0.3755,0.0505,False,0.0,9.8
ABNB,"Airbnb, Inc.",USD,2025,6,ROIC最低値,0.2451,0.0501,0.2078,0.1955,1.6351,True,True,False,False,reported,RevenueFromContractWithCustomerExcludingAssessedTax,,,True,134.3,9.2
IDCC,"INTERDIGITAL, INC.",USD,2025,6,ROIC最低値,0.3258,0.0482,0.5526,0.1833,1.2536,True,True,False,False,reported,RevenueFromContractWithCustomerExcludingAssessedTax,,,True,111.3,2.2
TTD,"TRADE DESK, INC.",USD,2025,6,ROIC最低値,0.1874,0.0424,0.2035,0.2473,2.3015,True,True,False,False,reported,RevenueFromContractWithCustomerExcludingAssessedTax,0.3941,0.1343,False,52.4,0.0
MRK,"Merck & Co., Inc.",USD,2025,6,ROIC最低値,0.1718,0.0322,0.3401,0.0749,1.0061,True,True,False,False,derived,Revenues,0.2005,0.0356,False,14.3,21.2
RMBS,RAMBUS INC,USD,2025,6,ROIC最低値,0.1507,0.0222,0.3677,0.2117,1.4889,True,True,False,False,reported,RevenueFromContractWithCustomerIncludingAssessedTax,0.3411,0.0509,False,55.8,21.0
INCY,INCYTE CORPORATION,USD,2025,6,ROIC最低値,0.2316,0.0141,0.2946,0.1455,1.2366,True,True,False,False,reported,RevenueFromContractWithCustomerExcludingAssessedTax,0.5782,0.0275,False,59.9,2.6
MSA,MSA Safety Inc,USD,2025,6,ROIC最低値,0.1508,0.0126,0.1983,0.0757,1.0419,True,True,False,False,reported,RevenueFromContractWithCustomerExcludingAssessedTax,0.1648,0.0139,False,8.5,37.6
HBM,Hudbay Minerals Inc.,USD,2025,6,ROIC最低値,0.1922,0.0054,0.4145,0.1015,1.8332,True,True,False,False,reported,Revenue,0.2264,0.006,False,15.1,0.0
KMB,KIMBERLY-CLARK CORPORATION,USD,2025,5,売上CAGR; 営業利益率,0.8458,0.8458,0.1429,-0.0409,1.0427,True,True,False,True,reported,Revenues,1.2316,1.2316,False,31.3,83.7
THC,TENET HEALTHCARE CORP,USD,2025,5,売上CAGR; FCF転換,0.6567,0.6567,0.1646,0.0226,0.6361,True,True,False,True,reported,RevenueFromContractWithCustomerExcludingAssessedTax,,,True,68.3,265.4
MUSA,MURPHY USA INC.,USD,2025,5,売上CAGR; 営業利益率,0.9104,0.5911,0.0371,0.0279,0.9095,True,True,False,False,reported,RevenueFromContractWithCustomerIncludingAssessedTax,0.9546,0.74,False,4.6,52.6
NGVT,INGEVITY CORPORATION,USD,2025,5,売上CAGR; FCF転換,4.3069,0.4671,0.3586,-0.0429,,True,True,False,True,reported,RevenueFromContractWithCustomerExcludingAssessedTax,,,True,101.7,5.6
OTIS,Otis Worldwide Corporation,USD,2025,5,売上CAGR; 営業利益率,0.7174,0.4595,0.1478,0.0023,1.0685,True,True,True,False,reported,RevenueFromContractWithCustomerExcludingAssessedTax,1.3448,0.8088,False,46.7,72.2
BBY,"BEST BUY CO., INC.",USD,2026,5,売上CAGR; 営業利益率,0.3702,0.355,0.0333,-0.0527,0.9471,True,True,False,False,reported,Revenues,0.895,0.7743,False,58.6,26.7
DDS,"DILLARD’S, INC.",USD,2026,5,売上CAGR; 営業利益率,0.3542,0.3542,0.1232,-0.0007,1.0906,True,True,False,False,derived,RevenueFromContractWithCustomerExcludingAssessedTax,0.6867,0.6094,False,48.4,0.0
BBW,BUILD-A-BEAR WORKSHOP INC,USD,2026,5,営業利益率; FCF転換,0.3385,0.3385,0.1254,0.0652,0.6621,True,True,False,False,derived,RevenueFromContractWithCustomerExcludingAssessedTax,0.4091,0.4091,False,17.3,0.0
KFRC,Kforce Inc,USD,2025,5,売上CAGR; 営業利益率,0.3175,0.3175,0.0377,-0.0423,1.2089,True,True,False,False,reported,RevenueFromContractWithCustomerExcludingAssessedTax,0.323,0.323,False,1.7,20.1
ACI,"Albertsons Companies, Inc.",USD,2026,5,売上CAGR; 営業利益率,0.313,0.313,0.0087,0.0371,0.8049,True,True,False,False,reported,RevenueFromContractWithCustomerExcludingAssessedTax,0.351,0.351,False,10.8,65.4
EXPD,"EXPEDITORS INTERNATIONAL OF WASHINGTON, ",USD,2025,5,売上CAGR; 営業利益率,0.353,0.3106,0.0951,-0.0953,1.0737,True,True,False,False,reported,RevenueFromContractWithCustomerExcludingAssessedTax,0.7985,0.7655,False,55.8,0.3
FREVS,FIRST REAL ESTATE INVESTMENT TRUST OF NE,USD,2025,5,売上CAGR; FCF転換,0.352,0.2917,0.5173,-0.1262,0.6239,True,True,False,False,reported,Revenues,,,True,52.7,0.0
PSX,Phillips 66,USD,2025,5,売上CAGR; 営業利益率,0.3629,0.28,0.1046,0.0439,1.2758,True,True,False,False,derived,RevenueFromContractWithCustomerExcludingAssessedTax,0.3768,0.2977,False,3.7,4.8
HPQ,HP INC.,USD,2025,5,売上CAGR; 営業利益率,0.2707,0.2707,0.0574,-0.0338,1.0121,True,True,True,False,reported,Revenues,0.4499,0.4499,False,39.8,94.0
LOW,"LOWE’S COMPANIES, INC.",USD,2026,5,売上CAGR; 営業利益率,0.2682,0.2682,0.1177,-0.027,1.0091,True,True,True,False,reported,RevenueFromContractWithCustomerExcludingAssessedTax,0.2809,0.2809,False,4.5,13.2
TSCO,TRACTOR SUPPLY CO /DE/,USD,2025,5,営業利益率; FCF転換,0.2667,0.2667,0.0945,0.0508,0.5661,True,True,False,False,reported,Revenues,0.2792,0.2792,False,4.5,8.0
HD,"HOME DEPOT, INC.",USD,2026,5,売上CAGR; 営業利益率,0.2653,0.2653,0.1268,0.0217,0.9326,True,True,True,False,reported,RevenueFromContractWithCustomerExcludingAssessedTax,0.2713,0.2713,False,2.2,35.9
PZZA,"PAPA JOHN’S INTERNATIONAL, INC.",USD,2025,5,売上CAGR; 営業利益率,0.2651,0.2651,0.0434,-0.0018,0.9571,True,True,True,False,reported,RevenueFromContractWithCustomerExcludingAssessedTax,0.3047,0.3047,False,13.0,25.4
ING,ING GROEP NV,EUR,2025,5,FCFマイナス; FCF転換,0.3751,0.2618,1.0,0.0632,-1.8861,True,False,False,False,reported,Revenue,,,True,100.1,0.0
HCKT,"HACKETT GROUP, INC.",USD,2025,5,売上CAGR; 営業利益率,0.273,0.2552,0.077,0.0232,1.2997,True,True,False,False,reported,RevenueFromContractWithCustomerExcludingAssessedTax,0.3726,0.3551,False,26.7,133.1
CHE,CHEMED CORPORATION,USD,2025,5,売上CAGR; 営業利益率,0.2728,0.2429,0.1337,0.0428,1082.0748,True,True,False,False,reported,Revenues,0.2953,0.2953,False,7.6,68.1
BJ,"BJ’S WHOLESALE CLUB HOLDINGS, INC.",USD,2026,5,営業利益率; FCF転換,0.2375,0.2375,0.0381,0.0652,0.6953,True,True,False,False,reported,RevenueFromContractWithCustomerExcludingAssessedTax,0.2416,0.2416,False,1.7,37.1
ROST,"Ross Stores, Inc.",USD,2026,5,売上CAGR; 営業利益率,0.2776,0.2331,0.119,0.0472,0.836,True,True,False,False,derived,RevenueFromContractWithCustomerExcludingAssessedTax,0.6876,0.6824,False,59.6,0.0
CODQL,Coronado Global Resources Inc.,USD,2025,5,FCFマイナス; 売上CAGR,0.2282,0.2282,0.198,-0.024,1.0611,True,False,False,False,derived,Revenues,0.2282,0.2282,False,0.0,2.1
UPBD,"Upbound Group, Inc",USD,2025,5,売上CAGR; 営業利益率,0.2536,0.2235,0.0476,0.006,3.4542,True,True,False,False,reported,Revenues,0.3067,0.2757,False,17.3,70.2
DXC,DXC Technology Co,USD,2026,5,売上CAGR; 営業利益率,0.2606,0.215,0.0767,-0.061,8.8889,True,True,False,False,reported,Revenues,0.6365,0.4564,False,59.1,17.9
LMT,LOCKHEED MARTIN CORPORATION,USD,2025,5,売上CAGR; 営業利益率,0.2149,0.2083,0.103,0.0286,1.1001,True,True,False,False,reported,Revenues,0.2513,0.2297,False,14.5,39.8
IDT,IDT CORP,USD,2025,5,売上CAGR; 営業利益率,0.26,0.2078,0.0815,-0.0395,0.832,True,True,False,False,reported,Revenues,1.009,0.5326,False,74.2,8.7
EBAY,eBay Inc.,USD,2025,5,売上CAGR; FCF転換,0.3437,0.2074,0.2051,0.0159,0.4907,True,True,False,False,reported,RevenueFromContractWithCustomerExcludingAssessedTax,0.5344,0.2971,False,35.7,85.4
WSO,WATSCO INC,USD,2025,5,売上CAGR; 営業利益率,0.2046,0.2046,0.0995,0.0362,0.8709,True,True,False,False,reported,Revenues,0.2779,0.2779,False,26.4,16.6
LEG,LEGGETT & PLATT INC,USD,2025,5,売上CAGR; 営業利益率,0.1977,0.1977,0.0631,-0.0544,4.6523,True,True,False,False,derived,RevenueFromContractWithCustomerExcludingAssessedTax,0.4649,0.317,False,57.5,73.5
POOL,POOL CORPORATION,USD,2025,5,売上CAGR; 営業利益率,0.1922,0.1922,0.1097,-0.0003,0.8883,True,True,False,False,reported,Revenues,0.1922,0.1922,False,0.0,29.7
HLF,HERBALIFE LTD.,USD,2025,5,売上CAGR; 営業利益率,0.2572,0.1874,0.0955,-0.0347,0.8209,True,True,True,False,reported,RevenueFromContractWithCustomerExcludingAssessedTax,0.3379,0.2921,False,23.9,6.8
JBSS,SANFILIPPO JOHN B & SON INC,USD,2025,5,FCFマイナス; 営業利益率,0.1855,0.1855,0.0765,0.0657,0.7856,True,False,False,False,reported,Revenues,0.1858,0.1858,False,0.2,3.3
DRD,DRDGOLD LIMITED,ZAR,2025,5,FCFマイナス; FCF転換,0.2594,0.1792,0.3702,0.1058,0.3664,True,False,False,False,reported,Revenue,0.3041,0.2,False,14.7,0.0
XPEL,"XPEL, INC.",USD,2025,5,営業利益率; FCF転換,0.1766,0.1766,0.1316,0.1642,0.6776,True,True,False,False,reported,RevenueFromContractWithCustomerExcludingAssessedTax,0.2157,0.2157,False,18.1,21.1
MTDR,Matador Resources Company,USD,2025,5,FCFマイナス; FCF転換,0.1713,0.1713,0.3354,0.1838,-0.3776,True,False,False,False,reported,RevenueFromContractWithCustomerExcludingAssessedTax,0.1717,0.1717,False,0.3,0.0
JBL,JABIL INC,USD,2025,5,売上CAGR; 営業利益率,0.2123,0.1662,0.0397,0.0044,0.735,True,True,False,False,reported,RevenueFromContractWithCustomerExcludingAssessedTax,0.3788,0.2418,False,44.0,19.1
LX,LexinFintech Holdings Ltd.,CNY,2025,5,FCFマイナス; 売上CAGR,0.2286,0.1662,0.267,0.0368,1.3048,True,False,False,False,derived,Revenues,0.2781,0.2036,False,17.8,0.0
CLB,CORE LABORATORIES INC.,USD,2025,5,売上CAGR; 営業利益率,0.1639,0.1639,0.1072,0.0287,0.8933,True,True,False,False,reported,RevenueFromContractWithCustomerExcludingAssessedTax,0.1639,0.1639,False,0.0,0.0
NSIT,"INSIGHT ENTERPRISES, INC.",USD,2025,5,売上CAGR; 営業利益率,0.1605,0.1605,0.0406,-0.0331,1.3334,True,True,False,False,reported,RevenueFromContractWithCustomerExcludingAssessedTax,0.205,0.1867,False,21.7,70.9
CPB,THE CAMPBELL'S COMPANY,USD,2025,5,売上CAGR; 営業利益率,0.2064,0.1598,0.1096,0.0487,1.0156,True,True,False,False,reported,Revenues,0.2129,0.1634,False,3.1,116.0
DKS,"DICK'S Sporting Goods, Inc.",USD,2026,5,営業利益率; FCF転換,0.1563,0.1563,0.0637,0.0878,0.6607,True,True,False,False,reported,RevenueFromContractWithCustomerExcludingAssessedTax,,,True,24.4,15.6
CMI,CUMMINS INC,USD,2025,5,営業利益率; FCF転換,0.2555,0.1551,0.1195,0.0881,0.6539,True,True,False,False,reported,Revenues,0.3599,0.2234,False,29.0,17.9
CBT,Cabot Corporation,USD,2025,5,FCFマイナス; 売上CAGR,0.184,0.1541,0.1673,0.0216,0.7084,True,False,False,False,reported,Revenues,0.2037,0.1719,False,9.7,5.0
UPS,"United Parcel Service, Inc",USD,2025,5,売上CAGR; 営業利益率,0.1538,0.1538,0.0887,-0.0229,0.8519,True,True,False,False,reported,RevenueFromContractWithCustomerExcludingAssessedTax,0.18,0.18,False,14.6,14.4
ASO,"Academy Sports and Outdoors, Inc.",USD,2026,5,売上CAGR; 営業利益率,0.1524,0.1524,0.0846,-0.0277,0.7345,True,True,False,False,reported,RevenueFromContractWithCustomerExcludingAssessedTax,0.174,0.174,False,12.4,32.5
LSTR,"LANDSTAR SYSTEM, INC.",USD,2025,5,売上CAGR; 営業利益率,0.1505,0.1505,0.032,-0.0771,1.2168,True,True,False,False,reported,RevenueFromContractWithCustomerExcludingAssessedTax,0.3487,0.3487,False,56.8,4.3
PLOW,"DOUGLAS DYNAMICS, INC",USD,2025,5,売上CAGR; 営業利益率,0.2013,0.1489,0.1122,0.0492,0.8987,True,True,False,False,reported,RevenueFromContractWithCustomerExcludingAssessedTax,0.2013,0.1489,False,0.0,40.4
CDW,CDW CORP,USD,2025,5,売上CAGR; 営業利益率,0.1588,0.1482,0.0738,0.0187,1.0438,True,True,False,False,reported,RevenueFromContractWithCustomerExcludingAssessedTax,0.1717,0.1534,False,7.5,56.6
DELL,Dell Technologies Inc.,USD,2026,5,売上CAGR; 営業利益率,0.2217,0.1457,0.0718,0.0292,1.1091,True,True,True,False,reported,Revenues,0.3678,0.2331,False,39.7,67.3
RMR,RMR GROUP INC.,USD,2025,5,売上CAGR; ROIC,0.145,0.145,0.2287,-0.2594,2.5028,True,True,False,False,reported,RevenueFromContractWithCustomerExcludingAssessedTax,,,True,27.4,31.5
TXN,TEXAS INSTRUMENTS INCORPORATED,USD,2025,5,売上CAGR; FCF転換,0.1569,0.1416,0.3406,-0.0091,0.5382,True,True,False,False,reported,RevenueFromContractWithCustomerExcludingAssessedTax,0.187,0.187,False,16.1,14.3
FIVE,"Five Below, Inc.",USD,2026,5,営業利益率; FCF転換,0.1648,0.1415,0.096,0.1372,0.5405,True,True,False,False,reported,RevenueFromContractWithCustomerExcludingAssessedTax,0.2865,0.1999,False,42.5,0.0
WMS,"ADVANCED DRAINAGE SYSTEMS, INC.",USD,2026,5,売上CAGR; ROIC,0.1409,0.1409,0.203,0.0245,0.9806,True,True,False,False,reported,RevenueFromContractWithCustomerExcludingAssessedTax,0.1506,0.1506,False,6.4,30.0
RIO,RIO TINTO PLC,USD,2025,5,売上CAGR; ROIC,0.1402,0.1402,0.2591,-0.0239,1.3686,True,True,False,False,reported,Revenue,0.1579,0.1579,False,11.2,3.5
TMHC,Taylor Morrison Home Corp,USD,2025,5,売上CAGR; ROIC,0.1469,0.1399,0.1966,0.0201,0.7604,True,True,False,False,derived,RevenueFromContractWithCustomerExcludingAssessedTax,0.1631,0.1581,False,9.9,7.7
SN,"SHARKNINJA, INC.",USD,2025,5,営業利益率; FCF転換,0.2717,0.1389,0.1438,0.1447,0.6739,True,True,False,False,reported,RevenueFromContractWithCustomerExcludingAssessedTax,0.3829,0.1552,False,29.0,0.0
SBH,"SALLY BEAUTY HOLDINGS, INC.",USD,2025,5,売上CAGR; 営業利益率,0.1551,0.1377,0.0886,-0.0114,0.8794,True,True,False,False,reported,RevenueFromContractWithCustomerExcludingAssessedTax,0.1704,0.1475,False,8.9,32.4
CHRW,"C.H. ROBINSON WORLDWIDE, INC.",USD,2025,5,売上CAGR; 営業利益率,0.214,0.1356,0.049,-0.0844,1.1801,True,True,False,False,reported,RevenueFromContractWithCustomerExcludingAssessedTax,0.2264,0.1425,False,5.5,49.7
BUD,Anheuser-Busch InBev SA/NV,USD,2025,5,売上CAGR; ROIC,0.1394,0.1348,0.2597,0.0223,1.6861,True,True,False,False,reported,Revenue,0.1609,0.1543,False,13.3,135.1
CHCI,"Comstock Holding Companies, Inc.",USD,2025,5,ROIC; FCF転換,0.1347,0.1347,0.1898,0.1924,0.6886,True,True,False,False,reported,RevenueFromContractWithCustomerExcludingAssessedTax,0.2436,0.2436,False,44.7,0.0
DIN,"Dine Brands Global, Inc.",USD,2025,5,売上CAGR; ROIC,0.1344,0.1344,0.1768,-0.0047,1.3248,True,True,True,False,derived,Revenues,0.1563,0.1563,False,14.0,27.3
OGN,Organon & Co.,USD,2025,5,売上CAGR; ROIC,0.1339,0.1339,0.2561,-0.0035,1.0318,True,True,True,False,derived,Revenues,0.1426,0.1426,False,6.1,44.2
EOG,"EOG RESOURCES, INC.",USD,2025,5,売上CAGR; ROIC,0.1336,0.1336,0.2821,0.0497,1.701,True,True,False,False,reported,Revenues,0.1467,0.1467,False,9.0,0.0
VNT,Vontier Corporation,USD,2025,5,売上CAGR; ROIC,0.1329,0.1329,0.1826,0.007,0.9286,True,True,False,False,reported,RevenueFromContractWithCustomerExcludingAssessedTax,0.1559,0.1496,False,14.7,52.7
GEHC,GE HEALTHCARE TECHNOLOGIES INC.,USD,2025,5,売上CAGR; 営業利益率,0.2101,0.1324,0.134,0.0407,0.8112,True,True,False,False,reported,RevenueFromContractWithCustomerExcludingAssessedTax,0.2101,0.1324,False,0.0,129.8
CSCO,"CISCO SYSTEMS, INC.",USD,2025,5,売上CAGR; ROIC,0.13,0.13,0.2076,0.0327,1.2617,True,True,False,False,reported,RevenueFromContractWithCustomerExcludingAssessedTax,0.1679,0.1679,False,22.5,82.8
EUBG,ENTREPRENEUR UNIVERSE BRIGHT GROUP,USD,2025,5,FCFマイナス; 売上CAGR,0.223,0.1286,0.5187,0.002,0.9097,True,False,False,False,reported,Revenues,,,True,105.5,0.0
AFG,"AMERICAN FINANCIAL GROUP, INC.",USD,2025,5,ROIC; 営業利益率,0.1277,0.1277,0.1313,0.0569,1.3741,True,True,False,False,reported,Revenues,0.1725,0.1725,False,26.0,4.9
BYD,BOYD GAMING CORP,USD,2025,5,売上CAGR; ROIC,0.127,0.127,0.1829,0.0497,0.7247,True,True,False,False,reported,RevenueFromContractWithCustomerExcludingAssessedTax+RevenueF,0.1375,0.1375,False,7.6,20.6
MPC,MARATHON PETROLEUM CORPORATION,USD,2025,5,売上CAGR; 営業利益率,0.3327,0.1269,0.0625,0.0255,0.9647,True,True,False,False,reported,RevenueFromContractWithCustomerExcludingAssessedTax,0.409,0.2131,False,18.7,47.5
PPG,PPG INDUSTRIES INC,USD,2025,5,売上CAGR; ROIC,0.1386,0.1265,0.1684,-0.0141,0.8441,True,True,False,False,derived,RevenueFromContractWithCustomerExcludingAssessedTax,0.1622,0.1384,False,14.6,40.3
TTEK,"TETRA TECH, INC.",USD,2025,5,ROIC; 営業利益率,0.1269,0.1239,0.075,0.1408,1.29,True,True,False,False,reported,RevenueFromContractWithCustomerExcludingAssessedTax,0.1358,0.1338,False,6.6,80.6
IMXI,"INTERNATIONAL MONEY EXPRESS, INC.",USD,2025,5,ROIC; 営業利益率,0.1235,0.1235,0.0916,0.0726,0.941,True,True,False,False,reported,RevenueFromContractWithCustomerIncludingAssessedTax,0.2349,0.2349,False,47.4,15.2
TDC,TERADATA CORP /DE/,USD,2025,5,売上CAGR; 営業利益率,0.2361,0.1233,0.1233,-0.0349,3.6235,True,True,False,False,reported,RevenueFromContractWithCustomerExcludingAssessedTax,0.8391,0.4985,False,71.9,58.2
HWKN,"HAWKINS, INC.",USD,2026,5,ROIC; 営業利益率,0.1232,0.1232,0.1119,0.0876,0.9036,True,True,False,False,reported,Revenues,0.1238,0.1238,False,0.5,28.7
AYI,ACUITY INC.,USD,2025,5,ROIC; 営業利益率,0.123,0.123,0.1298,0.0586,1.1988,True,True,False,False,reported,RevenueFromContractWithCustomerExcludingAssessedTax,0.1392,0.1392,False,11.7,41.3
ENSG,"ENSIGN GROUP, INC",USD,2025,5,ROIC; 営業利益率,0.1416,0.1229,0.0845,0.1764,1.4452,True,True,False,False,reported,RevenueFromContractWithCustomerExcludingAssessedTax,0.1865,0.181,False,24.1,4.1
BF-A,Brown-Forman Corporation,USD,2026,5,売上CAGR; ROIC,0.1225,0.1225,0.2548,-0.0003,0.7089,True,True,False,False,reported,RevenueFromContractWithCustomerExcludingAssessedTax,0.1287,0.1287,False,4.8,23.6
AVY,AVERY DENNISON CORPORATION,USD,2025,5,ROIC; 営業利益率,0.1308,0.1219,0.1115,0.0616,1.0084,True,True,False,False,derived,RevenueFromContractWithCustomerExcludingAssessedTax,0.1354,0.127,False,3.4,38.1
FCN,"FTI CONSULTING, INC",USD,2025,5,ROIC; 営業利益率,0.1465,0.1202,0.1027,0.0808,0.8104,True,True,False,False,reported,RevenueFromContractWithCustomerExcludingAssessedTax,0.1676,0.1595,False,12.6,59.2
AAON,"AAON, INC.",USD,2025,5,ROIC; 営業利益率,0.1291,0.1174,0.1014,0.2816,0.7741,True,True,False,False,reported,RevenueFromContractWithCustomerIncludingAssessedTax,0.1291,0.1181,False,0.0,0.0
ITT,ITT INC.,USD,2025,5,FCFマイナス; ROIC,0.1173,0.1173,0.1738,0.0925,0.7101,True,False,False,False,reported,Revenues,0.1887,0.1887,False,37.8,32.8
EA,ELECTRONIC ARTS INC.,USD,2026,5,売上CAGR; ROIC,0.1357,0.117,0.1543,0.0188,2.1338,True,True,False,False,reported,Revenues,0.1357,0.117,False,0.0,79.7
WMG,Warner Music Group Corp.,USD,2025,5,ROIC; 営業利益率,0.1164,0.1164,0.1035,0.0606,1.3856,True,True,False,False,reported,RevenueFromContractWithCustomerExcludingAssessedTax,0.1312,0.1312,False,11.3,43.8
HSY,HERSHEY CO,USD,2025,5,ROIC; 営業利益率,0.116,0.116,0.1233,0.0685,1.0751,True,True,False,False,reported,RevenueFromContractWithCustomerExcludingAssessedTax,0.116,0.116,False,0.0,30.5
A,"AGILENT TECHNOLOGIES, INC.",USD,2025,5,売上CAGR; ROIC,0.1157,0.1157,0.2129,0.024,1.0033,True,True,False,False,reported,RevenueFromContractWithCustomerExcludingAssessedTax,0.1407,0.1407,False,17.7,44.3
TEL,TE CONNECTIVITY PLC,USD,2025,5,売上CAGR; ROIC,0.1388,0.1155,0.186,0.0371,1.0389,True,True,False,False,reported,RevenueFromContractWithCustomerExcludingAssessedTax,0.149,0.1291,False,6.9,39.0
NXPI,NXP Semiconductors N.V.,USD,2025,5,売上CAGR; ROIC,0.1141,0.1141,0.2483,0.0262,1.0267,True,True,False,False,reported,RevenueFromContractWithCustomerExcludingAssessedTax,0.135,0.135,False,15.5,48.8
G,GENPACT LIMITED,USD,2025,5,ROIC; 営業利益率,0.1448,0.1132,0.1477,0.0601,1.1307,True,True,False,False,reported,RevenueFromContractWithCustomerExcludingAssessedTax,0.2052,0.1515,False,29.4,43.5
SQM,CHEMICAL & MINING CO OF CHILE INC,USD,2024,5,FCFマイナス; FCF転換,0.1632,0.1126,0.2354,0.2564,0.382,True,False,False,False,reported,Revenue,0.2226,0.1481,False,26.7,0.0
SCI,SERVICE CORPORATION INTERNATIONAL,USD,2025,5,売上CAGR; ROIC,0.114,0.1125,0.227,0.0099,0.912,True,True,False,False,reported,Revenues,0.1182,0.1164,False,3.6,32.0
TPB,"Turning Point Brands, Inc.",USD,2025,5,売上CAGR; ROIC,0.1131,0.1124,0.2059,0.0097,1.2589,True,True,False,False,reported,RevenueFromContractWithCustomerIncludingAssessedTax,0.1701,0.1413,False,33.5,20.4
ACM,AECOM,USD,2025,5,売上CAGR; 営業利益率,0.3169,0.1112,0.0636,0.0488,2.0811,True,True,False,False,reported,RevenueFromContractWithCustomerExcludingAssessedTax,0.8333,0.2458,False,62.0,144.6
EPAM,"EPAM SYSTEMS, INC.",USD,2025,5,ROIC; 営業利益率,0.111,0.111,0.0953,0.0977,1.1706,True,True,False,False,reported,RevenueFromContractWithCustomerExcludingAssessedTax,0.1707,0.1707,False,35.0,32.7
CNO,"CNO Financial Group, Inc.",USD,2025,5,売上CAGR; 営業利益率,0.1657,0.1104,0.1233,0.0214,1.4007,True,True,False,False,reported,Revenues,0.1657,0.1104,False,0.0,0.0
GD,GENERAL DYNAMICS CORP,USD,2025,5,ROIC; 営業利益率,0.1258,0.1097,0.1019,0.0811,0.992,True,True,False,False,reported,RevenueFromContractWithCustomerExcludingAssessedTax,0.1352,0.1171,False,6.9,62.5
JANL,JANEL CORPORATION,USD,2025,5,FCFマイナス; 営業利益率,0.197,0.1082,0.035,0.0585,7.322,True,False,False,False,reported,RevenueFromContractWithCustomerExcludingAssessedTax,0.197,0.1082,False,0.0,122.4
CTS,CTS CORPORATION,USD,2025,5,売上CAGR; ROIC,0.1183,0.1065,0.1527,0.0136,2.0972,True,True,False,False,reported,Revenues,0.1391,0.1296,False,14.9,38.0
HON,Honeywell International Inc,USD,2025,5,売上CAGR; ROIC,0.107,0.106,0.1754,0.0215,0.936,True,True,False,False,derived,RevenueFromContractWithCustomerExcludingAssessedTax,0.1459,0.1336,False,26.7,43.5
ANF,Abercrombie & Fitch Co.,USD,2026,5,FCFマイナス; 営業利益率,0.3934,0.1053,0.1328,0.0913,0.8541,True,False,False,False,reported,Revenues,0.8918,0.413,False,55.9,0.0
MZTI,The Marzetti Company,USD,2025,5,FCFマイナス; 営業利益率,0.1743,0.1047,0.1154,0.0681,0.8658,True,False,False,False,reported,RevenueFromContractWithCustomerExcludingAssessedTax,0.2079,0.1127,False,16.2,22.3
NDSN,NORDSON CORPORATION,USD,2025,5,売上CAGR; ROIC,0.1116,0.1036,0.2549,0.0426,1.1339,True,True,False,False,reported,RevenueFromContractWithCustomerExcludingAssessedTax,0.114,0.106,False,2.2,65.6
PDEX,"PRO-DEX, INC.",USD,2025,5,FCFマイナス; FCF転換,0.1622,0.1026,0.1605,0.1503,0.2448,True,False,False,False,reported,Revenues,0.1864,0.1082,False,13.0,0.0
SCIA,"SCI ENGINEERED MATERIALS, INC.",USD,2025,5,ROIC; 営業利益率,0.102,0.102,0.0933,0.0988,1.0341,True,True,False,False,reported,RevenueFromContractWithCustomerIncludingAssessedTax,0.1041,0.1041,False,2.1,0.0
PWR,"Quanta Services, Inc.",USD,2025,5,ROIC; 営業利益率,0.1312,0.102,0.0566,0.2171,1.38,True,True,False,False,reported,RevenueFromContractWithCustomerExcludingAssessedTax,0.1374,0.1067,False,4.5,75.4
LQDT,"LIQUIDITY SERVICES, INC",USD,2025,5,ROIC; 営業利益率,0.1363,0.1013,0.0736,0.1664,1.6129,True,True,False,False,reported,RevenueFromContractWithCustomerExcludingAssessedTax,0.1443,0.1026,False,5.5,50.6
SHC,Sotera Health Co,USD,2025,5,FCFマイナス; ROIC,0.113,0.1007,0.3375,0.0572,1.891,True,False,False,False,derived,RevenueFromContractWithCustomerExcludingAssessedTax,0.1292,0.1132,False,12.5,40.2
ELTP,"Elite Pharmaceuticals, Inc.",USD,2026,5,FCFマイナス; FCF転換,0.3924,0.1003,0.3299,0.4656,0.3859,True,False,False,False,reported,RevenueFromContractWithCustomerExcludingAssessedTax,0.3924,0.1003,False,0.0,0.0
MPTI,"M-tron Industries, Inc.",USD,2025,5,ROIC; ROIC最低値,0.1286,0.0991,0.1891,0.1949,0.8636,True,True,False,False,reported,RevenueFromContractWithCustomerExcludingAssessedTax,0.1921,0.1175,False,33.0,0.0
KTB,"KONTOOR BRANDS, INC.",USD,2026,5,ROIC最低値; 営業利益率,0.1558,0.0981,0.1068,0.1072,1.378,True,True,False,False,reported,RevenueFromContractWithCustomerExcludingAssessedTax,0.1631,0.1305,False,4.5,26.4
LAMR,LAMAR ADVERTISING CO/NEW,USD,2025,5,ROIC; ROIC最低値,0.1376,0.0973,0.3416,0.0611,1.4351,True,True,False,False,reported,RevenueFromContractWithCustomerIncludingAssessedTax,0.1396,0.0997,False,1.5,47.5
QSR,RESTAURANT BRANDS INTERNATIONAL INC.,USD,2025,5,ROIC; ROIC最低値,0.1028,0.0972,0.2334,0.1323,0.9987,True,True,False,False,reported,Revenues,0.1028,0.0972,False,0.0,37.3
GLXZ,"Galaxy Gaming, Inc.",USD,2025,5,ROIC最低値; FCF転換,0.2963,0.0955,0.2649,0.1149,,True,True,True,False,reported,RevenueFromContractWithCustomerExcludingAssessedTax,0.3692,0.1725,False,19.7,5.0
CRC,California Resources Corp,USD,2025,5,ROIC; ROIC最低値,0.0953,0.0953,0.2055,0.0918,0.8786,True,True,False,False,reported,RevenueFromContractWithCustomerExcludingAssessedTax,0.0979,0.0979,False,2.7,0.0
LOMA,LOMA NEGRA COMPANIA INDUSTRIALARGENTINA ,ARS,2024,5,ROIC; ROIC最低値,0.0932,0.0932,0.1628,0.546,1.3616,True,True,False,False,derived,Revenue,0.0941,0.0941,False,0.9,0.1
IEX,IDEX CORP,USD,2025,5,ROIC; ROIC最低値,0.0945,0.093,0.2023,0.0575,1.0794,True,True,False,False,reported,RevenueFromContractWithCustomerExcludingAssessedTax,0.1049,0.1042,False,9.9,58.4
BAH,BOOZ ALLEN HAMILTON HOLDING CORPORATION,USD,2026,5,ROIC最低値; 営業利益率,0.1618,0.0928,0.0921,0.0761,1.0347,True,True,False,False,reported,RevenueFromContractWithCustomerExcludingAssessedTax,0.189,0.1039,False,14.4,47.6
AIT,"APPLIED INDUSTRIAL TECHNOLOGIES, INC.",USD,2025,5,ROIC最低値; 営業利益率,0.163,0.0922,0.1092,0.0897,0.9979,True,True,False,False,reported,RevenueFromContractWithCustomerExcludingAssessedTax,0.163,0.0922,False,0.0,28.9
CPAY,"Corpay, Inc",USD,2025,5,ROIC; ROIC最低値,0.0914,0.0914,0.4404,0.1243,1.3819,True,True,False,False,reported,Revenues,0.1063,0.1063,False,14.0,43.9
NNN,"NNN REIT, INC.",USD,2025,5,ROIC; ROIC最低値,0.1056,0.0909,0.6364,0.0626,1.6975,True,True,False,False,reported,Revenues,0.1058,0.0925,False,0.1,0.0
PLAB,"PHOTRONICS, INC.",USD,2025,5,ROIC; ROIC最低値,0.1401,0.0907,0.2451,0.0636,0.9978,True,True,False,False,reported,RevenueFromContractWithCustomerExcludingAssessedTax,0.2809,0.1366,False,50.1,0.0
RSG,"REPUBLIC SERVICES, INC.",USD,2025,5,ROIC; ROIC最低値,0.1016,0.0875,0.199,0.1009,1.1141,True,True,False,False,reported,RevenueFromContractWithCustomerExcludingAssessedTax,0.1019,0.088,False,0.3,65.1
QSP,RESTAURANT BRANDS INTERNATIONAL LIMITED ,USD,2025,5,ROIC; ROIC最低値,0.0943,0.0872,0.2334,0.1323,0.9987,True,True,False,False,reported,Revenues,0.0943,0.0872,False,0.0,34.2
AMGN,Amgen Inc.,USD,2025,5,ROIC; ROIC最低値,0.1134,0.0869,0.2471,0.0906,1.3894,True,True,False,False,reported,RevenueFromContractWithCustomerExcludingAssessedTax,0.1325,0.1041,False,14.4,29.5
CEPU,Central Puerto S.A.,ARS,2024,5,ROIC; ROIC最低値,0.0865,0.0865,0.2672,0.6021,1.6819,True,True,False,False,reported,Revenue,0.0867,0.0867,False,0.2,0.0
SPSC,"SPS COMMERCE, INC.",USD,2025,5,ROIC; ROIC最低値,0.096,0.0822,0.1574,0.1818,1.7135,True,True,False,False,reported,RevenueFromContractWithCustomerExcludingAssessedTax,0.1136,0.1136,False,15.5,55.6
PR,PERMIAN RESOURCES CORPORATION,USD,2025,5,ROIC; ROIC最低値,0.0836,0.0819,0.2888,0.4892,2703.3902,True,True,False,False,reported,RevenueFromContractWithCustomerExcludingAssessedTax,0.0845,0.0821,False,1.1,0.0
DSGX,DESCARTES SYSTEMS GROUP INC,USD,2026,5,ROIC; ROIC最低値,0.1025,0.0817,0.288,0.1446,1.6891,True,True,False,False,reported,RevenueFromContractWithCustomerIncludingAssessedTax,0.1314,0.1039,False,22.0,63.4
AFYA,AFYA LIMITED,BRL,2025,5,ROIC; ROIC最低値,0.1388,0.0806,0.3281,0.211,2.0139,True,True,False,False,reported,Revenue,0.1658,0.0974,False,16.3,0.0
OKE,ONEOK INC /NEW/,USD,2025,5,ROIC; ROIC最低値,0.0832,0.0802,0.1707,0.1941,0.9388,True,True,False,False,reported,RevenueFromContractWithCustomerExcludingAssessedTax,0.0834,0.0815,False,0.1,14.8
LOAN,"MANHATTAN BRIDGE CAPITAL, INC.",USD,2025,5,ROIC; ROIC最低値,0.0934,0.0802,0.5878,0.0622,0.9694,True,True,False,False,reported,Revenues,0.0934,0.0802,False,0.0,0.0
SM,SM ENERGY CO,USD,2025,5,売上CAGR; ROIC最低値,0.1642,0.0801,0.3171,0.0472,2.4274,True,True,False,False,reported,Revenues,0.1778,0.0955,False,7.7,0.0
ENVA,"Enova International, Inc.",USD,2025,5,ROIC; ROIC最低値,0.1001,0.0797,0.2346,0.2709,4.9118,True,True,False,False,reported,Revenues,0.1014,0.0808,False,1.2,4.8
DAC,DANAOS CORPORATION,USD,2025,5,ROIC; ROIC最低値,0.0796,0.0796,0.4785,0.1089,1.0055,True,True,False,False,reported,Revenues,0.1039,0.0921,False,23.4,0.0
LRN,"Stride, Inc.",USD,2025,5,ROIC最低値; 営業利益率,0.15,0.079,0.1497,0.1185,1.5473,True,True,False,False,reported,RevenueFromContractWithCustomerExcludingAssessedTax,0.3124,0.1246,False,52.0,13.0
LMAT,"LEMAITRE VASCULAR, INC.",USD,2025,5,ROIC; ROIC最低値,0.1363,0.079,0.2721,0.1275,1.0791,True,True,False,False,reported,RevenueFromContractWithCustomerExcludingAssessedTax,1.5598,0.1143,False,91.3,16.8
AMPH,"Amphastar Pharmaceuticals, Inc.",USD,2025,5,ROIC; ROIC最低値,0.0787,0.0787,0.195,0.1324,1.0473,True,True,False,False,reported,Revenues,0.0985,0.0985,False,20.1,0.2
ETN,EATON CORPORATION plc,USD,2025,5,ROIC; ROIC最低値,0.1404,0.0779,0.1898,0.0874,0.8572,True,True,False,False,derived,RevenueFromContractWithCustomerExcludingAssessedTax,0.1443,0.0797,False,2.7,53.8
AM,ANTERO MIDSTREAM CORPORATION,USD,2025,5,ROIC; ROIC最低値,0.098,0.0767,0.5425,0.0725,2.1443,True,True,False,False,reported,Revenues,0.098,0.0767,False,0.0,0.0
WEN,Wendy's Co,USD,2025,5,ROIC; ROIC最低値,0.0943,0.0761,0.1578,0.0585,1.4138,True,True,False,False,reported,Revenues,0.1053,0.0855,False,10.5,26.9
BUKS,BUTLER NATIONAL CORP,USD,2026,5,FCFマイナス; ROIC最低値,0.2017,0.0758,0.2904,0.0819,0.7144,True,False,False,False,reported,RevenueFromContractWithCustomerIncludingAssessedTax,0.2017,0.0758,False,0.0,0.0
SYK,STRYKER CORP,USD,2025,5,ROIC; ROIC最低値,0.1009,0.0746,0.1947,0.1007,1.1399,True,True,False,False,reported,Revenues,0.113,0.0809,False,10.7,50.4
CME,CME GROUP INC.,USD,2025,5,ROIC; ROIC最低値,0.1163,0.0742,0.6486,0.0859,1.0159,True,True,False,False,reported,Revenues,0.1381,0.0829,False,15.8,36.6
VEEV,Veeva Systems Inc.,USD,2026,5,ROIC; ROIC最低値,0.1003,0.073,0.2868,0.1463,1.6194,True,True,False,False,reported,RevenueFromContractWithCustomerExcludingAssessedTax,1.107,0.5497,False,90.9,6.1
EFX,EQUIFAX INC,USD,2025,5,ROIC; ROIC最低値,0.0892,0.072,0.1803,0.0539,1.065,True,True,False,False,reported,RevenueFromContractWithCustomerExcludingAssessedTax,0.0909,0.0735,False,1.9,69.6
ACIW,"ACI WORLDWIDE, INC.",USD,2025,5,ROIC; ROIC最低値,0.1115,0.0705,0.1875,0.0645,1.3918,True,True,False,False,reported,RevenueFromContractWithCustomerExcludingAssessedTax,0.1218,0.0746,False,8.4,52.7
RGLD,"Royal Gold, Inc",USD,2025,5,ROIC; ROIC最低値,0.0704,0.0704,0.6193,0.1373,1.567,True,True,False,False,reported,RevenueFromContractWithCustomerExcludingAssessedTax,0.0728,0.0728,False,3.3,0.0
SPGI,S&P Global Inc.,USD,2025,5,ROIC; ROIC最低値,0.1157,0.0696,0.4224,0.166,1.2,True,True,False,False,reported,RevenueFromContractWithCustomerExcludingAssessedTax,,,True,4.1,82.5
VMC,VULCAN MATERIALS COMPANY,USD,2025,5,ROIC; ROIC最低値,0.0993,0.0696,0.204,0.0936,0.8881,True,True,False,False,reported,RevenueFromContractWithCustomerExcludingAssessedTax+Revenues,0.1007,0.0706,False,1.4,29.3
CSW,"CSW INDUSTRIALS, INC.",USD,2026,5,ROIC; ROIC最低値,0.0694,0.0694,0.1557,0.1465,1.1515,True,True,False,False,reported,RevenueFromContractWithCustomerExcludingAssessedTax,0.0706,0.0706,False,1.8,33.0
SSNC,"SS&C TECHNOLOGIES HOLDINGS, INC.",USD,2025,5,ROIC; ROIC最低値,0.0793,0.0688,0.2291,0.0556,1.8234,True,True,False,False,reported,RevenueFromContractWithCustomerExcludingAssessedTax,0.0819,0.0712,False,3.2,69.8
ELMD,"Electromed, Inc.",USD,2025,5,FCFマイナス; ROIC最低値,0.1766,0.0687,0.1509,0.1567,0.9872,True,False,False,False,reported,RevenueFromContractWithCustomerExcludingAssessedTax,0.2733,0.0902,False,35.4,0.0
EVTC,"EVERTEC, Inc.",USD,2025,5,ROIC; ROIC最低値,0.0867,0.0687,0.2001,0.1211,1.3841,True,True,False,False,reported,RevenueFromContractWithCustomerExcludingAssessedTax,0.1058,0.0847,False,18.0,52.5
GLPI,"Gaming and Leisure Properties, Inc.",USD,2025,5,ROIC; ROIC最低値,0.0802,0.0669,0.7534,0.0701,1385315.3507,True,True,False,False,reported,Revenues,0.0802,0.0669,False,0.0,0.0
EE,"Excelerate Energy, Inc",USD,2025,5,ROIC; ROIC最低値,0.0666,0.0666,0.2171,0.0843,11.2617,True,True,False,False,reported,Revenues,0.0802,0.0802,False,17.0,0.0
SPG,"SIMON PROPERTY GROUP, INC.",USD,2025,5,ROIC; ROIC最低値,0.0746,0.0665,0.4989,0.0561,0.9932,True,True,False,False,reported,Revenues,0.0764,0.0677,False,2.4,0.1
NICE,NICE LTD.,USD,2025,5,ROIC; ROIC最低値,0.1316,0.0647,0.2192,0.1127,1.5719,True,True,False,False,reported,Revenues,0.1475,0.1161,False,10.8,63.0
WDS,Woodside Energy Group Ltd,USD,2025,5,ROIC; ROIC最低値,0.0642,0.0642,0.2995,0.1686,1.9345,True,True,False,False,reported,Revenue,0.0729,0.0696,False,11.9,8.3
EXR,Extra Space Storage Inc.,USD,2025,5,ROIC; ROIC最低値,0.0831,0.0642,10.9108,0.1823,1.6968,True,True,False,True,reported,RevenueFromContractWithCustomerExcludingAssessedTax,0.0839,0.0647,False,1.0,1.3
NVT,nVent Electric plc,USD,2025,5,ROIC; ROIC最低値,0.0921,0.064,0.1584,0.1214,0.9166,True,True,False,False,reported,RevenueFromContractWithCustomerExcludingAssessedTax,0.0921,0.064,False,0.0,50.6
NATL,NCR ATLEOS CORPORATION,USD,2025,5,ROIC最低値; 営業利益率,0.9394,0.0627,0.1098,0.0524,3.5225,True,True,False,True,reported,RevenueFromContractWithCustomerExcludingAssessedTax,,,True,113.4,487.1
ESRT,"Empire State Realty Trust, Inc.",USD,2025,5,ROIC; ROIC最低値,0.1011,0.0626,0.1766,0.0533,1.5076,True,True,False,False,reported,Revenues,0.1156,0.1088,False,12.5,46.4
UFPT,"UFP Technologies, Inc.",USD,2025,5,ROIC; ROIC最低値,0.1304,0.0622,0.1532,0.3074,1.0086,True,True,False,False,reported,RevenueFromContractWithCustomerIncludingAssessedTax+RevenueF,0.1353,0.0649,False,3.6,35.3
SUZ,Suzano S.A.,BRL,2025,5,ROIC; ROIC最低値,0.062,0.062,0.2125,0.0517,1.1056,True,True,False,False,reported,RevenueFromContractsWithCustomers,0.0699,0.0699,False,11.2,0.0
ERII,"Energy Recovery, Inc.",USD,2025,5,ROIC; ROIC最低値,0.0915,0.0611,0.177,0.0676,0.7124,True,True,False,False,reported,RevenueFromContractWithCustomerExcludingAssessedTax,0.1441,0.1181,False,36.5,6.2
TW,Tradeweb Markets Inc.,USD,2025,5,ROIC; ROIC最低値,0.1014,0.061,0.407,0.1751,1.7524,True,True,False,False,reported,RevenueFromContractWithCustomerExcludingAssessedTax,0.1492,0.0772,False,32.0,48.4
AVB,"AVALONBAY COMMUNITIES, INC.",USD,2025,5,ROIC; ROIC最低値,0.0762,0.0605,286.9851,0.2293,1.2534,True,True,False,True,reported,RevenueFromContractWithCustomerExcludingAssessedTax,0.0769,0.0618,False,0.9,0.0
STRW,"Strawberry Fields REIT, Inc.",USD,2025,5,ROIC; ROIC最低値,0.0825,0.0605,0.5438,0.1552,18.2818,True,True,False,False,reported,RevenueFromContractWithCustomerExcludingAssessedTax,0.0859,0.064,False,3.9,0.0
ICE,"INTERCONTINENTAL EXCHANGE, INC.",USD,2025,5,ROIC; ROIC最低値,0.0802,0.0604,0.39,0.0836,1.2995,True,True,False,False,reported,RevenueFromContractWithCustomerExcludingAssessedTax,0.0816,0.0615,False,1.7,63.1
ESE,ESCO TECHNOLOGIES INC.,USD,2025,5,ROIC; ROIC最低値,0.0931,0.0589,0.1857,0.1124,0.8784,True,True,False,False,derived,RevenueFromContractWithCustomerExcludingAssessedTax,0.0989,0.0618,False,5.9,44.1
VRRM,VERRA MOBILITY CORPORATION,USD,2025,5,ROIC; ROIC最低値,0.1426,0.0588,0.2435,0.1548,2.1648,True,True,False,False,reported,RevenueFromContractWithCustomerExcludingAssessedTax,0.15,0.063,False,4.9,56.1
PKE,Park Aerospace Corp.,USD,2026,5,ROIC; ROIC最低値,0.0821,0.0586,0.1842,0.0815,1.3697,True,True,False,False,reported,RevenueFromContractWithCustomerIncludingAssessedTax,0.2628,0.1854,False,68.8,0.0
NDAQ,"Nasdaq, Inc.",USD,2025,5,ROIC; ROIC最低値,0.0867,0.0586,0.2821,0.0885,1.2322,True,True,False,False,reported,RevenueFromContractWithCustomerExcludingAssessedTax,0.0893,0.0599,False,2.8,67.7
WPM,WHEATON PRECIOUS METALS CORP.,USD,2025,5,ROIC; ROIC最低値,0.1438,0.0571,0.6833,0.1781,1.3305,True,True,False,False,reported,Revenue,0.1658,0.062,False,13.3,0.0
CUZ,COUSINS PROPERTIES INC,USD,2025,5,ROIC; ROIC最低値,0.0663,0.0567,0.6775,0.0711,3.1319,True,True,False,False,reported,Revenues,0.0664,0.0568,False,0.1,0.0
BSX,BOSTON SCIENTIFIC CORP,USD,2025,5,ROIC; ROIC最低値,0.1163,0.0561,0.18,0.1399,1.2826,True,True,False,False,reported,RevenueFromContractWithCustomerExcludingAssessedTax,0.1265,0.0633,False,8.0,74.5
VICI,VICI Properties Inc.,USD,2025,5,ROIC; ROIC最低値,0.0694,0.056,0.9771,0.2763,0.9815,True,True,False,False,derived,Revenues,0.0703,0.0567,False,1.4,0.0
SVM,SILVERCORP METALS INC.,USD,2025,5,ROIC; ROIC最低値,0.116,0.0545,0.3451,0.1169,2.386,True,True,False,False,reported,Revenue,0.2406,0.0776,False,51.8,0.0
TRP,TC ENERGY CORPORATION,CAD,2025,5,売上CAGR; ROIC最低値,0.2201,0.0539,0.5273,0.0329,2.5701,True,True,False,False,reported,Revenues,0.2214,0.0549,False,0.6,45.1
KDP,Keurig Dr Pepper Inc.,USD,2025,5,ROIC; ROIC最低値,0.0716,0.0536,0.2153,0.0696,0.9695,True,True,False,False,reported,RevenueFromContractWithCustomerExcludingAssessedTax,0.0735,0.0543,False,2.6,51.3
HQI,"HireQuest, Inc.",USD,2025,5,ROIC; ROIC最低値,0.0726,0.0532,0.205,0.0799,1.7052,True,True,False,False,reported,Revenues,0.0726,0.0532,False,0.0,2.4
IIPR,"Innovative Industrial Properties, Inc.",USD,2025,5,ROIC; ROIC最低値,0.0531,0.0531,0.4667,0.0678,1.59,True,True,False,False,reported,Revenues,0.0545,0.0545,False,2.6,0.0
SANG,SANGOMA TECHNOLOGIES CORP,USD,2025,5,ROIC最低値; FCF転換,0.2157,0.053,0.3484,0.1585,,True,True,False,False,derived,Revenue,0.2258,0.0558,False,4.5,61.8
ROP,ROPER TECHNOLOGIES INC,USD,2025,5,ROIC; ROIC最低値,0.0605,0.0503,0.2829,0.1308,0.9556,True,True,False,False,reported,RevenueFromContractWithCustomerExcludingAssessedTax,0.0611,0.0512,False,1.0,73.1
PRGS,PROGRESS SOFTWARE CORP /MA,USD,2025,5,ROIC; ROIC最低値,0.0645,0.0499,0.1568,0.1647,2.5024,True,True,False,False,reported,RevenueFromContractWithCustomerExcludingAssessedTax,0.0679,0.053,False,5.0,69.7
CHDN,Churchill Downs Inc,USD,2025,5,ROIC; ROIC最低値,0.088,0.0493,0.2337,0.1634,1.4595,True,True,False,False,reported,RevenueFromContractWithCustomerExcludingAssessedTax,0.091,0.0506,False,3.3,14.7
WAB,WESTINGHOUSE AIR BRAKE TECHNOLOGIES CORP,USD,2025,5,ROIC; ROIC最低値,0.0849,0.0485,0.1606,0.0931,1.4114,True,True,False,False,reported,RevenueFromContractWithCustomerExcludingAssessedTax,0.0849,0.0485,False,0.0,61.2
JOE,The St. Joe Company,USD,2025,5,ROIC; ROIC最低値,0.0998,0.0478,0.2849,0.1775,1.2903,True,True,False,False,reported,Revenues,0.1124,0.0496,False,11.2,0.0
CPA,"COPA HOLDINGS, S.A.",USD,2025,5,ROIC; ROIC最低値,0.1412,0.0475,0.2264,0.2441,2.0395,True,True,False,False,reported,Revenue,0.1994,0.0794,False,29.2,0.0
TIGO,MILLICOM INTERNATIONAL CELLULAR SA,USD,2025,5,ROIC; ROIC最低値,0.1247,0.0474,0.2817,0.081,1.4445,True,True,False,False,reported,Revenue,0.1466,0.0519,False,14.9,41.1
YORW,YORK WATER CO,USD,2025,5,ROIC; ROIC最低値,0.0473,0.0473,0.3597,0.09,1.3634,True,True,False,False,reported,RevenueFromContractWithCustomerExcludingAssessedTax,0.0473,0.0473,False,0.0,0.0
EPAC,ENERPAC TOOL GROUP CORP.,USD,2025,5,売上CAGR; ROIC最低値,0.1712,0.0467,0.2164,0.0393,1.1317,True,True,False,False,reported,RevenueFromContractWithCustomerExcludingAssessedTax,0.2271,0.0609,False,24.6,47.1
MTN,"Vail Resorts, Inc.",USD,2025,5,ROIC; ROIC最低値,0.1222,0.0464,0.1889,0.1162,1.5553,True,True,False,False,reported,Revenues,0.1392,0.0644,False,12.2,46.3
TS,Tenaris SA,USD,2025,5,ROIC; ROIC最低値,0.1087,0.0463,0.1906,0.1642,0.9659,True,True,False,False,reported,Revenue,0.1315,0.0492,False,17.3,0.0
LPG,DORIAN LPG LTD.,USD,2026,5,ROIC; ROIC最低値,0.0977,0.0461,0.4365,0.1511,1.3335,True,True,False,False,reported,Revenues,0.121,0.0542,False,19.3,0.0
RBA,"RB Global, Inc",USD,2025,5,ROIC; ROIC最低値,0.0713,0.046,0.1554,0.3416,1.6707,True,True,False,False,reported,Revenues,0.0764,0.0495,False,6.7,59.0
DTM,"DT Midstream, Inc.",USD,2025,5,ROIC; ROIC最低値,0.0602,0.046,0.494,0.1029,0.9154,True,True,False,False,reported,Revenues,0.0606,0.0469,False,0.7,9.7
ED,CONSOLIDATED EDISON INC,USD,2025,5,ROIC; ROIC最低値,0.0464,0.0452,0.1722,0.061,1840.0939,True,True,False,False,reported,RevenueFromContractWithCustomerExcludingAssessedTax,0.0479,0.0465,False,3.3,0.8
CODA,"CODA OCTOPUS GROUP, INC.",USD,2025,5,ROIC; ROIC最低値,0.0617,0.0447,0.1708,0.0564,0.8455,True,True,False,False,reported,RevenueFromContractWithCustomerExcludingAssessedTax,0.1218,0.0903,False,49.4,6.3
AEP,"American Electric Power Company, Inc.",USD,2025,5,ROIC; ROIC最低値,0.0536,0.043,0.2431,0.0684,2.0388,True,True,False,False,reported,Revenues,0.0538,0.0433,False,0.5,0.1
DIS,WALT DISNEY CO/,USD,2025,5,ROIC; ROIC最低値,0.0913,0.0429,0.1859,0.0879,1.0688,True,True,False,False,reported,Revenues,0.0948,0.0483,False,3.7,48.3
FRT,FEDERAL REALTY INVESTMENT TRUST,USD,2025,5,ROIC; ROIC最低値,0.0579,0.0424,0.4708,0.0768,1.7236,True,True,False,False,reported,Revenues,0.0587,0.0438,False,1.3,0.0
GTY,GETTY REALTY CORP.,USD,2025,5,ROIC; ROIC最低値,0.0485,0.0421,0.5718,0.0929,1.495,True,True,False,False,reported,Revenues,0.0487,0.0422,False,0.4,0.0
TDY,TELEDYNE TECHNOLOGIES INC,USD,2025,5,ROIC; ROIC最低値,0.0699,0.0421,0.188,0.1865,1.2109,True,True,False,False,reported,RevenueFromContractWithCustomerExcludingAssessedTax,0.0719,0.0439,False,2.7,66.9
AXR,AMREP CORPORATION,USD,2025,5,ROIC; ROIC最低値,0.0736,0.0415,0.2436,0.0553,0.8218,True,True,False,False,reported,RevenueFromContractWithCustomerExcludingAssessedTax,0.1057,0.0506,False,30.4,0.0
EPR,EPR PROPERTIES,USD,2025,5,ROIC; ROIC最低値,0.0622,0.0406,0.5767,0.0781,1.75,True,True,False,False,reported,Revenues,0.0633,0.0429,False,1.7,0.0
PEBO,PEOPLES BANCORP INC,USD,2025,5,ROIC; ROIC最低値,0.0549,0.0405,1.5545,0.0903,1.3535,True,True,False,True,reported,RevenueFromContractWithCustomerExcludingAssessedTax,0.0608,0.0608,False,9.7,18.7
BSY,"BENTLEY SYSTEMS, INCORPORATED",USD,2025,5,ROIC; ROIC最低値,0.1175,0.0405,0.2415,0.1169,1.6789,True,True,False,False,reported,RevenueFromContractWithCustomerExcludingAssessedTax,0.1237,0.0493,False,5.1,101.8
ZWS,ZURN ELKAY WATER SOLUTIONS CORPORATION,USD,2025,5,ROIC; ROIC最低値,0.1049,0.0393,0.1645,0.1681,1.8585,True,True,False,False,reported,RevenueFromContractWithCustomerExcludingAssessedTax,0.1225,0.0418,False,14.3,37.9
STE,STERIS plc,USD,2026,5,ROIC; ROIC最低値,0.0955,0.0392,0.1856,0.0888,1.4843,True,True,False,False,reported,Revenues,0.0955,0.0392,False,0.0,46.0
TYL,"TYLER TECHNOLOGIES, INC.",USD,2025,5,ROIC; ROIC最低値,0.0657,0.039,0.1534,0.1001,2.1475,True,True,False,False,reported,RevenueFromContractWithCustomerExcludingAssessedTax,0.0882,0.0432,False,25.5,60.2
SMA,"SmartStop Self Storage REIT, Inc.",USD,2025,5,ROIC; ROIC最低値,0.0396,0.0381,0.2102,0.1361,60.1977,True,True,False,False,reported,RevenueFromContractWithCustomerExcludingAssessedTax,0.0415,0.0415,False,4.6,5.9
VRT,Vertiv Holdings Co,USD,2025,5,FCFマイナス; ROIC最低値,0.2109,0.0381,0.1789,0.1961,1.4903,True,False,False,False,reported,RevenueFromContractWithCustomerExcludingAssessedTax,0.282,0.0404,False,25.2,29.7
ADC,Agree Realty Corporation,USD,2025,5,ROIC; ROIC最低値,0.0429,0.0372,0.4738,0.2063,2.3098,True,True,False,False,reported,Revenues,0.043,0.0374,False,0.3,0.0
D,"DOMINION ENERGY, INC",USD,2025,5,ROIC; ROIC最低値,0.1106,0.0368,0.2671,0.091,2.1312,True,True,False,False,reported,RevenueFromContractWithCustomerExcludingAssessedTax,0.1114,0.0369,False,0.8,13.1
WTRG,"Essential Utilities, Inc.",USD,2025,5,ROIC; ROIC最低値,0.099,0.0366,0.7593,0.0714,1.8045,True,True,False,False,reported,Revenues,0.0993,0.0367,False,0.2,15.7
PLD,"Prologis, Inc.",USD,2025,5,ROIC; ROIC最低値,0.039,0.0355,0.4958,0.1658,1.3649,True,True,False,False,reported,Revenues,0.0395,0.0357,False,1.3,0.0
HTO,H2O AMERICA,USD,2025,5,ROIC; ROIC最低値,0.0409,0.0342,0.2204,0.0954,2.2302,True,True,False,False,reported,RevenueFromContractWithCustomerExcludingAssessedTax,0.0411,0.0344,False,0.6,18.7
THG,"HANOVER INSURANCE GROUP, INC.",USD,2025,5,ROIC最低値; 営業利益率,0.2064,0.0338,0.1415,0.0598,2.3076,True,True,False,False,reported,Revenues,0.301,0.0388,False,31.4,5.0
PRXA,"PROCACCIANTI HOTEL REIT, INC.",USD,2025,5,ROIC; ROIC最低値,0.0523,0.0334,0.1913,0.0715,1.6748,True,True,False,False,reported,RevenueFromContractWithCustomerIncludingAssessedTax,0.0523,0.0334,False,0.0,0.0
YELP,YELP INC.,USD,2025,5,ROIC最低値; 営業利益率,0.2051,0.0331,0.126,0.0916,2.6371,True,True,False,False,reported,RevenueFromContractWithCustomerExcludingAssessedTax,0.3723,0.0917,False,44.9,19.1
EPRT,"Essential Properties Realty Trust, Inc.",USD,2025,5,ROIC; ROIC最低値,0.0422,0.0331,0.6413,0.2495,1.5088,True,True,False,False,reported,Revenues,0.0426,0.0337,False,0.9,0.0
OTEX,OPEN TEXT CORP,USD,2025,5,ROIC; ROIC最低値,0.0684,0.0316,0.1727,0.1115,2.1899,True,True,False,False,reported,RevenueFromContractWithCustomerExcludingAssessedTax,0.0771,0.0349,False,11.2,72.9
SFL,SFL Corporation Ltd.,USD,2025,5,ROIC; ROIC最低値,0.0306,0.0306,0.1865,0.0931,2.9334,True,True,False,False,reported,Revenues,0.032,0.032,False,4.3,0.0
LTC,LTC PROPERTIES INC,USD,2025,5,ROIC; ROIC最低値,0.0844,0.0297,0.7789,0.1406,1.1074,True,True,False,False,reported,Revenues,0.085,0.0298,False,0.8,0.0
ADI,"Analog Devices, Inc.",USD,2025,5,ROIC; ROIC最低値,0.0552,0.0295,0.2661,0.1077,1.5079,True,True,False,False,reported,RevenueFromContractWithCustomerExcludingAssessedTax,0.0605,0.0309,False,8.7,64.2
ENB,ENBRIDGE INC.,CAD,2025,5,ROIC; ROIC最低値,0.0516,0.0291,0.3736,0.1084,0.9449,True,True,False,False,reported,RevenueFromContractWithCustomerExcludingAssessedTax,0.0519,0.0293,False,0.7,21.0
GILD,"GILEAD SCIENCES, INC.",USD,2025,5,売上CAGR; ROIC最低値,0.1662,0.0285,0.3404,0.019,1.8189,True,True,False,False,reported,RevenueFromContractWithCustomerExcludingAssessedTax,0.1664,0.0285,False,0.1,17.5
GRND,Grindr Inc.,USD,2025,5,ROIC最低値; FCF転換,0.2253,0.0282,0.2871,0.3179,,True,True,True,False,reported,RevenueFromContractWithCustomerExcludingAssessedTax,0.2804,0.0289,False,19.7,62.3
AAT,"AMERICAN ASSETS TRUST, INC.",USD,2025,5,ROIC; ROIC最低値,0.0404,0.0272,3.6562,0.1248,1.5483,True,True,False,True,reported,RevenueFromContractWithCustomerExcludingAssessedTax,0.0424,0.0286,False,4.5,0.0
MSEX,MIDDLESEX WATER COMPANY,USD,2025,5,ROIC; ROIC最低値,0.0488,0.027,0.2793,0.0802,1358790.4858,True,True,False,False,reported,RevenueFromContractWithCustomerIncludingAssessedTax+Revenues,0.0489,0.0271,False,0.3,0.0
FTI,TechnipFMC plc,USD,2025,5,ROIC最低値; 営業利益率,0.299,0.0268,0.1446,0.116,1.9097,True,True,False,False,reported,Revenues,0.4108,0.0356,False,27.2,0.0
GMED,"GLOBUS MEDICAL, INC.",USD,2025,5,ROIC; ROIC最低値,0.0829,0.0263,0.1633,0.3234,1.3444,True,True,False,False,reported,Revenues,0.0835,0.0266,False,0.7,31.4
GTM,ZoomInfo Technologies Inc.,USD,2025,5,ROIC; ROIC最低値,0.0629,0.0263,0.1806,0.1372,4.0084,True,True,False,False,reported,RevenueFromContractWithCustomerExcludingAssessedTax,0.0672,0.0277,False,6.4,59.8
OII,OCEANEERING INTERNATIONAL INC,USD,2025,5,ROIC最低値; 営業利益率,0.1544,0.026,0.1152,0.0969,1.0919,True,True,False,False,reported,RevenueFromContractWithCustomerExcludingAssessedTax,0.2791,0.0475,False,44.7,3.3
NEE,NEXTERA ENERGY INC,USD,2025,5,ROIC; ROIC最低値,0.0443,0.0256,0.3209,0.0823,1.8348,True,True,False,False,reported,RevenueFromContractWithCustomerIncludingAssessedTax,0.0452,0.0258,False,1.9,3.3
AXIA,AXIA Energia S.A.,BRL,2024,5,ROIC; ROIC最低値,0.0839,0.0252,0.488,0.1215,0.8953,True,True,False,False,reported,Revenue,0.098,0.027,False,14.4,0.0
RSVR,"Reservoir Media, Inc.",USD,2026,5,ROIC; ROIC最低値,0.0362,0.0248,0.2176,0.1297,5.4652,True,True,False,False,reported,RevenueFromContractWithCustomerExcludingAssessedTax,0.0374,0.0255,False,3.1,0.0
CWT,CALIFORNIA WATER SERVICE GROUP,USD,2025,5,ROIC; ROIC最低値,0.0425,0.0245,0.1768,0.0592,2.267,True,True,False,False,reported,RevenueFromContractWithCustomerExcludingAssessedTax,0.0432,0.0249,False,1.6,1.2
RPC,"Ridgepost Capital, Inc.",USD,2025,5,ROIC; ROIC最低値,0.0667,0.0231,0.2204,0.1855,3.8945,True,True,False,False,reported,RevenueFromContractWithCustomerExcludingAssessedTax,0.0692,0.0241,False,3.6,72.0
NLCP,"NewLake Capital Partners, Inc.",USD,2025,5,ROIC; ROIC最低値,0.0555,0.0212,0.5336,0.1615,1.688,True,True,False,False,reported,Revenues,0.0591,0.0302,False,6.2,0.0
UDR,"UDR, Inc.",USD,2025,5,ROIC; ROIC最低値,0.048,0.0207,48.7286,0.1681,2.5484,True,True,False,True,reported,RevenueFromContractWithCustomerExcludingAssessedTax,0.048,0.0207,False,0.0,0.0
KIM,KIMCO REALTY CORPORATION,USD,2025,5,ROIC; ROIC最低値,0.0336,0.0198,0.3602,0.1191,1.8869,True,True,False,False,reported,Revenues,0.034,0.0202,False,1.2,0.0
ARM,ARM HOLDINGS PLC /UK,USD,2026,5,ROIC; ROIC最低値,0.0858,0.0166,0.1829,0.1615,1.0582,True,True,False,False,reported,RevenueFromContractWithCustomerExcludingAssessedTax,0.0956,0.0204,False,10.3,0.0
SKYW,SKYWEST INC,USD,2025,5,ROIC; ROIC最低値,0.095,0.0161,0.1522,0.1059,3.6682,True,True,False,False,reported,RevenueFromContractWithCustomerIncludingAssessedTax,0.1101,0.0192,False,13.8,0.0
APLE,"APPLE HOSPITALITY REIT, INC.",USD,2025,5,ROIC; ROIC最低値,0.0435,0.015,0.1825,0.109,1.9754,True,True,False,False,reported,RevenueFromContractWithCustomerExcludingAssessedTax,0.0435,0.015,False,0.2,0.0
PSTL,"POSTAL REALTY TRUST, INC.",USD,2025,5,ROIC; ROIC最低値,0.042,0.0148,0.3583,0.2446,4.28,True,True,False,False,reported,Revenues,0.0421,0.0151,False,0.2,0.2
EXPE,"EXPEDIA GROUP, INC.",USD,2025,5,ROIC最低値; 営業利益率,0.1985,0.014,0.127,0.1441,3.6785,True,True,False,False,reported,RevenueFromContractWithCustomerExcludingAssessedTax,0.8634,0.0237,False,77.0,92.3
ECPG,"ENCORE CAPITAL GROUP, INC.",USD,2025,5,売上CAGR; ROIC最低値,0.5068,0.0139,7.0897,-0.0751,1.8022,True,True,False,True,reported,RevenueFromContractWithCustomerExcludingAssessedTax,0.6037,0.0168,False,16.1,54.9
IRDM,Iridium Communications Inc.,USD,2025,5,ROIC; ROIC最低値,0.0839,0.0126,0.2707,0.0913,5.7094,True,True,False,False,reported,RevenueFromContractWithCustomerExcludingAssessedTax,0.0877,0.0142,False,4.3,0.0
AZN,ASTRAZENECA PLC,USD,2025,5,ROIC; ROIC最低値,0.148,0.0124,0.234,0.1193,1.6635,True,True,False,False,reported,Revenue,0.1605,0.0137,False,7.8,28.9
CTO,"CTO REALTY GROWTH, INC.",USD,2025,5,ROIC; ROIC最低値,0.0227,0.0089,0.2275,0.2078,12.3816,True,True,False,False,reported,Revenues,0.0228,0.0091,False,0.5,0.0
CSR,CENTERSPACE,USD,2025,5,ROIC; ROIC最低値,0.0293,0.0063,0.2358,0.0793,6.8182,True,True,False,False,reported,Revenues,0.0295,0.0063,False,0.7,0.0
CRM,"Salesforce, Inc.",USD,2026,5,ROIC; ROIC最低値,0.0894,0.0063,0.2006,0.1189,2.4653,True,True,False,False,reported,RevenueFromContractWithCustomerExcludingAssessedTax,0.1028,0.0074,False,13.0,78.7
POWL,"Powell Industries, Inc.",USD,2025,5,FCFマイナス; ROIC最低値,0.2686,0.0027,0.1973,0.2377,0.9682,True,False,False,False,reported,RevenueFromContractWithCustomerExcludingAssessedTax,1.0416,0.0048,False,74.2,1.0
CAAP,CORPORACION AMERICA AIRPORTS S.A.,USD,2025,5,ROIC; ROIC最低値,0.1438,0.0027,0.2489,0.2907,1.9287,True,True,False,False,reported,Revenue,0.1847,0.0033,False,22.1,0.0
TKO,"TKO GROUP HOLDINGS, INC.",USD,2025,5,ROIC; ROIC最低値,0.0716,0.0024,0.1763,0.4636,2.7618,True,True,False,False,reported,Revenues,0.0716,0.0024,False,0.0,91.6
ADT,ADT Inc.,USD,2025,5,ROIC; ROIC最低値,0.0902,0.0006,0.2552,0.051,5.9944,True,True,False,False,reported,RevenueFromContractWithCustomerExcludingAssessedTax,0.0908,0.0006,False,0.7,42.6
DHT,"DHT HOLDINGS, INC.",USD,2025,5,ROIC; ROIC最低値,0.1167,0.0001,0.4514,0.1393,1.6813,True,True,False,False,reported,Revenue,0.1231,0.0001,False,5.2,0.1
APP,AppLovin Corp,USD,2025,5,営業赤字; ROIC最低値,0.5808,-0.0074,0.7575,0.1836,1.5463,False,True,False,False,reported,RevenueFromContractWithCustomerExcludingAssessedTax,1.0378,-0.0094,False,44.0,27.3
HTHT,H World Group Ltd,CNY,2025,5,営業赤字; ROIC最低値,0.2893,-0.0125,0.2695,0.1861,2.6672,False,True,False,False,reported,RevenueFromContractWithCustomerExcludingAssessedTax,1.6129,-0.0175,False,82.1,29.2
IMAX,IMAX Corporation,USD,2025,5,営業赤字; ROIC最低値,0.1969,-0.0145,0.2053,0.1263,5.9419,False,True,False,False,reported,RevenueFromContractWithCustomerExcludingAssessedTax,0.3564,-0.023,False,44.7,13.6
HMY,HARMONY GOLD MINING COMPANY LIMITED,ZAR,2025,5,営業赤字; ROIC最低値,0.3208,-0.018,0.2755,0.1535,0.7886,False,True,False,False,reported,Revenue,0.4343,-0.0194,False,26.1,0.0
UPWK,UPWORK INC.,USD,2025,5,営業赤字; ROIC最低値,0.1621,-0.09,0.1641,0.1188,2.0045,False,True,False,False,reported,RevenueFromContractWithCustomerExcludingAssessedTax,,,True,106.7,23.7
LNTH,"LANTHEUS HOLDINGS, INC.",USD,2025,5,営業赤字; ROIC最低値,0.2252,-0.1009,0.2016,0.3799,1.7012,False,True,False,False,reported,RevenueFromContractWithCustomerExcludingAssessedTax,0.3357,-0.1273,False,32.9,22.0
PLTR,Palantir Technologies Inc.,USD,2025,5,営業赤字; ROIC最低値,0.1512,-0.1417,0.3159,0.3053,3.1675,False,True,False,False,reported,RevenueFromContractWithCustomerExcludingAssessedTax,,,True,97.2,0.0
APPF,"AppFolio, Inc.",USD,2025,5,営業赤字; ROIC最低値,0.2226,-0.2153,0.1608,0.2754,1.8619,False,True,False,False,reported,RevenueFromContractWithCustomerExcludingAssessedTax,0.2773,-0.2935,False,19.7,17.8
YOU,"CLEAR SECURE, INC.",USD,2025,5,営業赤字; ROIC最低値,0.8289,-0.3503,0.207,0.3724,4.7238,False,True,False,False,reported,RevenueFromContractWithCustomerExcludingAssessedTax,,,True,393.9,35.3
NROM,"NOBLE ROMAN’S, INC.",USD,2025,4,FCFマイナス; 売上CAGR; 営業利益率,0.5537,0.4758,0.1461,0.0435,1.6277,True,False,False,False,reported,Revenues,0.5537,0.4758,False,0.0,8.1
AES,AES CORP,USD,2025,4,FCFマイナス; 売上CAGR; FCF転換,0.383,0.383,0.161,0.0237,-6.9055,True,False,False,False,derived,Revenues,0.6208,0.6208,False,38.3,8.4
LW,"LAMB WESTON HOLDINGS, INC.",USD,2025,4,FCFマイナス; 営業利益率; FCF転換,0.3024,0.3024,0.1031,0.1514,0.2837,True,False,False,False,reported,RevenueFromContractWithCustomerIncludingAssessedTax,,,True,4.1,62.7
CURV,TORRID HOLDINGS INC.,USD,2026,4,FCFマイナス; 売上CAGR; 営業利益率,0.2866,0.2866,0.0214,-0.063,4.652,True,False,True,False,reported,RevenueFromContractWithCustomerExcludingAssessedTax,0.4338,0.4338,False,33.9,0.0
CRMT,"AMERICA’S CAR-MART, INC.",USD,2026,4,FCFマイナス; 売上CAGR; FCF転換,0.2762,0.2762,0.1515,-0.0026,,True,False,False,False,derived,RevenueFromContractWithCustomerExcludingAssessedTax,0.3087,0.3087,False,10.5,5.1
CNS,"COHEN & STEERS, INC.",USD,2025,4,FCFマイナス; 売上CAGR; FCF転換,0.2499,0.2499,0.3196,-0.0121,0.455,True,False,False,False,reported,RevenueFromContractWithCustomerIncludingAssessedTax,0.3371,0.3371,False,25.9,3.3
BURL,"BURLINGTON STORES, INC.",USD,2026,4,FCFマイナス; 営業利益率; FCF転換,0.2566,0.2199,0.1078,0.0555,0.6063,True,False,False,False,derived,RevenueFromContractWithCustomerExcludingAssessedTax,0.3781,0.3559,False,32.1,1.2
MOD,Modine Manufacturing Company,USD,2026,4,FCFマイナス; 営業利益率; FCF転換,0.225,0.1992,0.1076,0.1161,0.5524,True,False,False,False,reported,RevenueFromContractWithCustomerExcludingAssessedTax,0.2397,0.2259,False,6.1,24.3
TREX,"Trex Company, Inc.",USD,2025,4,FCFマイナス; 売上CAGR; FCF転換,0.197,0.197,0.2197,-0.0048,0.3976,True,False,False,False,reported,RevenueFromContractWithCustomerExcludingAssessedTax,0.1978,0.1978,False,0.4,0.0
LAD,"Lithia Motors, Inc.",USD,2025,4,FCFマイナス; 営業利益率; FCF転換,0.1908,0.1863,0.0424,0.1331,0.0001,True,False,False,False,reported,RevenueFromContractWithCustomerExcludingAssessedTax,0.1908,0.1863,False,0.0,37.5
EDUC,EDUCATIONAL DEVELOPMENT CORPORATION,USD,2026,4,FCFマイナス; 売上CAGR; FCF転換,0.1872,0.1794,0.4426,-0.3665,-4.1694,True,False,False,False,derived,Revenues,0.1923,0.1806,False,2.6,0.0
RPM,RPM International Inc.,USD,2025,4,FCFマイナス; 売上CAGR; 営業利益率,0.2199,0.1724,0.1092,0.0482,0.849,True,False,False,False,derived,RevenueFromContractWithCustomerExcludingAssessedTax,0.2459,0.1874,False,10.6,55.9
LRE,"LEAD REAL ESTATE CO., LTD",JPY,2025,4,FCFマイナス; 営業利益率; FCF転換,0.2316,0.1675,0.0783,0.1375,-1.7984,True,False,False,False,reported,RevenueFromContractWithCustomerExcludingAssessedTax,0.2316,0.1675,False,0.0,0.0
BBSI,"BARRETT BUSINESS SERVICES, INC.",USD,2025,4,FCFマイナス; 営業利益率; FCF転換,0.2038,0.1664,0.0501,0.0675,0.3617,True,False,False,False,reported,RevenueFromContractWithCustomerIncludingAssessedTax,0.5859,0.4744,False,65.2,19.8
BOOT,"BOOT BARN HOLDINGS, INC.",USD,2026,4,FCFマイナス; 営業利益率; FCF転換,0.1792,0.1659,0.1327,0.1093,0.257,True,False,False,False,reported,RevenueFromContractWithCustomerExcludingAssessedTax,0.2007,0.1782,False,10.7,15.0
PAHC,Phibro Animal Health Corporation,USD,2025,4,FCFマイナス; 営業利益率; FCF転換,0.3055,0.1641,0.0852,0.1168,0.3387,True,False,False,False,reported,RevenueFromContractWithCustomerExcludingAssessedTax,0.4183,0.2821,False,27.0,20.9
HBB,HAMILTON BEACH BRANDS HOLDING COMPANY,USD,2025,4,FCFマイナス; 売上CAGR; 営業利益率,0.158,0.158,0.0603,-0.0202,1.2307,True,False,False,False,reported,Revenues+RevenueFromContractWithCustomerExcludingAssessedTax,0.2132,0.2101,False,25.9,3.9
NOA,North American Construction Group Ltd.,CAD,2025,4,FCFマイナス; 営業利益率; FCF転換,0.1889,0.1564,0.085,0.1837,0.4083,True,False,False,False,reported,RevenueFromContractWithCustomerExcludingAssessedTax,0.2419,0.1663,False,21.9,0.1
GRBK,"Green Brick Partners, Inc.",USD,2025,4,FCFマイナス; ROIC; FCF転換,0.1482,0.1482,0.2007,0.0981,0.271,True,False,False,False,derived,Revenues,0.1595,0.1583,False,7.1,0.0
SAMG,Silvercrest Asset Management Group Inc.,USD,2025,4,売上CAGR; ROIC; 営業利益率,0.1465,0.1465,0.0744,-0.0122,1.6249,True,True,False,False,reported,RevenueFromContractWithCustomerExcludingAssessedTax,,,True,87.7,126.7
DHI,"D.R. Horton, Inc.",USD,2025,4,ROIC; 営業利益率; FCF転換,0.1445,0.1445,0.1292,0.0538,0.4463,True,True,False,False,derived,Revenues,0.1648,0.1648,False,12.3,0.7
BLDR,"Builders FirstSource, Inc.",USD,2025,4,売上CAGR; ROIC; 営業利益率,0.1427,0.1427,0.0518,-0.0652,1.1889,True,True,False,False,reported,RevenueFromContractWithCustomerExcludingAssessedTax,0.1489,0.1489,False,4.2,95.1
IBEX,IBEX LIMITED,USD,2025,4,FCFマイナス; 営業利益率; FCF転換,0.2742,0.1421,0.0835,0.0593,0.6337,True,False,False,False,reported,RevenueFromContractWithCustomerExcludingAssessedTax,0.3095,0.2521,False,11.4,8.8
WST,"WEST PHARMACEUTICAL SERVICES, INC.",USD,2025,4,売上CAGR; ROIC; FCF転換,0.1368,0.1368,0.1903,0.0208,0.6825,True,True,False,False,reported,RevenueFromContractWithCustomerExcludingAssessedTax,0.1786,0.1786,False,23.4,3.3
TTC,THE TORO COMPANY,USD,2025,4,売上CAGR; ROIC; 営業利益率,0.1364,0.1338,0.0909,0.0331,0.9423,True,True,False,False,reported,RevenueFromContractWithCustomerExcludingAssessedTax,0.1364,0.1338,False,0.0,19.0
EACO,EACO CORPORATION,USD,2025,4,FCFマイナス; 営業利益率; FCF転換,0.2067,0.1318,0.0978,0.158,0.3362,True,False,False,False,reported,RevenueFromContractWithCustomerExcludingAssessedTax,0.2076,0.1327,False,0.5,0.0
NKE,"NIKE, Inc.",USD,2026,4,売上CAGR; ROIC; 営業利益率,0.1315,0.1315,0.0818,-0.0017,0.9234,True,True,False,False,derived,RevenueFromContractWithCustomerExcludingAssessedTax,0.1968,0.1968,False,33.2,1.1
PEP,"PepsiCo, Inc.",USD,2025,4,売上CAGR; ROIC; 営業利益率,0.1305,0.1305,0.1224,0.0427,0.8148,True,True,False,False,reported,Revenues,0.1512,0.1512,False,13.7,27.2
ATR,"AptarGroup, Inc",USD,2025,4,売上CAGR; ROIC; 営業利益率,0.1388,0.1296,0.1326,0.0401,0.7511,True,True,False,False,reported,RevenueFromContractWithCustomerExcludingAssessedTax,0.1621,0.1377,False,14.4,37.8
ENR,"ENERGIZER HOLDINGS, INC.",USD,2025,4,FCFマイナス; 売上CAGR; ROIC,0.147,0.1292,0.2261,-0.0057,2.2228,True,False,False,False,derived,RevenueFromContractWithCustomerExcludingAssessedTax,0.1574,0.138,False,6.6,29.3
VIPS,Vipshop Holdings Limited,CNY,2025,4,売上CAGR; ROIC; 営業利益率,0.1372,0.1274,0.0768,-0.0247,1.0513,True,True,False,False,reported,RevenueFromContractWithCustomerIncludingAssessedTax+RevenueF,0.3555,0.3411,False,61.4,1.6
MGA,Magna International Inc.,USD,2025,4,売上CAGR; ROIC; 営業利益率,0.1366,0.1264,0.0708,0.0376,1.2356,True,True,False,False,derived,RevenueFromContractWithCustomerExcludingAssessedTax,0.1508,0.136,False,9.4,14.6
MSM,"MSC INDUSTRIAL DIRECT CO., INC.",USD,2025,4,売上CAGR; ROIC; 営業利益率,0.1272,0.1232,0.08,0.0383,1.1156,True,True,False,False,reported,RevenueFromContractWithCustomerExcludingAssessedTax,0.1311,0.1259,False,3.0,38.6
HSIC,"HENRY SCHEIN, INC.",USD,2025,4,売上CAGR; ROIC; 営業利益率,0.1287,0.1213,0.0495,0.0154,1.1146,True,True,False,False,reported,RevenueFromContractWithCustomerExcludingAssessedTax,0.1287,0.1213,False,0.0,105.1
CNM,"Core & Main, Inc.",USD,2026,4,FCFマイナス; ROIC; 営業利益率,0.1376,0.1201,0.0944,0.1118,1.1397,True,False,False,False,reported,RevenueFromContractWithCustomerExcludingAssessedTax,0.1453,0.1201,False,5.3,46.3
LKQ,LKQ CORPORATION,USD,2025,4,売上CAGR; ROIC; 営業利益率,0.12,0.12,0.0727,0.0106,1.0616,True,True,False,False,reported,Revenues,0.1262,0.1262,False,4.9,82.8
PRG,"PROG HOLDINGS, INC.",USD,2025,4,売上CAGR; ROIC; 営業利益率,0.1218,0.1189,0.0858,-0.0261,1.3561,True,True,False,False,reported,Revenues,0.1582,0.1279,False,23.0,22.1
PSMT,"PriceSmart, Inc.",USD,2025,4,ROIC; 営業利益率; FCF転換,0.1281,0.1169,0.0441,0.0985,0.4548,True,True,False,False,reported,RevenueFromContractWithCustomerExcludingAssessedTax,0.164,0.1501,False,21.9,3.0
VSXY,VICTORIA'S SECRET & CO.,USD,2026,4,売上CAGR; ROIC; 営業利益率,0.1169,0.1169,0.0414,-0.0087,1.1526,True,True,False,False,reported,RevenueFromContractWithCustomerExcludingAssessedTax,0.1631,0.1529,False,28.3,20.0
ARCO,Arcos Dorados Holdings Inc.,USD,2025,4,FCFマイナス; 営業利益率; FCF転換,0.1509,0.1143,0.0779,0.1516,0.3399,True,False,False,False,reported,RevenueFromContractWithCustomerExcludingAssessedTax,0.1937,0.1608,False,22.1,0.9
ATI,ATI INC,USD,2025,4,FCFマイナス; 営業利益率; FCF転換,0.2758,0.1137,0.1397,0.1314,0.0858,True,False,False,False,reported,RevenueFromContractWithCustomerExcludingAssessedTax,0.3568,0.3568,False,22.7,12.3
AWK,"AMERICAN WATER WORKS COMPANY, INC.",USD,2025,4,FCFマイナス; ROIC; FCF転換,0.1195,0.1134,0.3669,0.0695,-0.7884,True,False,False,False,reported,RevenueFromContractWithCustomerExcludingAssessedTax,0.1204,0.1145,False,0.8,9.3
EBF,"ENNIS, INC.",USD,2026,4,売上CAGR; ROIC; 営業利益率,0.1348,0.1133,0.1343,-0.0048,1.24,True,True,False,False,reported,RevenueFromContractWithCustomerExcludingAssessedTax,0.1518,0.1518,False,11.2,34.5
OLED,UNIVERSAL DISPLAY CORPORATION,USD,2025,4,売上CAGR; ROIC; FCF転換,0.1115,0.1115,0.3821,0.0412,0.6529,True,True,False,False,reported,RevenueFromContractWithCustomerExcludingAssessedTax,0.1695,0.1679,False,34.2,0.9
LEA,LEAR CORP,USD,2025,4,売上CAGR; ROIC; 営業利益率,0.1213,0.1102,0.0334,0.0483,0.9829,True,True,False,False,reported,RevenueFromContractWithCustomerExcludingAssessedTax,0.1524,0.1448,False,20.4,35.1
GPRK,GEOPARK LIMITED,USD,2025,4,FCFマイナス; 売上CAGR; ROIC,0.1093,0.1093,0.2244,-0.0803,1.2607,True,False,True,False,reported,Revenue,0.1249,0.1249,False,12.6,0.0
RRR,"RED ROCK RESORTS, INC.",USD,2025,4,FCFマイナス; ROIC; FCF転換,0.131,0.1089,0.297,0.0559,0.6428,True,False,False,False,reported,Revenues,0.1363,0.1203,False,4.0,5.4
FN,FABRINET,USD,2025,4,ROIC; 営業利益率; FCF転換,0.1293,0.107,0.0949,0.1614,0.6819,True,True,False,False,reported,Revenues,0.2447,0.2083,False,47.1,0.0
ALGN,"ALIGN TECHNOLOGY, INC.",USD,2025,4,売上CAGR; ROIC; 営業利益率,0.1065,0.1065,0.1353,0.0052,1.1493,True,True,False,False,reported,RevenueFromContractWithCustomerExcludingAssessedTax,0.1459,0.1459,False,27.0,12.1
DOO,BRP Inc.,CAD,2026,4,売上CAGR; ROIC; 営業利益率,0.105,0.105,0.0473,0.025,1.0105,True,True,True,False,reported,Revenue,0.1225,0.1225,False,14.2,0.0
WFCF,"WHERE FOOD COMES FROM, INC.",USD,2025,4,売上CAGR; ROIC; 営業利益率,0.1024,0.1024,0.0484,0.0322,1.1213,True,True,False,False,reported,RevenueFromContractWithCustomerExcludingAssessedTax,0.1561,0.1561,False,34.4,31.7
PKG,PACKAGING CORP OF AMERICA,USD,2025,4,売上CAGR; ROIC; 営業利益率,0.1021,0.1021,0.1231,0.0384,0.7723,True,True,False,False,reported,RevenueFromContractWithCustomerExcludingAssessedTax,0.1098,0.1098,False,7.0,16.0
ETD,Ethan Allen Interiors Inc.,USD,2025,4,売上CAGR; ROIC; 営業利益率,0.1015,0.1015,0.1009,-0.0268,0.9926,True,True,False,False,reported,RevenueFromContractWithCustomerExcludingAssessedTax,0.1414,0.1414,False,28.2,5.3
AEO,AMERICAN EAGLE OUTFITTERS INC,USD,2026,4,売上CAGR; ROIC; 営業利益率,0.1056,0.1013,0.0408,0.0258,0.8741,True,True,False,False,reported,RevenueFromContractWithCustomerExcludingAssessedTax,0.1229,0.1229,False,14.1,13.3
VRTS,"VIRTUS INVESTMENT PARTNERS, INC.",USD,2025,4,FCFマイナス; 売上CAGR; ROIC,0.1006,0.1006,0.1978,-0.034,1.1714,True,False,False,False,reported,RevenueFromContractWithCustomerExcludingAssessedTax,0.1006,0.1006,False,0.0,30.0
IESC,"IES Holdings, Inc.",USD,2025,4,FCFマイナス; ROIC最低値; 営業利益率,0.3428,0.0999,0.1138,0.2171,0.7646,True,False,False,False,reported,Revenues,0.4646,0.1058,False,26.2,12.2
SO,SOUTHERN CO,USD,2025,4,FCFマイナス; ROIC最低値; FCF転換,0.1567,0.0997,0.2465,0.0634,-0.3709,True,False,False,False,reported,Revenues,0.164,0.1062,False,4.5,14.0
AGX,ARGAN INC,USD,2026,4,FCFマイナス; ROIC最低値; 営業利益率,0.2302,0.099,0.1426,0.167,2.0844,True,False,False,False,reported,RevenueFromContractWithCustomerExcludingAssessedTax,,,True,106.3,6.1
AHR,"American Healthcare REIT, Inc.",USD,2025,4,ROIC; ROIC最低値; FCF転換,0.0988,0.0988,0.1982,0.1684,,True,True,False,False,reported,RevenueFromContractWithCustomerExcludingAssessedTax,0.1023,0.1023,False,3.5,7.1
INMD,InMode Ltd.,USD,2025,4,売上CAGR; ROIC; ROIC最低値,0.0987,0.0987,0.2305,0.0089,0.9334,True,True,False,False,reported,Revenues,0.2271,0.2271,False,56.5,0.0
LFVN,Lifevantage Corp,USD,2025,4,売上CAGR; ROIC最低値; 営業利益率,0.2782,0.0971,0.0534,0.0093,1.3798,True,True,False,False,reported,RevenueFromContractWithCustomerExcludingAssessedTax,0.6674,0.2579,False,58.3,0.0
MDLZ,"Mondelez International, Inc.",USD,2025,4,ROIC; ROIC最低値; 営業利益率,0.0983,0.0957,0.0921,0.0763,0.8687,True,True,False,False,reported,Revenues,0.0983,0.0957,False,0.0,85.3
RDY,DR. REDDY’S LABORATORIES LIMITED,INR,2025,4,ROIC; ROIC最低値; FCF転換,0.1482,0.0947,0.2207,0.1445,0.6786,True,True,False,False,reported,Revenue,0.1745,0.1142,False,15.1,3.1
TNL,Travel & Leisure Co.,USD,2025,4,ROIC; ROIC最低値; 営業利益率,0.0946,0.0946,0.1375,0.0643,1.224,True,True,True,False,reported,RevenueFromContractWithCustomerExcludingAssessedTax,0.1005,0.1005,False,5.9,21.1
SIGA,"SIGA Technologies, Inc.",USD,2025,4,売上CAGR; ROIC; ROIC最低値,0.0942,0.0942,0.2506,-0.0829,0.9439,True,True,False,False,reported,RevenueFromContractWithCustomerExcludingAssessedTax,0.427,0.427,False,77.9,0.5
SAH,"SONIC AUTOMOTIVE, INC.",USD,2025,4,ROIC; ROIC最低値; 営業利益率,0.1082,0.0937,0.0243,0.0515,2.567,True,True,False,False,reported,RevenueFromContractWithCustomerExcludingAssessedTax,0.1084,0.1026,False,0.2,15.7
WB,WEIBO CORPORATION,USD,2025,4,売上CAGR; ROIC; ROIC最低値,0.0937,0.0937,0.2645,-0.0607,1.8624,True,True,False,False,reported,RevenueFromContractWithCustomerIncludingAssessedTax,0.2423,0.2423,False,61.3,4.3
PNR,Pentair plc,USD,2025,4,売上CAGR; ROIC; ROIC最低値,0.123,0.0936,0.2053,0.0263,0.958,True,True,False,False,reported,RevenueFromContractWithCustomerExcludingAssessedTax,0.1253,0.0957,False,1.8,64.2
WBS,WEBSTER FINANCIAL CORPORATION,USD,2025,4,売上CAGR; ROIC; ROIC最低値,0.1135,0.0933,6.178,0.0288,1.4339,True,True,False,True,reported,RevenueFromContractWithCustomerExcludingAssessedTax,,,True,0.0,28.3
MGM,MGM Resorts International,USD,2025,4,ROIC; ROIC最低値; 営業利益率,0.0914,0.0914,0.0571,0.1602,1.3076,True,True,False,False,reported,RevenueFromContractWithCustomerExcludingAssessedTax,0.12,0.12,False,23.8,56.6
ACLS,AXCELIS TECHNOLOGIES INC,USD,2025,4,ROIC; ROIC最低値; 営業利益率,0.0911,0.0911,0.1422,0.0609,0.8458,True,True,False,False,reported,RevenueFromContractWithCustomerExcludingAssessedTax,0.1427,0.1427,False,36.2,0.0
LMB,"LIMBACH HOLDINGS, INC.",USD,2025,4,FCFマイナス; ROIC最低値; 営業利益率,0.1947,0.0904,0.0765,0.0717,1.3013,True,False,False,False,reported,Revenues,0.2063,0.1328,False,5.7,35.2
HAL,HALLIBURTON COMPANY,USD,2025,4,ROIC; ROIC最低値; 営業利益率,0.1013,0.0898,0.1019,0.0974,0.9012,True,True,False,False,reported,RevenueFromContractWithCustomerIncludingAssessedTax,0.1158,0.1111,False,12.5,16.7
CHT,"Chunghwa Telecom Co., Ltd.",TWD,2024,4,売上CAGR; ROIC; ROIC最低値,0.0963,0.089,0.2038,0.0259,1.2766,True,True,False,False,reported,Revenue,0.1063,0.0968,False,9.4,0.0
KAI,KADANT INC,USD,2026,4,ROIC; ROIC最低値; 営業利益率,0.0917,0.0884,0.1495,0.1346,1.1506,True,True,False,False,reported,RevenueFromContractWithCustomerExcludingAssessedTax,0.1005,0.0972,False,8.8,41.0
TPR,"Tapestry, Inc.",USD,2025,4,ROIC; ROIC最低値; 営業利益率,0.1002,0.0883,0.0592,0.051,1.3787,True,True,False,False,reported,RevenueFromContractWithCustomerExcludingAssessedTax,0.1524,0.1524,False,34.2,30.1
SBAC,SBA COMMUNICATIONS CORP,USD,2025,4,売上CAGR; ROIC; ROIC最低値,0.1318,0.0881,5.492,0.0454,1.867,True,True,True,True,reported,RevenueFromContractWithCustomerExcludingAssessedTax,0.1364,0.0929,False,3.4,0.0
ABT,ABBOTT LABORATORIES,USD,2025,4,売上CAGR; ROIC; ROIC最低値,0.0978,0.0873,0.1817,0.0072,0.8891,True,True,False,False,reported,RevenueFromContractWithCustomerExcludingAssessedTax,0.1134,0.1002,False,13.7,36.9
GNE,Genie Energy Ltd.,USD,2025,4,ROIC; ROIC最低値; 営業利益率,0.0873,0.0873,0.0552,0.1163,1.4507,True,True,False,False,reported,RevenueFromContractWithCustomerIncludingAssessedTax,0.567,0.567,False,84.6,5.2
VVV,VALVOLINE INC.,USD,2025,4,FCFマイナス; ROIC最低値; FCF転換,0.2181,0.0873,0.228,0.1332,0.1155,True,False,False,False,reported,RevenueFromContractWithCustomerExcludingAssessedTax,0.2263,0.0883,False,3.7,46.6
AKAM,"AKAMAI TECHNOLOGIES, INC.",USD,2025,4,ROIC; ROIC最低値; 営業利益率,0.09,0.0864,0.1347,0.0501,1.9177,True,True,False,False,reported,RevenueFromContractWithCustomerIncludingAssessedTax,0.1181,0.1181,False,23.8,64.4
REGN,"REGENERON PHARMACEUTICALS, INC.",USD,2025,4,売上CAGR; ROIC; ROIC最低値,0.085,0.085,0.2495,-0.0281,0.8928,True,True,False,False,reported,RevenueFromContractWithCustomerExcludingAssessedTax,0.1147,0.1147,False,25.9,0.0
ACEL,"Accel Entertainment, Inc.",USD,2025,4,ROIC; ROIC最低値; 営業利益率,0.0971,0.0844,0.081,0.1601,1.2984,True,True,False,False,reported,RevenueFromContractWithCustomerIncludingAssessedTax,0.1468,0.1262,False,33.8,13.0
CRH,CRH public limited company,USD,2025,4,ROIC; ROIC最低値; 営業利益率,0.1035,0.0843,0.1453,0.0641,0.7819,True,True,False,False,reported,RevenueFromContractWithCustomerExcludingAssessedTax,0.1148,0.1035,False,9.9,31.5
UNH,UnitedHealth Group Incorporated,USD,2025,4,ROIC; ROIC最低値; 営業利益率,0.0839,0.0839,0.0424,0.1169,1.2262,True,True,False,False,reported,Revenues,0.0996,0.0996,False,15.8,61.9
SONY,Sony Group Corp,JPY,2025,4,ROIC; ROIC最低値; 営業利益率,0.0919,0.0833,0.1086,0.0954,1.2693,True,True,False,False,reported,Revenue,0.122,0.1,False,24.7,12.5
KEYS,"KEYSIGHT TECHNOLOGIES, INC.",USD,2025,4,売上CAGR; ROIC; ROIC最低値,0.0822,0.0822,0.163,0.0213,1.2111,True,True,False,False,reported,Revenues,0.1058,0.1058,False,22.3,40.7
CACI,CACI International Inc,USD,2025,4,ROIC; ROIC最低値; 営業利益率,0.0886,0.0819,0.0886,0.0931,1.1413,True,True,False,False,reported,RevenueFromContractWithCustomerExcludingAssessedTax,0.09,0.0839,False,1.6,73.7
CXT,"CRANE NXT, CO.",USD,2025,4,ROIC; ROIC最低値; 営業利益率,0.0815,0.0815,0.1489,0.0535,1.2831,True,True,False,False,reported,RevenueFromContractWithCustomerExcludingAssessedTax,0.0903,0.0903,False,9.8,48.7
TEX,Terex Corporation,USD,2025,4,ROIC; ROIC最低値; 営業利益率,0.0802,0.0802,0.0876,0.0867,0.7698,True,True,False,False,reported,RevenueFromContractWithCustomerExcludingAssessedTax,0.096,0.096,False,16.5,23.3
MMS,"Maximus, Inc.",USD,2025,4,ROIC; ROIC最低値; 営業利益率,0.1387,0.0798,0.0973,0.063,1.3294,True,True,False,False,reported,RevenueFromContractWithCustomerExcludingAssessedTax,0.1498,0.0816,False,7.4,59.2
CBRE,"CBRE GROUP, INC.",USD,2025,4,ROIC; ROIC最低値; 営業利益率,0.0989,0.0796,0.0439,0.1031,0.9901,True,True,False,False,reported,RevenueFromContractWithCustomerExcludingAssessedTax,0.1141,0.0899,False,13.3,50.4
MKC,"McCORMICK & COMPANY, INCORPORATED",USD,2025,4,売上CAGR; ROIC; ROIC最低値,0.0905,0.0794,0.1565,0.0201,0.8931,True,True,False,False,reported,Revenues,0.0914,0.0826,False,1.0,56.7
TRGP,TARGA RESOURCES CORP.,USD,2025,4,売上CAGR; ROIC; ROIC最低値,0.1284,0.0794,0.1956,0.0012,0.8445,True,True,False,False,reported,Revenues,0.1294,0.0808,False,0.8,0.5
MDT,Medtronic plc,USD,2026,4,売上CAGR; ROIC; ROIC最低値,0.0997,0.0792,0.1778,0.035,1.2021,True,True,False,False,reported,RevenueFromContractWithCustomerExcludingAssessedTax,0.1216,0.0938,False,18.0,83.1
MWA,"MUELLER WATER PRODUCTS, INC.",USD,2025,4,FCFマイナス; ROIC; ROIC最低値,0.1436,0.079,0.1823,0.0651,0.9561,True,False,False,False,reported,Revenues,0.1436,0.079,False,0.0,6.2
RSKIA,"GEORGE RISK INDUSTRIES, INC.",USD,2025,4,ROIC; ROIC最低値; FCF転換,0.0867,0.0789,0.2768,0.0505,0.493,True,True,False,False,reported,RevenueFromContractWithCustomerExcludingAssessedTax,0.3363,0.2787,False,74.2,0.0
CHTR,"Charter Communications, Inc.",USD,2025,4,売上CAGR; ROIC; ROIC最低値,0.092,0.0787,0.2357,0.0146,1.0293,True,True,False,False,reported,Revenues,0.0924,0.0792,False,0.4,26.8
OSK,Oshkosh Corporation,USD,2025,4,ROIC; ROIC最低値; 営業利益率,0.1318,0.0778,0.0901,0.0773,1.0005,True,True,False,False,reported,RevenueFromContractWithCustomerExcludingAssessedTax,0.1441,0.0989,False,8.5,25.7
CHD,"CHURCH & DWIGHT CO., INC.",USD,2025,4,売上CAGR; ROIC; ROIC最低値,0.1371,0.0776,0.1737,0.0456,1.3431,True,True,False,False,reported,RevenueFromContractWithCustomerExcludingAssessedTax,0.1468,0.0812,False,6.6,42.3
SITE,"SiteOne Landscape Supply, Inc.",USD,2025,4,ROIC; ROIC最低値; 営業利益率,0.092,0.0775,0.0506,0.1485,1.4152,True,True,False,False,reported,RevenueFromContractWithCustomerExcludingAssessedTax,0.1015,0.082,False,9.3,25.9
SGI,SOMNIGROUP INTERNATIONAL INC.,USD,2025,4,ROIC; ROIC最低値; 営業利益率,0.0773,0.0773,0.101,0.1097,1.0193,True,True,True,False,reported,RevenueFromContractWithCustomerExcludingAssessedTax,0.0773,0.0773,False,0.0,59.6
BELFA,BEL FUSE INC /NJ,USD,2025,4,FCFマイナス; ROIC; ROIC最低値,0.1407,0.0769,0.1643,0.0558,0.9155,True,False,False,False,reported,RevenueFromContractWithCustomerExcludingAssessedTax,0.1551,0.0876,False,9.3,34.5
YUMC,"Yum China Holdings, Inc.",USD,2025,4,売上CAGR; ROIC最低値; 営業利益率,0.1895,0.0767,0.1093,0.046,0.8522,True,True,False,False,reported,Revenues,0.2551,0.1492,False,25.7,36.5
DIT,AMCON DISTRIBUTING CO,USD,2025,4,ROIC; ROIC最低値; 営業利益率,0.0765,0.0765,0.0045,0.1392,1.9063,True,True,False,False,reported,RevenueFromContractWithCustomerIncludingAssessedTax,0.0765,0.0765,False,0.0,4.5
UTMD,UTAH MEDICAL PRODUCTS INC,USD,2025,4,売上CAGR; ROIC; ROIC最低値,0.0755,0.0755,0.296,-0.0586,1.2532,True,True,False,False,reported,RevenueFromContractWithCustomerExcludingAssessedTax,0.2688,0.2688,False,71.9,11.8
BCO,BRINK’S CO,USD,2025,4,ROIC; ROIC最低値; 営業利益率,0.1088,0.0751,0.1113,0.0579,2.406,True,True,False,False,reported,RevenueFromContractWithCustomerExcludingAssessedTax,0.1832,0.1008,False,40.6,35.6
ELV,"ELEVANCE HEALTH, INC.",USD,2025,4,ROIC; ROIC最低値; 営業利益率,0.0751,0.0751,0.0362,0.0947,0.9776,True,True,False,False,reported,Revenues,0.1408,0.1408,False,46.7,37.4
CNMD,CONMED CORPORATION,USD,2025,4,ROIC; ROIC最低値; 営業利益率,0.0785,0.0742,0.0746,0.08,2.3,True,True,False,False,reported,RevenueFromContractWithCustomerExcludingAssessedTax,0.0785,0.0742,False,0.0,78.1
SHOO,"STEVEN MADDEN, LTD.",USD,2025,4,ROIC; ROIC最低値; 営業利益率,0.0736,0.0736,0.032,0.0799,1.1433,True,True,False,False,reported,RevenueFromContractWithCustomerExcludingAssessedTax,0.0846,0.0846,False,13.0,29.4
DLB,"DOLBY LABORATORIES, INC.",USD,2025,4,売上CAGR; ROIC; ROIC最低値,0.0798,0.0724,0.1964,0.013,1.4307,True,True,False,False,reported,RevenueFromContractWithCustomerExcludingAssessedTax,0.109,0.1023,False,26.8,20.2
HUM,HUMANA INC,USD,2025,4,ROIC; ROIC最低値; 営業利益率,0.0711,0.0711,0.0209,0.1178,0.952,True,True,False,False,reported,Revenues,0.211,0.2075,False,66.3,32.3
JLL,Jones Lang LaSalle Incorporated,USD,2025,4,ROIC; ROIC最低値; 営業利益率,0.1142,0.0707,0.042,0.0776,1.1718,True,True,False,False,reported,Revenues,0.124,0.0755,False,7.9,62.0
AGRO,Adecoagro S.A.,USD,2024,4,ROIC; ROIC最低値; 営業利益率,0.0703,0.0703,0.12,0.1674,1.1681,True,True,False,False,reported,Revenue,0.0784,0.0784,False,10.3,0.0
IBM,INTERNATIONAL BUSINESS MACHINES CORP,USD,2025,4,売上CAGR; ROIC; ROIC最低値,0.0913,0.07,0.1608,0.0417,1.8098,True,True,False,False,derived,Revenues,0.1068,0.0772,False,14.5,72.1
ESS,"ESSEX PROPERTY TRUST, INC.",USD,2025,4,売上CAGR; ROIC; ROIC最低値,0.1282,0.0699,95.8657,0.0066,1.7293,True,True,False,True,reported,RevenueFromContractWithCustomerExcludingAssessedTax,0.13,0.0704,False,1.4,0.0
TR,TOOTSIE ROLL INDUSTRIES INC,USD,2025,4,ROIC; ROIC最低値; 営業利益率,0.0847,0.069,0.1378,0.0644,0.9228,True,True,False,False,reported,RevenueFromContractWithCustomerExcludingAssessedTax,0.1043,0.0851,False,18.8,7.8
LIN,LINDE PLC,USD,2025,4,売上CAGR; ROIC; ROIC最低値,0.1161,0.069,0.2625,0.025,1.0083,True,True,False,False,reported,RevenueFromContractWithCustomerExcludingAssessedTax,0.1266,0.0726,False,8.3,46.0
PRIM,Primoris Services Corporation,USD,2025,4,FCFマイナス; ROIC最低値; 営業利益率,0.1511,0.0685,0.0543,0.2131,0.9057,True,False,False,False,reported,RevenueFromContractWithCustomerExcludingAssessedTax,0.2012,0.077,False,24.9,39.8
CLH,"CLEAN HARBORS, INC",USD,2025,4,ROIC; ROIC最低値; 営業利益率,0.0963,0.0679,0.1117,0.122,0.9433,True,True,False,False,reported,RevenueFromContractWithCustomerExcludingAssessedTax,0.0986,0.0693,False,2.3,26.8
CP,CANADIAN PACIFIC KANSAS CITY  LTD/CN,CAD,2025,4,ROIC; ROIC最低値; FCF転換,0.0966,0.0676,0.3747,0.1727,0.6093,True,True,False,False,reported,RevenueFromContractWithCustomerExcludingAssessedTax,0.097,0.0684,False,0.4,40.2
RYAN,"RYAN SPECIALTY HOLDINGS, INC.",USD,2025,4,FCFマイナス; ROIC; ROIC最低値,0.0847,0.0675,0.1618,0.208,5.4645,True,False,False,False,reported,Revenues,0.0877,0.0877,False,3.4,70.0
OPCH,"OPTION CARE HEALTH, INC.",USD,2025,4,ROIC; ROIC最低値; 営業利益率,0.1073,0.0673,0.0598,0.1322,1.2789,True,True,False,False,reported,RevenueFromContractWithCustomerExcludingAssessedTax,0.1184,0.071,False,9.4,64.6
ALRM,"ALARM.COM HOLDINGS, INC.",USD,2025,4,ROIC; ROIC最低値; 営業利益率,0.1245,0.0673,0.1322,0.0779,1.3192,True,True,False,False,reported,RevenueFromContractWithCustomerExcludingAssessedTax,,,True,113.3,26.5
VMD,"Viemed Healthcare, Inc.",USD,2025,4,ROIC; ROIC最低値; 営業利益率,0.1178,0.0671,0.0849,0.2327,0.7638,True,True,False,False,reported,Revenues,0.1291,0.0813,False,8.8,0.0
ADUS,Addus HomeCare Corp,USD,2025,4,ROIC; ROIC最低値; 営業利益率,0.0908,0.0655,0.0974,0.1326,1.3882,True,True,False,False,reported,RevenueFromContractWithCustomerExcludingAssessedTax,0.0908,0.0655,False,0.0,82.6
FTAI,FTAI AVIATION LTD.,USD,2025,4,FCFマイナス; ROIC最低値; FCF転換,0.2398,0.0653,0.4579,0.6533,-1.8427,True,False,False,False,derived,RevenueFromContractWithCustomerExcludingAssessedTax,0.2605,0.0678,False,7.9,2.5
PBA,PEMBINA PIPELINE CORPORATION,CAD,2025,4,売上CAGR; ROIC; ROIC最低値,0.0797,0.0643,0.3611,-0.0256,1.5412,True,True,False,False,reported,Revenue,0.08,0.0646,False,0.4,17.9
PPC,PILGRIM’S PRIDE CORPORATION,USD,2025,4,FCFマイナス; ROIC最低値; 営業利益率,0.3463,0.0641,0.0872,0.0577,0.7445,True,False,False,False,reported,RevenueFromContractWithCustomerExcludingAssessedTax,0.4192,0.0767,False,17.4,36.4
USPH,U S PHYSICAL THERAPY INC /NV,USD,2025,4,ROIC; ROIC最低値; 営業利益率,0.1072,0.0641,0.111,0.1207,1.8458,True,True,False,False,reported,RevenueFromContractWithCustomerExcludingAssessedTax,0.1135,0.0828,False,5.6,108.4
TMO,THERMO FISHER SCIENTIFIC INC.,USD,2025,4,売上CAGR; ROIC; ROIC最低値,0.0637,0.0637,0.1738,0.0325,1.0144,True,True,False,False,reported,RevenueFromContractWithCustomerExcludingAssessedTax,0.0711,0.0704,False,10.5,51.4
CCEP,COCA-COLA EUROPACIFIC PARTNERS PLC,EUR,2025,4,ROIC; ROIC最低値; 営業利益率,0.1222,0.0636,0.1336,0.1101,1.4373,True,True,False,False,reported,Revenue,0.129,0.0688,False,5.3,25.1
CTVA,"Corteva, Inc.",USD,2025,4,売上CAGR; ROIC; ROIC最低値,0.1034,0.0635,0.1875,0.0268,1.4105,True,True,False,False,derived,Revenues,0.1264,0.0773,False,18.2,42.0
MYRG,MYR GROUP INC.,USD,2025,4,FCFマイナス; ROIC最低値; 営業利益率,0.1832,0.0633,0.0456,0.1,0.9924,True,False,False,False,reported,RevenueFromContractWithCustomerExcludingAssessedTax,0.2316,0.0636,False,20.9,16.0
PAM,Pampa Energy Inc.,USD,2024,4,FCFマイナス; ROIC; ROIC最低値,0.0648,0.0631,0.2345,0.1499,0.8574,True,False,False,False,reported,Revenue,0.0751,0.0662,False,13.8,0.0
WWD,"WOODWARD, INC.",USD,2025,4,ROIC; ROIC最低値; 営業利益率,0.1202,0.0613,0.1343,0.1226,1.0386,True,True,False,False,derived,RevenueFromContractWithCustomerExcludingAssessedTax,0.1202,0.0613,False,0.0,26.5
NXST,"NEXSTAR MEDIA GROUP, INC.",USD,2025,4,売上CAGR; ROIC; ROIC最低値,0.0799,0.0612,0.1715,0.0158,1.7822,True,True,False,False,reported,RevenueFromContractWithCustomerExcludingAssessedTax,0.0826,0.0621,False,3.3,34.7
RTO,RENTOKIL INITIAL PLC /FI,GBP,2024,4,ROIC; ROIC最低値; 営業利益率,0.1026,0.0611,0.101,0.1801,1.7363,True,True,False,False,reported,RevenueFromContractsWithCustomers,0.1026,0.0611,False,0.0,0.0
IHS,IHS Holding Ltd,USD,2025,4,売上CAGR; ROIC最低値; FCF転換,0.2505,0.0611,0.5192,0.0004,,True,True,True,False,reported,Revenue,0.3677,0.07,False,31.9,10.1
DEI,"Douglas Emmett, Inc.",USD,2025,4,売上CAGR; ROIC; ROIC最低値,0.0625,0.0609,0.587,0.0225,8.4431,True,True,False,False,derived,Revenues,0.0655,0.0638,False,4.6,0.0
ET,Energy Transfer LP,USD,2025,4,ROIC; ROIC最低値; 営業利益率,0.0608,0.0608,0.1055,0.0613,1.3508,True,True,False,False,reported,Revenues,0.0614,0.0614,False,1.1,4.6
SMPL,The Simply Good Foods Company,USD,2025,4,ROIC; ROIC最低値; 営業利益率,0.0603,0.0603,0.1081,0.096,1.4431,True,True,False,False,reported,RevenueFromContractWithCustomerExcludingAssessedTax,0.0633,0.0633,False,4.8,28.7
CGNX,Cognex Corporation,USD,2025,4,売上CAGR; ROIC; ROIC最低値,0.0861,0.0599,0.1635,-0.0105,1.1854,True,True,False,False,reported,RevenueFromContractWithCustomerExcludingAssessedTax,0.1112,0.0715,False,22.6,25.9
TME,Tencent Music Entertainment Group,CNY,2024,4,売上CAGR; ROIC; ROIC最低値,0.1014,0.0597,0.3067,-0.0065,1.5332,True,True,False,False,reported,Revenue,0.1258,0.0687,False,19.4,29.0
PODD,INSULET CORPORATION,USD,2025,4,FCFマイナス; ROIC最低値; FCF転換,0.2441,0.0589,0.175,0.253,0.6373,True,False,False,False,reported,Revenues,0.2441,0.0589,False,0.0,3.4
TRTN-PA,TRITON INTERNATIONAL LIMITED,USD,2025,4,売上CAGR; ROIC; ROIC最低値,0.0702,0.0581,13.7352,-0.1968,2.3492,True,True,False,True,reported,Revenues,0.0705,0.0584,False,0.4,2.6
WEX,WEX Inc.,USD,2025,4,FCFマイナス; ROIC; ROIC最低値,0.1088,0.0576,0.3598,0.0821,1.5641,True,False,False,False,reported,RevenueFromContractWithCustomerExcludingAssessedTax,,,True,108.7,62.5
HII,"HUNTINGTON INGALLS INDUSTRIES, INC.",USD,2025,4,ROIC; ROIC最低値; 営業利益率,0.0668,0.0574,0.0526,0.07,0.8141,True,True,False,False,reported,Revenues,0.0668,0.0574,False,0.0,34.1
WETH,WETOUCH TECHNOLOGY INC.,USD,2025,4,売上CAGR; ROIC; ROIC最低値,0.0573,0.0573,0.7018,-0.2314,0.9212,True,True,False,False,reported,RevenueFromContractWithCustomerExcludingAssessedTax,0.4137,0.3535,False,86.1,0.0
HAYW,"Hayward Holdings, Inc.",USD,2025,4,売上CAGR; ROIC; ROIC最低値,0.0722,0.0572,0.2079,-0.0541,1.12,True,True,False,False,reported,RevenueFromContractWithCustomerExcludingAssessedTax,0.0856,0.0625,False,15.6,37.3
HNNA,"HENNESSY ADVISORS, INC.",USD,2025,4,売上CAGR; ROIC; ROIC最低値,0.1063,0.057,0.3699,0.0206,1.3313,True,True,False,False,reported,RevenueFromContractWithCustomerExcludingAssessedTax,0.4106,0.1275,False,74.1,0.0
SD,"SANDRIDGE ENERGY, INC.",USD,2025,4,売上CAGR; ROIC; ROIC最低値,0.0943,0.057,0.3898,-0.0191,0.719,True,True,False,False,reported,RevenueFromContractWithCustomerExcludingAssessedTax,0.1204,0.0724,False,21.7,0.0
CHR,"CHEER HOLDING, INC.",USD,2025,4,売上CAGR; ROIC; ROIC最低値,0.0562,0.0562,0.1766,-0.0069,0.9511,True,True,False,False,reported,Revenues,0.0562,0.0562,False,0.0,0.0
APTV,APTIV PLC,USD,2025,4,ROIC; ROIC最低値; 営業利益率,0.0558,0.0558,0.058,0.069,0.8503,True,True,False,False,reported,Revenues,0.0627,0.0627,False,11.0,27.4
GLOB,Globant S.A.,USD,2025,4,ROIC; ROIC最低値; 営業利益率,0.0556,0.0556,0.07,0.1729,1.5816,True,True,False,False,reported,Revenue,0.0619,0.0619,False,10.3,65.6
NOW,"ServiceNow, Inc.",USD,2025,4,ROIC; ROIC最低値; 営業利益率,0.1112,0.0549,0.1374,0.225,2.6868,True,True,False,False,reported,RevenueFromContractWithCustomerExcludingAssessedTax,0.2157,0.2157,False,48.5,27.6
LND,BrasilAgro – Brazilian Agricultural Real,BRL,2025,4,ROIC; ROIC最低値; FCF転換,0.0602,0.0547,0.2353,0.0726,0.4277,True,True,False,False,reported,Revenue,0.0636,0.0584,False,5.3,0.0
CCI,CROWN CASTLE INC.,USD,2025,4,売上CAGR; ROIC; ROIC最低値,0.0643,0.0546,9.6512,-0.2329,14.3157,True,True,True,True,reported,RevenueFromContractWithCustomerExcludingAssessedTax,0.0646,0.0551,False,0.4,20.1
CORT,CORCEPT THERAPEUTICS INC,USD,2025,4,ROIC; ROIC最低値; 営業利益率,0.0546,0.0546,0.0588,0.201,1.3402,True,True,False,False,reported,RevenueFromContractWithCustomerExcludingAssessedTax,0.1284,0.1284,False,57.4,0.0
EEFT,"EURONET WORLDWIDE, INC.",USD,2025,4,ROIC; ROIC最低値; 営業利益率,0.1258,0.0543,0.1248,0.091,8.2607,True,True,False,False,reported,Revenues,0.1829,0.1027,False,31.3,31.3
FLNG,FLEX LNG Ltd.,USD,2025,4,売上CAGR; ROIC; ROIC最低値,0.0541,0.0541,0.5057,0.003,1.4081,True,True,False,False,reported,RevenueFromContractWithCustomerExcludingAssessedTax,0.0655,0.0655,False,17.4,0.0
FTLF,"FITLIFE BRANDS, INC.",USD,2025,4,売上CAGR; ROIC; ROIC最低値,0.0535,0.0535,0.1856,-0.1308,0.9814,True,True,False,False,reported,RevenueFromContractWithCustomerIncludingAssessedTax,0.0535,0.0535,False,0.0,44.4
DHR,Danaher Corporation,USD,2025,4,売上CAGR; ROIC; ROIC最低値,0.0522,0.0522,0.1909,-0.0024,1.1905,True,True,False,False,reported,RevenueFromContractWithCustomerExcludingAssessedTax,0.0522,0.0522,False,0.0,60.8
WEC,"WEC ENERGY GROUP, INC.",USD,2025,4,売上CAGR; ROIC; ROIC最低値,0.0521,0.0521,0.2291,0.0419,1.9247,True,True,False,False,reported,Revenues,0.0521,0.0521,False,0.1,9.0
HURN,HURON CONSULTING GROUP INC.,USD,2025,4,ROIC; ROIC最低値; 営業利益率,0.1359,0.0519,0.1051,0.1636,1.3755,True,True,False,False,reported,Revenues,0.1392,0.0533,False,2.4,75.8
GRFS,Grifols SA,EUR,2024,4,FCFマイナス; ROIC; ROIC最低値,0.1145,0.0516,0.1653,0.078,1.3079,True,False,False,False,reported,Revenue,0.13,0.0711,False,11.9,90.0
ELF,"e.l.f. Beauty, Inc.",USD,2026,4,ROIC; ROIC最低値; 営業利益率,0.0515,0.0515,0.045,0.4293,1.3817,True,True,False,False,reported,RevenueFromContractWithCustomerExcludingAssessedTax,0.0692,0.0692,False,25.6,75.5
AGYS,"AGILYSYS, INC.",USD,2026,4,ROIC; ROIC最低値; 営業利益率,0.104,0.0513,0.1347,0.1837,1.2705,True,True,False,False,reported,RevenueFromContractWithCustomerExcludingAssessedTax,,,True,35.8,41.0
GXO,"GXO Logistics, Inc.",USD,2025,4,ROIC; ROIC最低値; 営業利益率,0.0649,0.0507,0.0186,0.135,1.2878,True,True,False,False,reported,RevenueFromContractWithCustomerExcludingAssessedTax,0.0909,0.0591,False,28.6,126.8
TRAK,"ReposiTrak, Inc.",USD,2025,4,売上CAGR; ROIC; ROIC最低値,0.0993,0.0506,0.2755,0.0185,1.3257,True,True,False,False,reported,RevenueFromContractWithCustomerIncludingAssessedTax,0.0993,0.0506,False,0.0,42.2
MXC,MEXCO ENERGY CORPORATION,USD,2026,4,売上CAGR; ROIC; ROIC最低値,0.0502,0.0502,0.1937,-0.001,1.9143,True,True,False,False,reported,RevenueFromContractWithCustomerExcludingAssessedTax,0.0583,0.0583,False,13.9,0.0
IR,Ingersoll Rand Inc.,USD,2025,4,ROIC; ROIC最低値; 営業利益率,0.0896,0.0494,0.1496,0.1039,1.5075,True,True,False,False,reported,RevenueFromContractWithCustomerExcludingAssessedTax,0.1023,0.0645,False,12.4,84.1
DLHC,DLH Holdings Corp.,USD,2025,4,ROIC; ROIC最低値; 営業利益率,0.055,0.0491,0.0487,0.0877,2.8829,True,True,False,False,reported,RevenueFromContractWithCustomerIncludingAssessedTax,0.0551,0.0492,False,0.1,57.3
CVS,CVS HEALTH Corp,USD,2025,4,ROIC; ROIC最低値; 営業利益率,0.0489,0.0489,0.0116,0.0831,1.9869,True,True,False,False,reported,Revenues,0.057,0.057,False,14.1,113.6
PGNY,"Progyny, Inc.",USD,2025,4,ROIC; ROIC最低値; 営業利益率,0.1305,0.0489,0.0662,0.2667,2.4047,True,True,False,False,reported,RevenueFromContractWithCustomerExcludingAssessedTax,0.3271,0.0983,False,60.1,3.9
HLN,Haleon plc,GBP,2025,4,売上CAGR; ROIC; ROIC最低値,0.0787,0.0489,0.2187,0.0368,1.3795,True,True,False,False,reported,Revenue,0.0833,0.0497,False,5.5,33.6
NOVT,NOVANTA INC,USD,2025,4,ROIC; ROIC最低値; 営業利益率,0.0475,0.0475,0.0959,0.0853,1.3823,True,True,False,False,reported,RevenueFromContractWithCustomerExcludingAssessedTax,0.0627,0.0604,False,24.3,41.4
VALU,"VALUE LINE, INC.",USD,2025,4,売上CAGR; ROIC; ROIC最低値,0.0474,0.0474,0.1706,-0.0346,0.9263,True,True,False,False,reported,RevenueFromContractWithCustomerIncludingAssessedTax,0.1478,0.1478,False,67.9,0.0
DXPE,"DXP Enterprises, Inc.",USD,2025,4,ROIC; ROIC最低値; 営業利益率,0.1054,0.0473,0.0877,0.1599,0.8788,True,True,False,False,reported,RevenueFromContractWithCustomerExcludingAssessedTax,0.1368,0.0511,False,22.9,37.3
SIG,SIGNET JEWELERS LIMITED,USD,2026,4,売上CAGR; ROIC最低値; 営業利益率,0.1579,0.0472,0.0577,-0.034,1.3713,True,True,False,False,reported,RevenueFromContractWithCustomerExcludingAssessedTax,0.2845,0.0701,False,44.5,21.8
RTX,RTX CORPORATION,USD,2025,4,ROIC; ROIC最低値; 営業利益率,0.1123,0.0469,0.105,0.0831,1.1712,True,True,False,False,reported,RevenueFromContractWithCustomerExcludingAssessedTax,0.1283,0.0534,False,12.5,81.5
TRMB,TRIMBLE INC.,USD,2026,4,売上CAGR; ROIC; ROIC最低値,0.0647,0.0469,0.165,-0.0049,0.775,True,True,False,False,reported,RevenueFromContractWithCustomerExcludingAssessedTax,0.0671,0.0483,False,3.5,72.5
BFAM,BRIGHT HORIZONS FAMILY SOLUTIONS INC.,USD,2025,4,ROIC; ROIC最低値; 営業利益率,0.1191,0.0469,0.1073,0.137,1.6925,True,True,False,False,reported,RevenueFromContractWithCustomerExcludingAssessedTax,0.1287,0.054,False,7.5,87.4
CROX,"CROCS, INC.",USD,2025,4,ROIC; ROIC最低値; 営業利益率,0.0468,0.0468,0.037,0.1496,1.164,True,True,False,False,reported,RevenueFromContractWithCustomerExcludingAssessedTax,0.0493,0.0493,False,5.2,16.0
CRESY,Cresud Inc.,ARS,2025,4,ROIC; ROIC最低値; FCF転換,0.0571,0.0461,0.2812,0.5714,0.5518,True,True,False,False,derived,Revenue,0.0614,0.0487,False,7.1,0.8
ELS,"EQUITY LIFESTYLE PROPERTIES, INC.",USD,2025,4,売上CAGR; ROIC; ROIC最低値,0.0606,0.0459,0.2556,0.0385,0.8583,True,True,False,False,reported,Revenues,0.0606,0.0459,False,0.0,0.3
DT,"DYNATRACE, INC.",USD,2026,4,ROIC; ROIC最低値; 営業利益率,0.0742,0.0457,0.1216,0.2139,1.9555,True,True,False,False,reported,RevenueFromContractWithCustomerExcludingAssessedTax,0.1347,0.0699,False,44.9,51.7
DAR,DARLING INGREDIENTS INC.,USD,2026,4,ROIC; ROIC最低値; 営業利益率,0.0456,0.0456,0.0446,0.1448,1.1348,True,True,False,False,reported,RevenueFromContractWithCustomerExcludingAssessedTax,0.0465,0.0465,False,1.9,51.9
SELF,"Global Self Storage, Inc.",USD,2025,4,売上CAGR; ROIC; ROIC最低値,0.0503,0.045,0.2331,0.0486,1.7497,True,True,False,False,reported,Revenues,0.0597,0.048,False,15.8,1.5
ADEA,Adeia Inc.,USD,2025,4,売上CAGR; ROIC最低値; FCF転換,0.1538,0.0445,0.3947,0.0318,,True,True,False,False,reported,RevenueFromContractWithCustomerExcludingAssessedTax,0.1814,0.0476,False,15.2,34.9
ACA,"Arcosa, Inc.",USD,2025,4,ROIC; ROIC最低値; 営業利益率,0.1023,0.0434,0.1186,0.0908,0.8536,True,True,False,False,reported,Revenues,0.1113,0.0451,False,8.1,50.3
NOG,"NORTHERN OIL & GAS, INC.",USD,2025,4,ROIC; ROIC最低値; 営業利益率,0.043,0.043,0.0993,0.494,2.3974,True,True,False,False,reported,Revenues,0.0431,0.0431,False,0.3,0.0
HPK,"HighPeak Energy, Inc.",USD,2025,4,ROIC; ROIC最低値; FCF転換,0.0425,0.0425,0.1737,0.4073,0.0079,True,True,False,False,reported,RevenueFromContractWithCustomerExcludingAssessedTax,0.0451,0.0451,False,5.8,0.0
CMS,CMS ENERGY CORP,USD,2025,4,売上CAGR; ROIC; ROIC最低値,0.0489,0.0424,0.2079,0.0409,1.8614,True,True,False,False,reported,RevenueFromContractWithCustomerExcludingAssessedTax,0.0498,0.0428,False,1.8,0.0
CMCL,Caledonia Mining Corp Plc,USD,2024,4,FCFマイナス; ROIC最低値; FCF転換,0.1613,0.0421,0.2386,0.1631,0.1127,True,False,False,False,reported,Revenue,0.1646,0.0435,False,2.0,0.0
TECH,BIO-TECHNE Corp,USD,2025,4,ROIC; ROIC最低値; 営業利益率,0.0421,0.0421,0.0838,0.0698,1.381,True,True,False,False,reported,RevenueFromContractWithCustomerExcludingAssessedTax,0.046,0.046,False,8.5,51.1
TM,TOYOTA MOTOR CORP/,JPY,2025,4,ROIC; ROIC最低値; 営業利益率,0.0589,0.0421,0.0998,0.1526,1.003,True,True,False,False,reported,Revenue,0.0684,0.0481,False,14.0,0.0
PSN,Parsons Corporation,USD,2025,4,ROIC; ROIC最低値; 営業利益率,0.0851,0.042,0.0657,0.1483,2.0593,True,True,False,False,reported,RevenueFromContractWithCustomerExcludingAssessedTax,0.0968,0.0487,False,12.0,56.4
HAE,HAEMONETICS CORPORATION,USD,2026,4,ROIC; ROIC最低値; 営業利益率,0.0613,0.0419,0.1175,0.0765,2.5452,True,True,False,False,reported,RevenueFromContractWithCustomerExcludingAssessedTax,0.0697,0.0505,False,12.1,32.5
CDRE,"CADRE HOLDINGS, INC.",USD,2025,4,ROIC; ROIC最低値; 営業利益率,0.0851,0.0418,0.1104,0.0932,1.664,True,True,False,False,reported,RevenueFromContractWithCustomerExcludingAssessedTax,0.0851,0.0418,False,0.0,29.0
LNT,ALLIANT ENERGY CORP,USD,2025,4,売上CAGR; ROIC; ROIC最低値,0.0418,0.0415,0.235,0.0442,1.1987,True,True,False,False,reported,RevenueFromContractWithCustomerExcludingAssessedTax,0.0431,0.0417,False,2.9,0.0
XYL,Xylem Inc.,USD,2025,4,ROIC; ROIC最低値; 営業利益率,0.072,0.0414,0.1354,0.1484,0.9685,True,True,False,False,reported,RevenueFromContractWithCustomerExcludingAssessedTax,0.0809,0.0451,False,11.0,62.1
COO,"The Cooper Companies, Inc.",USD,2025,4,ROIC; ROIC最低値; FCF転換,0.0502,0.0404,0.1669,0.0878,0.4352,True,True,False,False,reported,RevenueFromContractWithCustomerExcludingAssessedTax,0.0507,0.0409,False,1.0,35.9
UHT,UNIVERSAL HEALTH REALTY INCOME TRUST,USD,2025,4,売上CAGR; ROIC; ROIC最低値,0.0521,0.0404,0.3505,0.0418,1.2792,True,True,False,False,reported,Revenues,0.0528,0.0421,False,1.3,0.0
CBRL,"Cracker Barrel Old Country Store, Inc.",USD,2025,4,ROIC; ROIC最低値; 営業利益率,0.0459,0.0389,0.0158,0.0541,0.98,True,True,False,False,reported,RevenueFromContractWithCustomerExcludingAssessedTax,0.0479,0.0394,False,4.2,0.0
ITGR,INTEGER HOLDINGS CORPORATION,USD,2025,4,ROIC; ROIC最低値; 営業利益率,0.0596,0.038,0.1194,0.11,0.8606,True,True,False,False,reported,RevenueFromContractWithCustomerExcludingAssessedTax,0.06,0.0384,False,0.6,37.9
MMSI,MERIT MEDICAL SYSTEMS INC,USD,2025,4,ROIC; ROIC最低値; 営業利益率,0.0629,0.0378,0.1219,0.0898,1.503,True,True,False,False,reported,RevenueFromContractWithCustomerExcludingAssessedTax,0.078,0.0399,False,19.3,21.9
PFHO,"PACIFIC HEALTH CARE ORGANIZATION, INC.",USD,2025,4,ROIC; ROIC最低値; 営業利益率,0.0605,0.0377,0.1491,0.0559,0.8303,True,True,False,False,reported,Revenues,0.0725,0.0567,False,16.6,0.0
GRNT,"GRANITE RIDGE RESOURCES, INC.",USD,2025,4,ROIC; ROIC最低値; 営業利益率,0.0377,0.0377,0.1031,0.1161,2.8329,True,True,False,False,reported,RevenueFromContractWithCustomerExcludingAssessedTax,0.0377,0.0377,False,0.0,0.0
GM,GENERAL MOTORS COMPANY,USD,2025,4,ROIC; ROIC最低値; 営業利益率,0.0376,0.0376,0.0173,0.1027,1.3419,True,True,False,False,reported,RevenueFromContractWithCustomerExcludingAssessedTax,0.0687,0.0687,False,45.3,3.1
WTW,WILLIS TOWERS WATSON PLC,USD,2025,4,売上CAGR; ROIC; ROIC最低値,0.1236,0.0374,0.2348,0.019,0.963,True,True,False,False,reported,RevenueFromContractWithCustomerExcludingAssessedTax,0.1586,0.0436,False,22.1,62.6
SPXC,"SPX TECHNOLOGIES, INC.",USD,2025,4,FCFマイナス; ROIC; ROIC最低値,0.1235,0.0373,0.1547,0.1674,0.7146,True,False,False,False,reported,RevenueFromContractWithCustomerExcludingAssessedTax,0.1475,0.0432,False,16.2,46.6
MTSI,"MACOM Technology Solutions Holdings, Inc",USD,2025,4,ROIC; ROIC最低値; 営業利益率,0.0615,0.037,0.134,0.1236,1.277,True,True,False,False,reported,Revenues,0.1163,0.0586,False,47.2,20.2
SOTK,SONO TEK CORP,USD,2026,4,ROIC; ROIC最低値; 営業利益率,0.0729,0.0369,0.0873,0.0511,0.8063,True,True,False,False,reported,Revenues,0.2904,0.1361,False,74.9,0.0
TMUS,"T-Mobile US, Inc.",USD,2025,4,売上CAGR; ROIC; ROIC最低値,0.0993,0.0365,0.207,0.0246,1.2302,True,True,False,False,reported,RevenueFromContractWithCustomerExcludingAssessedTax,0.1032,0.0377,False,3.8,9.4
KMI,"KINDER MORGAN, INC.",USD,2025,4,売上CAGR; ROIC; ROIC最低値,0.0591,0.0359,0.3107,-0.0151,1.44,True,True,False,False,reported,RevenueFromContractWithCustomerExcludingAssessedTax,0.0591,0.0366,False,0.1,31.8
POST,"Post Holdings, Inc.",USD,2025,4,ROIC; ROIC最低値; 営業利益率,0.0565,0.0356,0.098,0.1313,1.0183,True,True,False,False,reported,Revenues,0.0574,0.0381,False,1.6,43.3
GTN,"Gray Media, Inc.",USD,2025,4,ROIC; ROIC最低値; 営業利益率,0.0392,0.0354,0.1267,0.0642,2.0751,True,True,False,False,reported,RevenueFromContractWithCustomerExcludingAssessedTax,0.0411,0.0362,False,4.7,33.4
HBUV,Hubilu Venture Corporation,USD,2025,4,ROIC; ROIC最低値; FCF転換,0.0348,0.0348,0.4224,0.1659,,True,True,True,False,reported,RevenueFromContractWithCustomerExcludingAssessedTax,0.0348,0.0348,False,0.0,0.0
HLIO,"HELIOS TECHNOLOGIES, INC.",USD,2026,4,ROIC; ROIC最低値; 営業利益率,0.0437,0.0344,0.0787,0.1254,1.7697,True,True,False,False,reported,RevenueFromContractWithCustomerExcludingAssessedTax,0.0465,0.0355,False,6.1,41.7
ASTH,"ASTRANA HEALTH, INC.",USD,2025,4,ROIC; ROIC最低値; 営業利益率,0.0341,0.0341,0.0247,0.4239,1.3333,True,True,False,False,reported,RevenueFromContractWithCustomerExcludingAssessedTax,0.0447,0.0447,False,23.6,47.6
DSX,DIANA SHIPPING INC.,USD,2025,4,売上CAGR; ROIC; ROIC最低値,0.0325,0.0325,0.1976,-0.0008,1.7518,True,True,False,False,reported,Revenues,0.0342,0.0342,False,4.9,0.0
FTV,Fortive Corp,USD,2025,4,売上CAGR; ROIC; ROIC最低値,0.0589,0.0325,0.1732,-0.0568,1.6168,True,True,False,False,reported,RevenueFromContractWithCustomerExcludingAssessedTax,0.0613,0.0375,False,3.9,75.6
BLX,"FOREIGN TRADE BANK OF LATIN AMERICA, INC",USD,2024,4,FCFマイナス; ROIC; ROIC最低値,0.0802,0.0324,1.0,0.3228,0.9144,True,False,False,False,reported,Revenue,0.2338,0.064,False,65.7,0.0
JHX,JAMES HARDIE INDUSTRIES PLC,USD,2026,4,ROIC; ROIC最低値; 営業利益率,0.0324,0.0324,0.0926,0.0755,0.7799,True,True,False,False,reported,RevenueFromContractWithCustomerExcludingAssessedTax,0.0332,0.0332,False,2.5,43.8
CWST,"CASELLA WASTE SYSTEMS, INC.",USD,2025,4,ROIC; ROIC最低値; 営業利益率,0.0321,0.0321,0.0347,0.1989,2.7437,True,True,False,False,reported,RevenueFromContractWithCustomerExcludingAssessedTax,0.0348,0.0348,False,7.9,71.4
HNI,HNI Corporation,USD,2026,4,ROIC; ROIC最低値; 営業利益率,0.0318,0.0318,0.0444,0.0977,1.8503,True,True,False,False,reported,RevenueFromContractWithCustomerExcludingAssessedTax,0.0342,0.0342,False,6.9,30.6
CMPR,Cimpress plc,USD,2025,4,ROIC最低値; 営業利益率; FCF転換,0.1784,0.0314,0.0665,0.0721,,True,True,True,False,reported,Revenues,0.2328,0.0432,False,23.4,82.5
ZM,"Zoom Communications, Inc.",USD,2026,4,売上CAGR; ROIC; ROIC最低値,0.0905,0.0312,0.2308,0.0439,1.5643,True,True,False,False,reported,RevenueFromContractWithCustomerExcludingAssessedTax,0.4458,0.2442,False,79.7,4.1
AMPL,"AMPLITUDE, INC.",USD,2025,4,FCFマイナス; ROIC最低値; FCF転換,0.2963,0.0306,0.2681,0.1969,,True,False,False,False,derived,RevenueFromContractWithCustomerExcludingAssessedTax,,,True,78.3,10.3
GTES,Gates Industrial Corporation plc,USD,2025,4,ROIC; ROIC最低値; 営業利益率,0.066,0.0302,0.1351,0.0537,1.593,True,True,False,False,reported,RevenueFromContractWithCustomerExcludingAssessedTax,0.0773,0.0334,False,14.6,36.6
NFG,NATIONAL FUEL GAS CO,USD,2025,4,ROIC; ROIC最低値; FCF転換,0.1112,0.0299,0.3572,0.0692,0.2945,True,True,False,False,reported,Revenues,0.1121,0.0301,False,0.7,0.1
RICK,"RCI Hospitality Holdings, Inc.",USD,2025,4,ROIC; ROIC最低値; 営業利益率,0.0481,0.0296,0.1083,0.0937,1.2915,True,True,False,False,reported,RevenueFromContractWithCustomerExcludingAssessedTax,0.0516,0.0317,False,6.8,12.6
CECO,CECO ENVIRONMENTAL CORP.,USD,2025,4,FCFマイナス; ROIC最低値; 営業利益率,0.1578,0.029,0.1367,0.2432,0.7935,True,False,False,False,reported,RevenueFromContractWithCustomerExcludingAssessedTax,0.1683,0.0327,False,6.3,54.4
SON,SONOCO PRODUCTS CO,USD,2025,4,ROIC; ROIC最低値; 営業利益率,0.1013,0.0277,0.1354,0.0769,0.7559,True,True,False,False,reported,RevenueFromContractWithCustomerExcludingAssessedTax,0.1063,0.0291,False,4.8,31.6
BSTT,"Blackstone Real Estate Income Trust, Inc",USD,2025,4,ROIC; ROIC最低値; FCF転換,0.0426,0.0268,0.5067,0.2115,,True,True,False,False,reported,Revenues,0.0435,0.0272,False,2.1,0.0
DV,"DoubleVerify Holdings, Inc.",USD,2025,4,ROIC; ROIC最低値; 営業利益率,0.0553,0.0264,0.1058,0.2246,2.1366,True,True,False,False,reported,RevenueFromContractWithCustomerExcludingAssessedTax,0.0717,0.0365,False,22.9,45.6
EZPW,"EZCORP, INC.",USD,2025,4,ROIC; ROIC最低値; 営業利益率,0.0763,0.0263,0.1171,0.1496,1.0593,True,True,False,False,reported,RevenueFromContractWithCustomerExcludingAssessedTax,0.1097,0.0361,False,30.4,21.0
TRNS,TRANSCAT INC,USD,2026,4,ROIC; ROIC最低値; 営業利益率,0.0262,0.0262,0.04,0.128,1.4329,True,True,False,False,reported,Revenues,0.0262,0.0262,False,0.0,54.5
CVSA,Covista Inc.,USD,2025,4,FCFマイナス; ROIC; ROIC最低値,0.1358,0.026,0.191,0.1875,0.9811,True,False,False,False,reported,Revenues,0.151,0.0306,False,10.0,48.4
IX,ORIX CORPORATION,JPY,2026,4,売上CAGR; ROIC; ROIC最低値,0.0327,0.0253,0.3034,0.0482,3.3831,True,True,False,False,reported,RevenueFromContractWithCustomerExcludingAssessedTax,0.0372,0.0286,False,12.1,7.0
APG,APi Group Corporation,USD,2025,4,ROIC; ROIC最低値; 営業利益率,0.0709,0.025,0.07,0.1904,2.3576,True,True,False,False,reported,RevenueFromContractWithCustomerExcludingAssessedTax,0.0832,0.0283,False,14.8,51.3
DAVA,ENDAVA PLC,GBP,2025,4,ROIC; ROIC最低値; 営業利益率,0.0427,0.0249,0.0408,0.1469,1.6988,True,True,False,False,reported,RevenueFromContractsWithCustomers,0.0475,0.0276,False,10.2,81.2
WLY,"JOHN WILEY & SONS, INC.",USD,2026,4,売上CAGR; ROIC; ROIC最低値,0.1428,0.0246,0.1651,-0.0528,3.4251,True,True,False,False,reported,RevenueFromContractWithCustomerExcludingAssessedTax,0.1502,0.0262,False,4.9,73.9
NABL,"N-able, Inc.",USD,2025,4,ROIC; ROIC最低値; 営業利益率,0.0242,0.0242,0.0719,0.1023,5.29,True,True,False,False,reported,RevenueFromContractWithCustomerExcludingAssessedTax,0.0267,0.0267,False,9.3,85.5
JBTM,JBT Marel Corporation,USD,2025,4,ROIC; ROIC最低値; 営業利益率,0.0236,0.0236,0.0499,0.2832,0.7159,True,True,False,False,reported,RevenueFromContractWithCustomerExcludingAssessedTax,0.0242,0.0242,False,2.6,54.0
NPO,ENPRO INC,USD,2025,4,ROIC; ROIC最低値; 営業利益率,0.0581,0.023,0.1413,0.08,1.2599,True,True,False,False,reported,RevenueFromContractWithCustomerIncludingAssessedTax,0.0612,0.0271,False,5.2,48.4
STGW,Stagwell Inc,USD,2025,4,ROIC; ROIC最低値; 営業利益率,0.0603,0.0226,0.0547,0.1862,5.2106,True,True,False,False,reported,Revenues,0.0634,0.0256,False,5.0,76.5
RDNT,"RadNet, Inc.",USD,2025,4,ROIC; ROIC最低値; 営業利益率,0.0225,0.0225,0.0304,0.116,46.4811,True,True,False,False,reported,RevenueFromContractWithCustomerExcludingAssessedTax,0.0347,0.0347,False,35.2,41.6
ICLR,ICON plc,USD,2025,4,ROIC; ROIC最低値; 営業利益率,0.029,0.0222,0.0537,0.1077,1.9061,True,True,False,False,reported,RevenueFromContractWithCustomerExcludingAssessedTax,0.0306,0.0236,False,5.4,72.4
SMID,Smith-Midland Corporation,USD,2025,4,FCFマイナス; ROIC最低値; FCF転換,0.2472,0.0204,0.1819,0.1655,0.0448,True,False,False,False,reported,Revenues,0.2472,0.0204,False,0.0,0.0
RYN,RAYONIER INC.,USD,2025,4,売上CAGR; ROIC; ROIC最低値,0.0202,0.0202,0.1725,-0.1875,1.1139,True,True,False,False,reported,RevenueFromContractWithCustomerExcludingAssessedTax,0.0273,0.0273,False,25.9,0.0
ALC,Alcon Inc.,USD,2025,4,ROIC; ROIC最低値; 営業利益率,0.041,0.0197,0.1308,0.0583,1.4358,True,True,False,False,reported,Revenue,0.0436,0.0212,False,5.8,35.3
FANG,"Diamondback Energy, Inc.",USD,2025,4,ROIC; ROIC最低値; 営業利益率,0.0194,0.0194,0.0843,0.2194,2.0335,True,True,False,False,reported,Revenues,0.0195,0.0195,False,0.2,0.0
VVX,"V2X, Inc.",USD,2025,4,ROIC; ROIC最低値; 営業利益率,0.0703,0.0194,0.0434,0.2589,5.8332,True,True,False,False,reported,RevenueFromContractWithCustomerExcludingAssessedTax,0.0703,0.0194,False,0.0,76.8
SWDS,"Starwood Real Estate Income Trust, Inc.",USD,2025,4,ROIC; ROIC最低値; FCF転換,0.0481,0.0194,0.6107,0.2523,,True,True,False,False,reported,RevenueFromContractWithCustomerExcludingAssessedTax,0.0488,0.0197,False,1.3,0.0
KNX,Knight-Swift Transportation Holdings Inc,USD,2025,4,ROIC; ROIC最低値; 営業利益率,0.0193,0.0193,0.0289,0.0564,3.0559,True,True,False,False,reported,Revenues,0.0198,0.0198,False,2.5,44.6
CBZ,"CBIZ, Inc.",USD,2025,4,ROIC; ROIC最低値; 営業利益率,0.0587,0.0187,0.0848,0.2569,1.4468,True,True,False,False,reported,RevenueFromContractWithCustomerExcludingAssessedTax,0.059,0.0188,False,0.6,73.9
KNTK,KINETIK HOLDINGS INC.,USD,2025,4,ROIC; ROIC最低値; 営業利益率,0.0422,0.018,0.0935,0.2777,0.8771,True,True,True,False,reported,RevenueFromContractWithCustomerExcludingAssessedTax,0.0423,0.0182,False,0.1,0.2
HXL,HEXCEL CORP /DE/,USD,2025,4,ROIC; ROIC最低値; 営業利益率,0.0604,0.0177,0.0906,0.0935,1.4902,True,True,False,False,reported,RevenueFromContractWithCustomerExcludingAssessedTax,0.0624,0.0188,False,3.2,8.5
DLR,"DIGITAL REALTY TRUST, INC.",USD,2025,4,ROIC; ROIC最低値; 営業利益率,0.0227,0.0175,0.1077,0.0839,1.9419,True,True,False,False,reported,Revenues,0.0267,0.0213,False,15.1,42.4
SNPS,SYNOPSYS INC,USD,2025,4,ROIC; ROIC最低値; 営業利益率,0.0173,0.0173,0.1297,0.1381,1.0859,True,True,False,False,reported,RevenueFromContractWithCustomerExcludingAssessedTax,0.0186,0.0186,False,7.1,64.4
COCO,"The Vita Coco Company, Inc.",USD,2025,4,FCFマイナス; ROIC最低値; 営業利益率,0.1967,0.0171,0.1353,0.1259,0.7862,True,False,False,False,reported,RevenueFromContractWithCustomerIncludingAssessedTax,0.4842,0.0199,False,59.4,2.3
CRGY,Crescent Energy Company,USD,2025,4,ROIC; ROIC最低値; 営業利益率,0.0169,0.0169,0.064,0.2477,31.1535,True,True,False,False,reported,RevenueFromContractWithCustomerExcludingAssessedTax,0.017,0.017,False,0.1,0.0
DAKT,"Daktronics, Inc.",USD,2026,4,FCFマイナス; ROIC最低値; 営業利益率,0.1598,0.0167,0.0725,0.0824,1.3072,True,False,False,False,reported,RevenueFromContractWithCustomerExcludingAssessedTax,0.2843,0.0188,False,43.8,1.2
AEIS,"Advanced Energy Industries, Inc.",USD,2025,4,ROIC; ROIC最低値; 営業利益率,0.0688,0.0164,0.0934,0.0543,0.8776,True,True,False,False,reported,RevenueFromContractWithCustomerExcludingAssessedTax,0.1165,0.0277,False,41.0,15.6
CHRD,Chord Energy Corp,USD,2025,4,ROIC; ROIC最低値; 営業利益率,0.0163,0.0163,0.0405,0.3255,2.1492,True,True,False,False,reported,RevenueFromContractWithCustomerExcludingAssessedTax,0.0166,0.0166,False,2.0,0.0
INFU,"InfuSystem Holdings, Inc.",USD,2025,4,ROIC; ROIC最低値; 営業利益率,0.1224,0.0161,0.0831,0.0879,7.7367,True,True,False,False,reported,Revenues,0.1277,0.0161,False,4.1,4.8
STZ,"CONSTELLATION BRANDS, INC.",USD,2026,4,売上CAGR; ROIC; ROIC最低値,0.117,0.016,0.2978,0.0089,2.6831,True,True,False,False,reported,RevenueFromContractWithCustomerExcludingAssessedTax,0.1176,0.016,False,0.6,28.5
DGII,DIGI INTERNATIONAL INC.,USD,2025,4,ROIC; ROIC最低値; 営業利益率,0.0559,0.016,0.1308,0.0866,2.6295,True,True,False,False,reported,RevenueFromContractWithCustomerExcludingAssessedTax,0.0575,0.0227,False,2.8,49.4
HCC,"Warrior Met Coal, Inc.",USD,2025,4,ROIC; ROIC最低値; 営業利益率,0.0157,0.0157,0.0349,0.0546,1.5783,True,True,False,False,reported,RevenueFromContractWithCustomerIncludingAssessedTax,0.0186,0.0186,False,15.4,0.0
QGEN,QIAGEN N.V.,USD,2025,4,売上CAGR; ROIC; ROIC最低値,0.0677,0.0156,0.2229,-0.0185,1.2906,True,True,False,False,reported,RevenueFromContractWithCustomerExcludingAssessedTax,0.0849,0.0203,False,20.2,49.7
RPRX,Royalty Pharma plc,USD,2025,4,売上CAGR; ROIC; ROIC最低値,0.066,0.0146,0.6558,0.0096,3.6204,True,True,False,False,reported,Revenues,0.0683,0.0162,False,3.4,0.0
TAK,Takeda Pharmaceutical Company Limited,JPY,2025,4,ROIC; ROIC最低値; 営業利益率,0.0248,0.0144,0.0748,0.0941,3.5175,True,True,False,False,reported,Revenue,0.0257,0.015,False,3.5,48.8
LSCC,Lattice Semiconductor Corp,USD,2026,4,ROIC; ROIC最低値; 営業利益率,0.0124,0.0124,0.0215,0.0641,1.4503,True,True,False,False,reported,RevenueFromContractWithCustomerExcludingAssessedTax,0.0153,0.0153,False,18.8,44.2
TRU,TransUnion,USD,2025,4,FCFマイナス; ROIC; ROIC最低値,0.071,0.0109,0.1874,0.1151,0.957,True,False,False,False,reported,RevenueFromContractWithCustomerExcludingAssessedTax,0.078,0.0114,False,9.0,55.1
PBYI,"PUMA BIOTECHNOLOGY, INC.",USD,2025,4,FCFマイナス; 売上CAGR; ROIC最低値,0.1928,0.0108,0.1633,-0.0254,1.0016,True,False,True,False,reported,RevenueFromContractWithCustomerExcludingAssessedTax,0.5325,0.0813,False,63.8,0.0
TGB,TASEKO MINES LIMITED,CAD,2025,4,ROIC; ROIC最低値; 営業利益率,0.0106,0.0106,0.0296,0.1163,17.2873,True,True,False,False,reported,Revenue,0.0121,0.0121,False,12.6,0.4
CWCO,CONSOLIDATED WATER CO. LTD.,USD,2025,4,ROIC; ROIC最低値; 営業利益率,0.0654,0.0101,0.139,0.1855,1.0276,True,True,False,False,reported,Revenues,0.1481,0.0135,False,55.8,5.8
JD,"JD.com, Inc.",CNY,2025,4,ROIC; ROIC最低値; 営業利益率,0.0094,0.0094,0.0021,0.083,2.165,True,True,False,False,reported,RevenueFromContractWithCustomerExcludingAssessedTax,0.1106,0.1106,False,91.5,11.3
ALK,"ALASKA AIR GROUP, INC.",USD,2025,4,ROIC; ROIC最低値; 営業利益率,0.0254,0.0093,0.0213,0.2322,4.906,True,True,False,False,reported,RevenueFromContractWithCustomerExcludingAssessedTax+Revenues,0.0328,0.0155,False,22.5,28.9
LFUS,LITTELFUSE INC /DE,USD,2025,4,ROIC; ROIC最低値; 営業利益率,0.0092,0.0092,0.0157,0.1335,1.9542,True,True,False,False,reported,RevenueFromContractWithCustomerIncludingAssessedTax,0.0111,0.0111,False,17.5,37.5
MITK,"MITEK SYSTEMS, INC.",USD,2025,4,ROIC; ROIC最低値; 営業利益率,0.0552,0.0082,0.0934,0.1067,5.3799,True,True,False,False,reported,RevenueFromContractWithCustomerExcludingAssessedTax,0.2807,0.0209,False,80.3,55.5
COHR,COHERENT CORP.,USD,2025,4,ROIC; ROIC最低値; 営業利益率,0.0453,0.007,0.0921,0.1695,6.7243,True,True,False,False,derived,RevenueFromContractWithCustomerExcludingAssessedTax,0.0502,0.0076,False,9.7,47.9
GPN,GLOBAL PAYMENTS INC.,USD,2025,4,売上CAGR; ROIC; ROIC最低値,0.0312,0.0068,0.2277,-0.0249,2.091,True,True,False,False,reported,RevenueFromContractWithCustomerExcludingAssessedTax,0.0384,0.0072,False,18.8,38.4
AMD,ADVANCED MICRO DEVICES INC,USD,2025,4,ROIC; ROIC最低値; 営業利益率,0.0441,0.0054,0.1066,0.2049,1.4671,True,True,False,False,reported,RevenueFromContractWithCustomerExcludingAssessedTax,0.0524,0.006,False,15.9,37.9
AGI,ALAMOS GOLD INC.,USD,2025,4,FCFマイナス; ROIC最低値; FCF転換,0.195,0.0043,0.6068,0.2174,0.48,True,False,False,False,reported,Revenue,0.2268,0.0046,False,14.0,0.0
WLFC,WILLIS LEASE FINANCE CORP,USD,2025,4,ROIC; ROIC最低値; 営業利益率,0.0245,0.003,0.1428,0.2775,3.5237,True,True,False,False,reported,Revenues,0.0246,0.0031,False,0.5,0.0
WELL,WELLTOWER INC.,USD,2025,4,ROIC; ROIC最低値; 営業利益率,0.0028,0.0028,0.0256,0.2751,2.2764,True,True,False,False,derived,RevenueFromContractWithCustomerExcludingAssessedTax,0.003,0.003,False,8.2,0.6
AR,ANTERO RESOURCES CORPORATION,USD,2025,4,売上CAGR; ROIC; ROIC最低値,0.078,0.0,0.1675,0.0338,2.82,True,True,False,False,reported,Revenues,0.078,0.0,False,0.0,0.0
NVGS,NAVIGATOR HOLDINGS LTD.,USD,2025,4,営業赤字; ROIC; ROIC最低値,0.0937,-0.0018,0.2818,0.0962,2.8054,False,True,False,False,reported,Revenues,0.1054,-0.002,False,11.1,0.0
TCOM,Trip.com Group Limited,CNY,2025,4,営業赤字; ROIC; ROIC最低値,0.0618,-0.0069,0.2527,0.3287,0.9498,False,True,False,False,reported,Revenues,0.0961,-0.01,False,35.6,30.9
HQY,"HEALTHEQUITY, INC.",USD,2026,4,営業赤字; ROIC; ROIC最低値,0.0831,-0.0069,0.2455,0.1479,4.4195,False,True,False,False,reported,RevenueFromContractWithCustomerExcludingAssessedTax,0.0928,-0.0075,False,10.4,53.8
TFPM,Triple Flag Precious Metals Corp.,USD,2025,4,営業赤字; ROIC; ROIC最低値,0.0853,-0.0082,0.5681,0.2679,2.597,False,True,False,False,reported,Revenue,0.0892,-0.0084,False,4.3,0.0
IVT,INVENTRUST PROPERTIES CORP.,USD,2025,4,営業赤字; ROIC; ROIC最低値,0.0181,-0.0105,0.2006,0.0899,2.6675,False,True,False,False,reported,Revenues,0.0181,-0.0105,False,0.0,0.0
ESP,ESPEY MFG. & ELECTRONICS CORP.,USD,2025,4,営業赤字; ROIC; ROIC最低値,0.1263,-0.0111,0.1849,0.122,1.4911,False,True,False,False,reported,Revenues,0.8832,-0.0165,False,85.7,0.0
VRTX,VERTEX PHARMACEUTICALS INC / MA,USD,2025,4,営業赤字; FCFマイナス; ROIC最低値,0.1766,-0.0112,0.3477,0.1219,0.9506,False,False,False,False,reported,RevenueFromContractWithCustomerExcludingAssessedTax,0.2734,-0.0179,False,35.4,5.8
DOCN,"DigitalOcean Holdings, Inc.",USD,2025,4,営業赤字; ROIC; ROIC最低値,0.1317,-0.0134,0.1742,0.2043,1.6638,False,True,True,False,reported,RevenueFromContractWithCustomerExcludingAssessedTax,0.1804,-0.0311,False,27.0,37.0
USFD,US FOODS HOLDING CORP.,USD,2025,4,営業赤字; ROIC最低値; 営業利益率,0.2199,-0.0172,0.0304,0.1457,1.9516,False,True,False,False,reported,RevenueFromContractWithCustomerExcludingAssessedTax,0.222,-0.0225,False,1.0,134.5
HL,HECLA MINING COMPANY,USD,2025,4,営業赤字; FCFマイナス; ROIC最低値,0.1569,-0.0179,0.3618,0.1522,0.8021,False,False,False,False,reported,RevenueFromContractWithCustomerIncludingAssessedTax,0.1776,-0.019,False,11.6,0.0
CCJ,CAMECO CORPORATION,CAD,2025,4,営業赤字; ROIC; ROIC最低値,0.0618,-0.0184,0.1775,0.2395,2.5465,False,True,False,False,reported,Revenue,0.072,-0.0234,False,14.1,0.0
ORLA,ORLA MINING LTD.,USD,2025,4,営業赤字; FCFマイナス; ROIC最低値,0.6215,-0.0192,0.488,3.002,5.55,False,False,False,False,derived,RevenueFromContractsWithCustomers,1.7325,-0.0216,False,64.1,0.0
LNG,"CHENIERE ENERGY, INC.",USD,2025,4,営業赤字; 売上CAGR; ROIC最低値,0.2343,-0.0205,0.4681,0.0265,0.9056,False,True,True,False,reported,RevenueFromContractWithCustomerExcludingAssessedTax,0.243,-0.0216,False,3.6,0.3
CALM,"Cal-Maine Foods, Inc.",USD,2025,4,営業赤字; FCFマイナス; ROIC最低値,0.4741,-0.0205,0.3605,0.3332,0.8697,False,False,False,False,reported,RevenueFromContractWithCustomerExcludingAssessedTax,1.0388,-0.0246,False,54.4,1.8
CAE,CAE INC.,CAD,2025,4,営業赤字; ROIC; ROIC最低値,0.0723,-0.021,0.1549,0.1209,3.1589,False,True,False,False,reported,Revenue,0.0751,-0.0214,False,3.7,30.6
GCMG,GCM Grosvenor Inc.,USD,2025,4,営業赤字; 売上CAGR; ROIC最低値,0.2315,-0.0262,0.2394,0.012,6.6813,False,True,True,False,reported,RevenueFromContractWithCustomerExcludingAssessedTax,0.4942,-0.0299,False,53.2,6.4
STNG,Scorpio Tankers Inc.,USD,2025,4,営業赤字; ROIC; ROIC最低値,0.0739,-0.0286,0.3786,0.1477,1.5409,False,True,False,False,reported,Revenue,0.0921,-0.0315,False,19.8,0.2
MRVL,"Marvell Technology, Inc.",USD,2026,4,営業赤字; ROIC; ROIC最低値,0.0557,-0.0325,0.1614,0.1641,20.808,False,True,False,False,reported,RevenueFromContractWithCustomerExcludingAssessedTax,0.0648,-0.0344,False,14.1,58.9
RSRV,RESERVE PETROLEUM CO,USD,2025,4,営業赤字; ROIC; ROIC最低値,0.1003,-0.0329,0.2567,0.166,2.9567,False,True,False,False,reported,RevenueFromContractWithCustomerIncludingAssessedTax,0.1068,-0.0397,False,6.1,0.0
TILE,INTERFACE INC,USD,2025,4,営業赤字; ROIC最低値; 営業利益率,0.1576,-0.0344,0.1182,0.0589,2.0229,False,True,False,False,reported,RevenueFromContractWithCustomerExcludingAssessedTax,0.1725,-0.0388,False,8.7,13.6
TAYD,"Taylor Devices, Inc.",USD,2025,4,営業赤字; ROIC; ROIC最低値,0.1226,-0.0455,0.208,0.1975,1.0218,False,True,False,False,reported,Revenues,0.2919,-0.0972,False,58.0,0.0
PAYO,Payoneer Global Inc.,USD,2025,4,営業赤字; ROIC; ROIC最低値,0.1398,-0.049,0.1533,0.1528,2.5357,False,True,False,False,reported,RevenueFromContractWithCustomerExcludingAssessedTax,0.3409,-8.9673,False,59.0,11.0
CRDO,CREDO TECHNOLOGY GROUP HOLDING LTD,USD,2026,4,営業赤字; FCFマイナス; ROIC最低値,0.1704,-0.0542,0.3333,0.8818,0.7835,False,False,False,False,reported,RevenueFromContractWithCustomerExcludingAssessedTax,0.5667,-0.2319,False,69.9,0.0
GIL,GILDAN ACTIVEWEAR INC.,USD,2025,4,営業赤字; ROIC; ROIC最低値,0.066,-0.0558,0.1713,0.1626,1.1973,False,True,False,False,reported,Revenue,0.0686,-0.0696,False,3.8,11.7
FNV,FRANCO NEVADA Corp,USD,2025,4,営業赤字; ROIC; ROIC最低値,0.1401,-0.0586,0.7429,0.0882,2.0019,False,True,False,False,reported,RevenueFromContractsWithCustomers,0.1536,-0.0778,False,8.8,0.0
TK,TEEKAY CORPORATION LTD.,USD,2025,4,営業赤字; ROIC; ROIC最低値,0.1106,-0.0602,0.3189,0.086,2.9736,False,True,False,False,reported,RevenueFromContractWithCustomerExcludingAssessedTax,0.1958,-0.063,False,43.5,0.1
OUT,OUTFRONT Media Inc.,USD,2025,4,営業赤字; ROIC; ROIC最低値,0.0704,-0.0603,0.1602,0.0576,4.8722,False,True,False,False,reported,Revenues,0.0726,-0.0609,False,3.0,60.9
STX,Seagate Technology Holdings plc,USD,2025,4,営業赤字; 売上CAGR; ROIC最低値,0.3287,-0.0635,0.2078,-0.0393,1.0647,False,True,True,False,reported,RevenueFromContractWithCustomerExcludingAssessedTax,0.409,-0.078,False,19.6,26.9
VOXR,Vox Royalty Corp.,USD,2025,4,営業赤字; ROIC; ROIC最低値,0.0384,-0.0671,0.4325,0.3475,73.1298,False,True,False,False,derived,RevenueFromContractsWithCustomers,0.0416,-0.103,False,7.6,0.0
CVLT,COMMVAULT SYSTEMS INC,USD,2026,4,営業赤字; ROIC最低値; 営業利益率,7.7999,-0.0674,0.0625,0.1136,3.1284,False,True,False,True,reported,RevenueFromContractWithCustomerExcludingAssessedTax,,,True,12009.4,2793.2
EQT,EQT Corporation,USD,2025,4,営業赤字; ROIC; ROIC最低値,0.0814,-0.0692,0.3759,0.2959,1.5633,False,True,False,False,reported,Revenues,0.0816,-0.0697,False,0.4,0.0
BZ,KANZHUN LIMITED,CNY,2025,4,営業赤字; ROIC; ROIC最低値,0.0972,-0.0767,0.298,0.1804,2.5263,False,True,False,False,reported,RevenueFromContractWithCustomerExcludingAssessedTax,,,True,67.7,0.0
TDW,TIDEWATER INC,USD,2025,4,営業赤字; ROIC; ROIC最低値,0.1105,-0.0864,0.2089,0.3818,1.5543,False,True,False,False,reported,RevenueFromContractWithCustomerExcludingAssessedTax,0.1549,-0.1042,False,28.6,0.0
CRS,CARPENTER TECHNOLOGY CORPORATION,USD,2025,4,営業赤字; FCFマイナス; ROIC最低値,0.1596,-0.0941,0.1814,0.1817,1.3551,False,False,False,False,reported,RevenueFromContractWithCustomerExcludingAssessedTax,0.1818,-0.1091,False,12.2,8.8
ERIC,ERICSSON LM TELEPHONE CO,SEK,2025,4,営業赤字; 売上CAGR; ROIC最低値,0.2146,-0.1103,0.1632,0.0047,3.2223,False,True,False,False,reported,Revenue,0.3104,-0.1455,False,30.9,33.0
IRS,IRSA Investments and Representations Inc,ARS,2025,4,営業赤字; ROIC; ROIC最低値,0.0613,-0.1117,0.3684,0.7876,1.0991,False,True,False,False,reported,Revenue,0.0666,-0.114,False,7.9,0.0
FEIM,"FREQUENCY ELECTRONICS, INC.",USD,2025,4,営業赤字; FCFマイナス; ROIC最低値,0.1666,-0.136,0.1681,0.0651,1.0972,False,False,False,False,reported,Revenues,0.1821,-0.2524,False,8.5,0.0
SPOT,Spotify Technology S.A.,EUR,2025,4,営業赤字; ROIC最低値; 営業利益率,0.2085,-0.1475,0.1279,0.1547,2.6028,False,True,False,False,reported,Revenue,,,True,113.7,13.0
SUPV,GRUPO SUPERVIELLE S.A.,ARS,2024,4,営業赤字; ROIC; ROIC最低値,0.1415,-0.1607,0.1666,0.6267,5.4316,False,True,False,False,reported,Revenue,,,True,81.9,7.4
ETSY,"ETSY, INC",USD,2025,4,営業赤字; ROIC最低値; 営業利益率,0.1703,-0.3003,0.0923,0.0548,5.9626,False,True,True,False,reported,RevenueFromContractWithCustomerExcludingAssessedTax,,,True,127.9,3.1
MDXG,"MIMEDX GROUP, INC.",USD,2025,4,営業赤字; FCFマイナス; ROIC最低値,0.1849,-0.3801,0.1526,0.1468,1.3527,False,False,True,False,reported,RevenueFromContractWithCustomerExcludingAssessedTax,,,True,60.8,7.1
RCMT,"RCM TECHNOLOGIES, INC.",USD,2026,4,営業赤字; ROIC最低値; 営業利益率,0.4312,-0.389,0.0786,0.2072,1.1448,False,True,False,False,reported,RevenueFromContractWithCustomerIncludingAssessedTax,0.4605,-0.4023,False,6.4,48.2
BKTI,BK Technologies Corp,USD,2025,4,営業赤字; FCFマイナス; ROIC最低値,0.2826,-0.4348,0.1856,0.1739,1.5798,False,False,False,False,reported,Revenues+RevenueFromContractWithCustomerIncludingAssessedTax,0.5764,-0.4805,False,51.0,0.0
MMM,3M COMPANY,USD,2025,4,営業赤字; 売上CAGR; ROIC最低値,0.2113,-0.4433,0.1855,-0.0835,1.3848,False,True,False,False,reported,RevenueFromContractWithCustomerExcludingAssessedTax,0.2113,-0.4433,False,0.0,37.1
HRTG,"Heritage Insurance Holdings, Inc.",USD,2025,4,営業赤字; FCFマイナス; ROIC最低値,0.3616,-0.4782,0.3153,0.0762,4.4971,False,False,False,False,reported,Revenues,,,True,95.8,0.0
CRMD,CORMEDIX INC.,USD,2025,4,営業赤字; FCFマイナス; ROIC最低値,0.2926,-0.4863,0.4817,5.008,0.8103,False,False,False,False,reported,Revenues,,,True,38.3,0.0
BTMD,biote Corp.,USD,2025,4,営業赤字; FCFマイナス; ROIC最低値,0.6457,-0.6493,0.185,0.0836,2.7094,False,False,True,True,reported,RevenueFromContractWithCustomerExcludingAssessedTax,,,True,55.5,0.0
PEGA,PEGASYSTEMS INC.,USD,2025,4,営業赤字; FCFマイナス; ROIC最低値,0.264,-0.6606,0.1507,0.0956,6.8872,False,False,False,False,reported,RevenueFromContractWithCustomerExcludingAssessedTax,,,True,54.1,10.4
SEZL,SEZZLE INC.,USD,2025,4,営業赤字; FCFマイナス; ROIC最低値,0.8225,-2.5402,0.3926,0.4072,2.3671,False,False,False,False,reported,Revenues,,,True,37.7,0.0
AN,"AUTONATION, INC.",USD,2025,3,FCFマイナス; 売上CAGR; 営業利益率; FCF転換,0.4184,0.4184,0.0449,0.0169,0.5581,True,False,False,False,reported,Revenues,0.4291,0.4291,False,2.5,60.2
GTX,Garrett Motion Inc.,USD,2025,3,FCFマイナス; 売上CAGR; 営業利益率; FCF転換,0.6297,0.3551,0.137,-0.0034,0.542,True,False,True,False,derived,Revenues,0.8836,0.4652,False,28.7,31.3
VIOT,"Viomi Technology Co., Ltd",CNY,2025,3,FCFマイナス; 売上CAGR; 営業利益率; FCF転換,0.1818,0.1654,0.1496,-0.1774,,True,False,False,False,derived,RevenueFromContractWithCustomerExcludingAssessedTax,0.4165,0.1993,False,56.3,0.0
CNDT,CONDUENT INC,USD,2025,3,FCFマイナス; 売上CAGR; 営業利益率; FCF転換,0.152,0.151,0.0447,-0.0742,,True,False,False,False,derived,RevenueFromContractWithCustomerExcludingAssessedTax,0.2267,0.2267,False,33.0,87.3
GOLF,Acushnet Holdings Corp.,USD,2025,3,FCFマイナス; 売上CAGR; ROIC; 営業利益率,0.1383,0.1383,0.117,0.0447,0.7498,True,False,False,False,reported,RevenueFromContractWithCustomerExcludingAssessedTax,0.1383,0.1383,False,0.0,13.1
KNF,Knife River Corporation,USD,2025,3,FCFマイナス; ROIC; 営業利益率; FCF転換,0.1376,0.1376,0.0909,0.09,0.4165,True,False,False,False,reported,Revenues,0.1376,0.1376,False,0.0,31.7
FE,FIRSTENERGY CORP,USD,2025,3,FCFマイナス; ROIC; 営業利益率; FCF転換,0.1317,0.1317,0.1462,0.079,-0.8256,True,False,False,False,reported,Revenues,0.1323,0.1323,False,0.4,42.5
TDAY,"USA TODAY CO., INC.",USD,2025,3,FCFマイナス; 売上CAGR; 営業利益率; FCF転換,0.1792,0.126,0.1093,-0.0796,,True,False,False,False,derived,RevenueFromContractWithCustomerExcludingAssessedTax,0.1951,0.1347,False,8.1,46.8
RUSHA,"RUSH ENTERPRISES, INC.",USD,2025,3,FCFマイナス; ROIC; 営業利益率; FCF転換,0.1255,0.1255,0.0557,0.097,0.5681,True,False,False,False,reported,RevenueFromContractWithCustomerExcludingAssessedTax,0.1373,0.1373,False,8.6,17.8
CCU,UNITED BREWERIES CO INC,CLP,2024,3,FCFマイナス; ROIC; 営業利益率; FCF転換,0.136,0.1067,0.0904,0.1182,0.5925,True,False,False,False,reported,Revenue,0.2536,0.1537,False,46.4,10.6
ALG,ALAMO GROUP INC.,USD,2025,3,FCFマイナス; 売上CAGR; ROIC; 営業利益率,0.1043,0.1043,0.0945,0.0471,0.8046,True,False,False,False,reported,RevenueFromContractWithCustomerExcludingAssessedTax,0.1428,0.1392,False,27.0,18.7
CCK,"CROWN HOLDINGS, INC.",USD,2025,3,FCFマイナス; 売上CAGR; ROIC; 営業利益率,0.1382,0.1016,0.1256,0.0207,1.4722,True,False,False,False,reported,RevenueFromContractWithCustomerExcludingAssessedTax,0.1512,0.1171,False,8.6,35.5
SAIA,"Saia, Inc.",USD,2025,3,FCFマイナス; ROIC; 営業利益率; FCF転換,0.1015,0.1015,0.1089,0.0903,-0.0581,True,False,False,False,reported,RevenueFromContractWithCustomerExcludingAssessedTax,0.1023,0.1023,False,0.7,0.4
NUE,NUCOR CORPORATION,USD,2025,3,FCFマイナス; 売上CAGR; ROIC; 営業利益率,0.1,0.1,0.0818,-0.0285,0.8028,True,False,False,False,derived,RevenueFromContractWithCustomerExcludingAssessedTax,0.1148,0.1148,False,12.9,20.5
PLXS,PLEXUS CORP.,USD,2025,3,FCFマイナス; 売上CAGR; ROIC; 営業利益率,0.1099,0.1,0.0502,0.0375,0.7343,True,False,False,False,reported,RevenueFromContractWithCustomerExcludingAssessedTax,0.1392,0.1353,False,21.1,0.0
URBN,"Urban Outfitters, Inc.",USD,2026,3,FCFマイナス; ROIC最低値; 営業利益率; FCF転換,0.1699,0.0999,0.0982,0.079,0.6061,True,False,False,False,reported,RevenueFromContractWithCustomerExcludingAssessedTax,0.2258,0.127,False,24.7,0.0
TBTC,Table Trac INC,USD,2025,3,FCFマイナス; ROIC; ROIC最低値; 営業利益率,0.0986,0.0986,0.1451,0.1222,0.8583,True,False,False,False,reported,Revenues,0.2749,0.2698,False,64.1,0.0
BWXT,"BWX TECHNOLOGIES, INC.",USD,2025,3,ROIC; ROIC最低値; 営業利益率; FCF転換,0.0984,0.0984,0.1265,0.1077,0.631,True,True,False,False,reported,RevenueFromContractWithCustomerExcludingAssessedTax,0.1162,0.1162,False,15.4,15.4
LZB,La-Z-Boy Incorporated,USD,2026,3,売上CAGR; ROIC; ROIC最低値; 営業利益率,0.0972,0.0972,0.0608,-0.0254,0.7748,True,True,False,False,reported,RevenueFromContractWithCustomerExcludingAssessedTax,0.1367,0.1367,False,28.9,23.2
ESAB,ESAB Corporation,USD,2025,3,売上CAGR; ROIC; ROIC最低値; 営業利益率,0.0958,0.0958,0.145,0.0402,1.0283,True,True,False,False,reported,RevenueFromContractWithCustomerExcludingAssessedTax,0.1014,0.1,False,5.5,57.4
MATX,"Matson, Inc.",USD,2025,3,売上CAGR; ROIC; ROIC最低値; 営業利益率,0.1269,0.0957,0.1494,-0.0392,1.2716,True,True,False,False,reported,RevenueFromContractWithCustomerExcludingAssessedTax,0.133,0.1005,False,4.6,10.5
SKY,"Champion Homes, Inc.",USD,2026,3,売上CAGR; ROIC; ROIC最低値; 営業利益率,0.1253,0.0957,0.0945,0.0481,0.9871,True,True,False,False,reported,RevenueFromContractWithCustomerExcludingAssessedTax,0.2096,0.1454,False,40.2,23.0
MAT,MATTEL INC /DE/,USD,2025,3,売上CAGR; ROIC; ROIC最低値; 営業利益率,0.0946,0.0946,0.1022,-0.0051,1.3023,True,True,False,False,reported,RevenueFromContractWithCustomerExcludingAssessedTax,0.13,0.13,False,27.2,30.5
GIS,"GENERAL MILLS, INC.",USD,2026,3,売上CAGR; ROIC; ROIC最低値; 営業利益率,0.0941,0.0941,0.0481,-0.0076,1.1278,True,True,False,False,reported,RevenueFromContractWithCustomerExcludingAssessedTax,0.1002,0.1002,False,6.1,189.9
OTTR,OTTER TAIL CORPORATION,USD,2025,3,売上CAGR; ROIC; ROIC最低値; FCF転換,0.094,0.094,0.2651,0.0215,0.4404,True,True,False,False,reported,RevenueFromContractWithCustomerExcludingAssessedTax,0.1108,0.1104,False,15.2,1.3
CRCT,"Cricut, Inc.",USD,2025,3,FCFマイナス; 売上CAGR; ROIC最低値; 営業利益率,0.2208,0.0939,0.1355,-0.1417,1.9427,True,False,False,False,reported,RevenueFromContractWithCustomerExcludingAssessedTax,1.1171,0.1691,False,80.2,0.0
CRD-A,CRAWFORD & CO,USD,2025,3,売上CAGR; ROIC; ROIC最低値; 営業利益率,0.1438,0.0934,0.0556,0.0357,3.4196,True,True,False,False,derived,RevenueFromContractWithCustomerExcludingAssessedTax,0.1712,0.1078,False,16.0,19.1
RS,"RELIANCE, INC.",USD,2025,3,売上CAGR; ROIC; ROIC最低値; 営業利益率,0.0931,0.0931,0.0708,0.0035,0.8107,True,True,False,False,reported,RevenueFromContractWithCustomerExcludingAssessedTax,0.0955,0.0955,False,2.5,25.3
SANM,Sanmina Corporation,USD,2025,3,売上CAGR; ROIC; ROIC最低値; 営業利益率,0.0986,0.0926,0.0436,0.048,0.9488,True,True,False,False,reported,RevenueFromContractWithCustomerExcludingAssessedTax,0.1464,0.1291,False,32.6,0.0
CIX,COMPX INTERNATIONAL INC,USD,2025,3,売上CAGR; ROIC; ROIC最低値; 営業利益率,0.1288,0.092,0.1428,0.0297,0.8834,True,True,False,False,reported,RevenueFromContractWithCustomerExcludingAssessedTax,0.2112,0.1575,False,39.0,17.1
EW,EDWARDS LIFESCIENCES CORPORATION,USD,2025,3,売上CAGR; ROIC; ROIC最低値; FCF転換,0.0913,0.0913,0.2084,0.0377,0.4803,True,True,False,False,reported,RevenueFromContractWithCustomerExcludingAssessedTax,0.1488,0.1488,False,38.6,16.2
STVN,Stevanato Group S.p.A.,EUR,2025,3,FCFマイナス; ROIC; ROIC最低値; FCF転換,0.1057,0.0906,0.1676,0.0889,-0.821,True,False,False,False,reported,Revenue,0.1158,0.0975,False,8.8,3.4
NI,NISOURCE INC.,USD,2025,3,FCFマイナス; ROIC; ROIC最低値; FCF転換,0.1423,0.0904,0.2814,0.0836,-0.8903,True,False,False,False,reported,RevenueFromContractWithCustomerExcludingAssessedTax,0.1439,0.1072,False,1.1,14.6
ROCK,"GIBRALTAR INDUSTRIES, INC.",USD,2025,3,売上CAGR; ROIC; ROIC最低値; 営業利益率,0.102,0.0902,0.1081,-0.0405,1.5766,True,True,False,False,reported,Revenues,0.1162,0.0916,False,12.2,43.7
SMCI,"SUPER MICRO COMPUTER, INC.",USD,2025,3,FCFマイナス; ROIC最低値; 営業利益率; FCF転換,0.1571,0.0893,0.057,0.5765,-0.2693,True,False,False,False,reported,RevenueFromContractWithCustomerExcludingAssessedTax,0.8746,0.1133,False,82.0,0.0
TEFOF,"TELEFONICA, S.A.",EUR,2024,3,売上CAGR; ROIC; ROIC最低値; 営業利益率,0.093,0.0889,0.058,-0.0104,5.3638,True,True,False,False,reported,Revenue,0.1539,0.129,False,39.6,80.9
TFII,TFI INTERNATIONAL INC.,USD,2025,3,売上CAGR; ROIC; ROIC最低値; 営業利益率,0.0887,0.0887,0.0717,0.0222,1.1487,True,True,False,False,reported,Revenue,0.0926,0.0926,False,4.2,0.0
SAIC,Science Applications International Corpo,USD,2026,3,売上CAGR; ROIC; ROIC最低値; 営業利益率,0.1032,0.0882,0.0717,-0.0045,1.3451,True,True,False,False,reported,RevenueFromContractWithCustomerExcludingAssessedTax,0.1082,0.0905,False,4.6,73.8
DORM,"Dorman Products, Inc.",USD,2025,3,ROIC; ROIC最低値; 営業利益率; FCF転換,0.1234,0.0879,0.1406,0.1218,0.665,True,True,False,False,reported,RevenueFromContractWithCustomerExcludingAssessedTax,0.1267,0.0906,False,2.6,20.2
UFPI,"UFP INDUSTRIES, INC.",USD,2025,3,売上CAGR; ROIC; ROIC最低値; 営業利益率,0.0873,0.0873,0.0576,-0.0751,1.0134,True,True,False,False,reported,RevenueFromContractWithCustomerIncludingAssessedTax,0.1227,0.1227,False,28.8,10.4
AWR,American States Water Co,USD,2025,3,FCFマイナス; ROIC; ROIC最低値; FCF転換,0.0878,0.0865,0.3089,0.0717,-0.4358,True,False,False,False,reported,Revenues,0.0887,0.087,False,1.0,0.0
BIPH,BROOKFIELD INFRASTRUCTURE PARTNERS L.P.,USD,2025,3,FCFマイナス; ROIC; ROIC最低値; FCF転換,0.1289,0.0863,0.251,0.1895,0.2334,True,False,False,False,reported,Revenue,0.1416,0.0912,False,9.0,54.1
BDC,BELDEN INC.,USD,2025,3,売上CAGR; ROIC; ROIC最低値; 営業利益率,0.0978,0.0862,0.1163,0.0422,1.0046,True,True,False,False,reported,Revenues,0.1155,0.1025,False,15.3,40.7
HPP,"Hudson Pacific Properties, Inc.",USD,2025,3,売上CAGR; ROIC; ROIC最低値; FCF転換,0.0878,0.0854,0.3976,-0.0188,,True,True,False,False,derived,Revenues,0.0921,0.0873,False,4.7,0.3
PLPC,Preformed Line Products Company,USD,2025,3,FCFマイナス; ROIC; ROIC最低値; 営業利益率,0.0848,0.0848,0.0824,0.0665,0.7051,True,False,False,False,reported,RevenueFromContractWithCustomerExcludingAssessedTax,0.0848,0.0848,False,0.0,6.0
FDX,FedEx Corporation,USD,2025,3,売上CAGR; ROIC; ROIC最低値; 営業利益率,0.0859,0.0846,0.0593,0.0116,0.751,True,True,False,False,reported,RevenueFromContractWithCustomerExcludingAssessedTax,0.097,0.097,False,11.5,13.8
CNXN,"PC CONNECTION, INC.",USD,2025,3,売上CAGR; ROIC; ROIC最低値; 営業利益率,0.0862,0.0842,0.0346,-0.0017,1.2824,True,True,False,False,reported,RevenueFromContractWithCustomerExcludingAssessedTax,0.1558,0.1328,False,44.7,8.1
TKR,TIMKEN CO,USD,2025,3,売上CAGR; ROIC; ROIC最低値; 営業利益率,0.084,0.084,0.118,0.0261,0.8796,True,True,False,False,reported,RevenueFromContractWithCustomerExcludingAssessedTax,0.0905,0.0905,False,7.2,29.2
ZTO,ZTO Express (Cayman) Inc.,CNY,2025,3,FCFマイナス; ROIC; ROIC最低値; FCF転換,0.107,0.0834,0.2133,0.1273,0.604,True,False,False,False,reported,RevenueFromContractWithCustomerIncludingAssessedTax,0.1601,0.11,False,33.2,5.4
PATK,"PATRICK INDUSTRIES, INC.",USD,2025,3,売上CAGR; ROIC; ROIC最低値; 営業利益率,0.0882,0.0833,0.0699,-0.0079,1.4096,True,True,False,False,reported,RevenueFromContractWithCustomerExcludingAssessedTax,0.0891,0.0845,False,1.1,34.0
JCI,JOHNSON CONTROLS INTERNATIONAL PLC,USD,2025,3,売上CAGR; ROIC; ROIC最低値; 営業利益率,0.1479,0.0828,0.1083,-0.0008,0.7343,True,True,False,False,derived,RevenueFromContractWithCustomerExcludingAssessedTax,0.1521,0.0941,False,2.8,121.9
FBIN,"Fortune Brands Innovations, Inc.",USD,2025,3,売上CAGR; ROIC; ROIC最低値; 営業利益率,0.0826,0.0826,0.1156,-0.0181,0.9245,True,True,False,False,reported,Revenues,0.0873,0.0873,False,5.4,40.7
WELPP,WISCONSIN ELECTRIC POWER COMPANY,USD,2025,3,FCFマイナス; ROIC; ROIC最低値; FCF転換,0.0818,0.0818,0.2605,0.0523,-0.9395,True,False,False,False,reported,Revenues,0.0818,0.0818,False,0.0,0.0
DGX,QUEST DIAGNOSTICS INC,USD,2025,3,売上CAGR; ROIC; ROIC最低値; 営業利益率,0.0957,0.0818,0.141,0.0057,1.1092,True,True,False,False,reported,RevenueFromContractWithCustomerExcludingAssessedTax,0.099,0.0854,False,3.3,69.7
PHIN,PHINIA INC.,USD,2025,3,売上CAGR; ROIC; ROIC最低値; 営業利益率,0.1264,0.0803,0.0729,0.0193,0.949,True,True,False,False,reported,RevenueFromContractWithCustomerExcludingAssessedTax,0.1264,0.0803,False,0.0,0.0
SSTK,"SHUTTERSTOCK, INC.",USD,2025,3,FCFマイナス; ROIC; ROIC最低値; 営業利益率,0.0802,0.0802,0.0758,0.0636,1.4139,True,False,False,False,reported,RevenueFromContractWithCustomerExcludingAssessedTax,0.1057,0.096,False,24.1,77.7
LPX,LOUISIANA-PACIFIC CORPORATION,USD,2025,3,売上CAGR; ROIC; ROIC最低値; 営業利益率,0.0794,0.0794,0.0772,-0.088,0.7761,True,True,False,False,reported,Revenues,0.0924,0.0924,False,14.0,0.9
REYN,REYNOLDS CONSUMER PRODUCTS INC.,USD,2025,3,売上CAGR; ROIC; ROIC最低値; 営業利益率,0.0998,0.0794,0.1301,0.0195,0.9687,True,True,False,False,derived,RevenueFromContractWithCustomerExcludingAssessedTax,0.1037,0.0802,False,3.8,49.4
KFY,KORN FERRY,USD,2026,3,売上CAGR; ROIC; ROIC最低値; 営業利益率,0.1249,0.079,0.1275,0.0268,1.2867,True,True,False,False,reported,RevenueFromContractWithCustomerExcludingAssessedTax,0.2394,0.1468,False,47.8,40.1
MOH,"MOLINA HEALTHCARE, INC.",USD,2025,3,FCFマイナス; ROIC; ROIC最低値; 営業利益率,0.0787,0.0787,0.0172,0.1309,1.0041,True,False,False,False,reported,Revenues,,,True,105.4,25.0
FLEX,FLEX LTD.,USD,2026,3,売上CAGR; ROIC; ROIC最低値; 営業利益率,0.1215,0.0785,0.049,0.0318,0.8824,True,True,False,False,reported,RevenueFromContractWithCustomerExcludingAssessedTax,0.1661,0.1103,False,26.9,15.4
BP,BP PLC,USD,2025,3,売上CAGR; ROIC; ROIC最低値; 営業利益率,0.0928,0.0781,0.0657,0.0406,7.1495,True,True,False,False,reported,Revenue,0.1405,0.1188,False,34.0,9.6
EQIX,EQUINIX INC,USD,2025,3,FCFマイナス; ROIC; ROIC最低値; FCF転換,0.1031,0.0776,0.2005,0.0856,0.1612,True,False,False,False,reported,RevenueFromContractWithCustomerExcludingAssessedTax,0.1336,0.0937,False,22.8,42.3
ATO,ATMOS ENERGY CORP,USD,2025,3,FCFマイナス; ROIC; ROIC最低値; FCF転換,0.0909,0.0772,0.3317,0.0839,-1.4411,True,False,False,False,reported,Revenues,0.0923,0.0777,False,1.5,5.4
IOSP,INNOSPEC INC.,USD,2025,3,売上CAGR; ROIC; ROIC最低値; 営業利益率,0.0771,0.0771,0.0728,0.0463,0.9132,True,True,False,False,reported,RevenueFromContractWithCustomerExcludingAssessedTax,0.099,0.099,False,22.1,30.1
CRI,"Carter's, Inc.",USD,2026,3,売上CAGR; ROIC; ROIC最低値; 営業利益率,0.0762,0.0762,0.0497,-0.0106,1.5918,True,True,False,False,reported,RevenueFromContractWithCustomerExcludingAssessedTax,0.1131,0.1131,False,32.6,14.0
OLLI,"Ollie’s Bargain Outlet Holdings, Inc.",USD,2026,3,ROIC; ROIC最低値; 営業利益率; FCF転換,0.1245,0.0759,0.1124,0.1087,0.5718,True,True,False,False,reported,RevenueFromContractWithCustomerExcludingAssessedTax,0.1444,0.0898,False,13.8,23.6
GVH,Globavend Holdings Limited,USD,2025,3,FCFマイナス; ROIC; ROIC最低値; 営業利益率,0.0754,0.0754,0.0407,0.1839,0.8108,True,False,False,True,reported,Revenues,0.0754,0.0754,False,0.0,0.0
UMC,United Microelectronics Corporation,TWD,2024,3,FCFマイナス; ROIC; ROIC最低値; FCF転換,0.109,0.074,0.2222,0.0706,0.5415,True,False,False,False,reported,Revenue,0.1516,0.1237,False,28.1,0.0
UHS,"UNIVERSAL HEALTH SERVICES, INC.",USD,2025,3,ROIC; ROIC最低値; 営業利益率; FCF転換,0.131,0.0739,0.1148,0.0826,0.5557,True,True,False,False,reported,RevenueFromContractWithCustomerExcludingAssessedTax,0.1325,0.0746,False,1.1,33.2
SLGN,SILGAN HOLDINGS INC,USD,2025,3,売上CAGR; ROIC; ROIC最低値; 営業利益率,0.0784,0.0739,0.1013,0.0337,1.2541,True,True,False,False,derived,RevenueFromContractWithCustomerExcludingAssessedTax,0.0936,0.0854,False,16.3,37.6
SHLS,"Shoals Technologies Group, Inc.",USD,2025,3,FCFマイナス; ROIC; ROIC最低値; 営業利益率,0.0742,0.0726,0.1186,0.2219,0.727,True,False,False,True,reported,RevenueFromContractWithCustomerExcludingAssessedTax,,,True,1.2,11.7
MNDO,MIND CTI LTD,USD,2025,3,売上CAGR; ROIC; ROIC最低値; 営業利益率,0.0715,0.0715,0.1072,-0.0728,0.9876,True,True,False,False,reported,Revenues,0.1119,0.1119,False,36.1,43.2
NXRT,"NexPoint Residential Trust, Inc.",USD,2025,3,売上CAGR; ROIC; ROIC最低値; 営業利益率,0.0747,0.0703,0.1112,0.0347,14.926,True,True,False,False,reported,Revenues,0.0783,0.0727,False,4.6,0.0
LEVI,LEVI STRAUSS & CO.,USD,2025,3,FCFマイナス; 売上CAGR; ROIC最低値; 営業利益率,0.1613,0.0699,0.1079,0.0218,0.7554,True,False,False,False,reported,RevenueFromContractWithCustomerExcludingAssessedTax,0.2168,0.091,False,25.6,8.5
MBC,"MasterBrand, Inc.",USD,2025,3,売上CAGR; ROIC; ROIC最低値; 営業利益率,0.0699,0.0699,0.0435,-0.0107,1.4172,True,True,False,False,reported,RevenueFromContractWithCustomerExcludingAssessedTax,0.0699,0.0699,False,0.0,83.9
KR,KROGER CO,USD,2026,3,売上CAGR; ROIC; ROIC最低値; 営業利益率,0.0685,0.0685,0.0128,0.0172,1.3444,True,True,False,False,reported,RevenueFromContractWithCustomerExcludingAssessedTax,0.0808,0.0808,False,15.3,11.9
LOCO,"EL POLLO LOCO HOLDINGS, INC.",USD,2025,3,売上CAGR; ROIC; ROIC最低値; 営業利益率,0.0971,0.0685,0.0858,0.0191,0.9886,True,True,False,False,reported,RevenueFromContractWithCustomerIncludingAssessedTax,0.0989,0.0728,False,1.8,72.7
EMN,EASTMAN CHEMICAL CO,USD,2025,3,売上CAGR; ROIC; ROIC最低値; 営業利益率,0.0684,0.0684,0.1064,-0.044,0.7866,True,True,False,False,derived,Revenues,0.0722,0.0722,False,5.3,34.1
FC,FRANKLIN COVEY CO.,USD,2025,3,売上CAGR; ROIC; ROIC最低値; 営業利益率,0.0673,0.0673,0.0214,0.0447,2.6494,True,True,False,False,reported,RevenueFromContractWithCustomerExcludingAssessedTax,0.128,0.128,False,47.4,46.7
AMCR,AMCOR PLC,USD,2025,3,売上CAGR; ROIC; ROIC最低値; 営業利益率,0.0672,0.0672,0.0672,0.0394,1.0826,True,True,False,False,reported,RevenueFromContractWithCustomerExcludingAssessedTax,0.0722,0.0722,False,7.0,95.0
MLM,MARTIN MARIETTA MATERIALS INC,USD,2025,3,売上CAGR; ROIC; ROIC最低値; FCF転換,0.0739,0.0661,0.2337,0.0324,0.6273,True,True,False,False,reported,RevenueFromContractWithCustomerExcludingAssessedTax,0.0743,0.0676,False,0.4,23.5
UVV,UNIVERSAL CORPORATION,USD,2026,3,FCFマイナス; ROIC; ROIC最低値; 営業利益率,0.0655,0.0655,0.0584,0.0838,284.8741,True,False,False,False,reported,RevenueFromContractWithCustomerExcludingAssessedTax,0.0676,0.0676,False,3.1,8.5
CVI,"CVR ENERGY, INC",USD,2025,3,FCFマイナス; 売上CAGR; ROIC最低値; 営業利益率,0.197,0.0652,0.0254,-0.0028,1.4524,True,False,False,False,reported,Revenues,,,True,70.0,0.0
AXTA,AXALTA COATING SYSTEMS LTD.,USD,2025,3,売上CAGR; ROIC; ROIC最低値; 営業利益率,0.1047,0.0648,0.1436,0.0375,1.2749,True,True,False,False,reported,RevenueFromContractWithCustomerExcludingAssessedTax,0.1188,0.074,False,11.8,32.4
FIX,"COMFORT SYSTEMS USA, INC.",USD,2025,3,売上CAGR; ROIC; ROIC最低値; 営業利益率,0.0637,0.0637,0.1142,-0.1214,1.2071,True,True,False,False,reported,Revenues,0.1025,0.1025,False,37.9,39.5
THO,"THOR INDUSTRIES, INC.",USD,2025,3,売上CAGR; ROIC; ROIC最低値; 営業利益率,0.0634,0.0634,0.0436,-0.0609,1.031,True,True,False,False,derived,RevenueFromContractWithCustomerExcludingAssessedTax,0.0714,0.0714,False,11.3,35.3
CMT,"Core Molding Technologies, Inc.",USD,2025,3,売上CAGR; ROIC; ROIC最低値; 営業利益率,0.0631,0.0631,0.0519,-0.0286,0.8859,True,True,False,False,reported,RevenueFromContractWithCustomerExcludingAssessedTax,0.0803,0.0734,False,21.4,9.8
FUL,FULLER H B CO,USD,2025,3,売上CAGR; ROIC; ROIC最低値; 営業利益率,0.0698,0.0626,0.1022,0.0146,1.0242,True,True,False,False,derived,RevenueFromContractWithCustomerIncludingAssessedTax,0.0717,0.0638,False,2.7,41.8
MUFG,"Mitsubishi UFJ Financial Group, Inc.",JPY,2026,3,FCFマイナス; ROIC; ROIC最低値; FCF転換,0.0955,0.0624,0.1993,0.3186,-0.4274,True,False,False,False,reported,Revenues,0.0955,0.0624,False,0.0,2.9
ERO,ERO COPPER CORP,USD,2025,3,FCFマイナス; ROIC; ROIC最低値; FCF転換,0.1438,0.0621,0.3443,0.1254,-0.4725,True,False,False,False,reported,RevenueFromContractsWithCustomers,0.1547,0.0685,False,7.1,0.0
ICFI,"ICF International, Inc.",USD,2025,3,売上CAGR; ROIC; ROIC最低値; 営業利益率,0.0804,0.062,0.0777,0.0479,1.4961,True,True,False,False,reported,RevenueFromContractWithCustomerExcludingAssessedTax,0.0807,0.0625,False,0.4,87.6
EFOR,"Everforth, Inc.",USD,2025,3,売上CAGR; ROIC; ROIC最低値; 営業利益率,0.0612,0.0612,0.0579,-0.0018,1.264,True,True,False,False,reported,Revenues,0.0647,0.0647,False,5.4,72.1
SNX,TD SYNNEX CORPORATION,USD,2025,3,FCFマイナス; ROIC; ROIC最低値; 営業利益率,0.1181,0.0609,0.0226,0.1858,1.3409,True,False,False,False,reported,RevenueFromContractWithCustomerExcludingAssessedTax,0.1589,0.0694,False,25.7,43.3
AUDC,AUDIOCODES LTD.,USD,2025,3,売上CAGR; ROIC; ROIC最低値; 営業利益率,0.0647,0.0606,0.0572,-0.0033,1.0051,True,True,False,False,reported,Revenues,0.088,0.0759,False,26.4,21.9
IQV,IQVIA HOLDINGS INC.,USD,2025,3,売上CAGR; ROIC; ROIC最低値; 営業利益率,0.0776,0.0606,0.1338,0.0413,1.5538,True,True,False,False,reported,RevenueFromContractWithCustomerExcludingAssessedTax,0.0858,0.0659,False,9.6,74.8
ZARE,ARES REAL ESTATE INCOME TRUST INC.,USD,2025,3,FCFマイナス; ROIC; ROIC最低値; FCF転換,0.0722,0.0603,0.6647,0.2294,,True,False,False,False,reported,Revenues,0.073,0.0606,False,1.1,0.0
HDSN,HUDSON TECHNOLOGIES INC /NY,USD,2025,3,FCFマイナス; ROIC; ROIC最低値; 営業利益率,0.0602,0.0602,0.0753,0.0635,0.8252,True,False,False,False,reported,RevenueFromContractWithCustomerIncludingAssessedTax,0.0719,0.0719,False,16.2,26.8
IRM,IRON MOUNTAIN INC,USD,2025,3,FCFマイナス; ROIC; ROIC最低値; FCF転換,0.0595,0.0595,0.1686,0.1134,-1.0091,True,False,True,False,reported,RevenueFromContractWithCustomerExcludingAssessedTax,0.0601,0.0601,False,1.0,34.2
PANL,PANGAEA LOGISTICS SOLUTIONS LTD.,USD,2025,3,売上CAGR; ROIC; ROIC最低値; 営業利益率,0.0595,0.0595,0.0648,-0.0314,1.6707,True,True,False,False,reported,RevenueFromContractWithCustomerExcludingAssessedTax,0.0735,0.0735,False,19.0,0.0
GLW,CORNING INC /NY,USD,2025,3,売上CAGR; ROIC; ROIC最低値; 営業利益率,0.1428,0.0592,0.1458,0.0264,0.9802,True,True,False,False,reported,Revenues,0.1428,0.0592,False,0.0,19.7
SWKS,"SKYWORKS SOLUTIONS, INC.",USD,2025,3,売上CAGR; ROIC; ROIC最低値; 営業利益率,0.0585,0.0585,0.1223,-0.0543,1.3436,True,True,False,False,reported,RevenueFromContractWithCustomerExcludingAssessedTax,0.0734,0.0734,False,20.3,32.2
SXI,STANDEX INTERNATIONAL CORP/DE/,USD,2025,3,売上CAGR; ROIC; ROIC最低値; 営業利益率,0.0585,0.0585,0.1184,0.0475,0.8089,True,True,False,False,reported,RevenueFromContractWithCustomerIncludingAssessedTax,0.0637,0.0637,False,8.3,48.3
HUBG,"HUB GROUP, INC.",USD,2024,3,売上CAGR; ROIC; ROIC最低値; 営業利益率,0.058,0.058,0.0355,0.0308,0.9665,True,True,False,False,reported,RevenueFromContractWithCustomerExcludingAssessedTax,0.0612,0.0612,False,5.1,42.6
BCC,Boise Cascade Company,USD,2025,3,売上CAGR; ROIC; ROIC最低値; 営業利益率,0.0575,0.0575,0.0286,-0.0519,0.851,True,True,False,False,reported,RevenueFromContractWithCustomerExcludingAssessedTax,0.0709,0.0709,False,18.9,7.4
GTBIF,GREEN THUMB INDUSTRIES INC.,USD,2025,3,FCFマイナス; ROIC; ROIC最低値; 営業利益率,0.0571,0.0571,0.1172,0.0709,0.8267,True,False,False,False,reported,RevenueFromContractWithCustomerExcludingAssessedTax,0.0571,0.0571,False,0.0,31.1
SNN,Smith & Nephew plc,USD,2025,3,売上CAGR; ROIC; ROIC最低値; 営業利益率,0.1168,0.0566,0.1288,0.0428,2.064,True,True,False,False,reported,RevenueFromContractsWithCustomers,0.1303,0.0597,False,10.4,57.9
TRI,THOMSON REUTERS CORPORATION,USD,2025,3,売上CAGR; ROIC; ROIC最低値; FCF転換,0.12,0.0557,0.2852,0.0417,0.6156,True,True,False,False,reported,Revenue,0.1245,0.0583,False,3.6,56.4
VLGEA,"VILLAGE SUPER MARKET, INC.",USD,2025,3,売上CAGR; ROIC; ROIC最低値; 営業利益率,0.1035,0.0555,0.0311,0.034,0.8561,True,True,False,False,reported,RevenueFromContractWithCustomerExcludingAssessedTax,0.1296,0.0771,False,20.1,4.4
MEOH,METHANEX CORPORATION,USD,2025,3,売上CAGR; ROIC; ROIC最低値; 営業利益率,0.0661,0.0554,0.1201,-0.0504,2.2192,True,True,False,False,reported,Revenue,0.072,0.0631,False,8.3,0.0
ARCB,ARCBEST CORPORATION,USD,2025,3,売上CAGR; ROIC; ROIC最低値; 営業利益率,0.0551,0.0551,0.0225,0.0158,0.922,True,True,False,False,reported,RevenueFromContractWithCustomerExcludingAssessedTax,0.0609,0.0609,False,9.6,23.5
GGB,GERDAU S.A.,BRL,2025,3,売上CAGR; ROIC; ROIC最低値; 営業利益率,0.0551,0.0551,0.0535,-0.0283,0.7229,True,True,False,False,reported,Revenue,0.062,0.062,False,11.1,22.4
OVV,Ovintiv Inc.,USD,2025,3,売上CAGR; ROIC; ROIC最低値; 営業利益率,0.0545,0.0545,0.1306,-0.0462,0.8407,True,True,False,False,reported,RevenueFromContractWithCustomerExcludingAssessedTax,0.0554,0.0554,False,1.7,15.7
NOMD,Nomad Foods Limited,EUR,2025,3,売上CAGR; ROIC; ROIC最低値; 営業利益率,0.0541,0.0541,0.1073,0.0386,1.4256,True,True,False,False,reported,Revenue,0.0541,0.0541,False,0.0,44.3
MYE,"Myers Industries, Inc.",USD,2025,3,売上CAGR; ROIC; ROIC最低値; 営業利益率,0.092,0.0539,0.0903,0.0205,1.411,True,True,False,False,reported,RevenueFromContractWithCustomerExcludingAssessedTax,0.0982,0.0567,False,6.3,37.7
ABM,ABM INDUSTRIES INCORPORATED,USD,2025,3,FCFマイナス; ROIC; ROIC最低値; 営業利益率,0.0735,0.0538,0.0356,0.0886,0.8954,True,False,False,False,reported,RevenueFromContractWithCustomerExcludingAssessedTax,0.0758,0.0549,False,3.1,77.3
AVA,AVISTA CORP,USD,2025,3,FCFマイナス; ROIC; ROIC最低値; FCF転換,0.0903,0.0536,0.1802,0.0809,-0.7711,True,False,False,False,reported,Revenues,0.0909,0.0539,False,0.6,1.7
JJSF,J&J SNACK FOODS CORP.,USD,2025,3,FCFマイナス; ROIC; ROIC最低値; 営業利益率,0.0689,0.0532,0.0533,0.0845,0.7068,True,False,False,False,reported,RevenueFromContractWithCustomerIncludingAssessedTax,0.0774,0.0555,False,11.0,19.1
VLO,VALERO ENERGY CORP/TX,USD,2025,3,売上CAGR; ROIC; ROIC最低値; 営業利益率,0.0763,0.0532,0.0259,0.0186,1.521,True,True,False,False,reported,RevenueFromContractWithCustomerIncludingAssessedTax,0.089,0.0611,False,14.2,0.8
SGRY,"Surgery Partners, Inc.",USD,2025,3,ROIC; ROIC最低値; 営業利益率; FCF転換,0.0565,0.053,0.1177,0.1043,,True,True,False,False,reported,RevenueFromContractWithCustomerIncludingAssessedTax,0.0591,0.056,False,4.4,95.3
HRL,HORMEL FOODS CORPORATION,USD,2025,3,売上CAGR; ROIC; ROIC最低値; 営業利益率,0.0528,0.0528,0.0594,0.0154,0.9905,True,True,False,False,reported,RevenueFromContractWithCustomerIncludingAssessedTax,0.0565,0.0565,False,6.5,45.8
E,Eni SpA,EUR,2025,3,売上CAGR; ROIC; ROIC最低値; 営業利益率,0.0542,0.0527,0.061,0.0177,1.1367,True,True,False,False,reported,RevenueFromContractsWithCustomers,0.061,0.0588,False,11.1,4.3
FMS,FRESENIUS MEDICAL CARE AG,EUR,2025,3,売上CAGR; ROIC; ROIC最低値; 営業利益率,0.076,0.0526,0.0931,0.0274,3.3769,True,True,False,False,reported,Revenue,0.0829,0.056,False,8.4,71.4
ICL,ICL GROUP LTD.,USD,2025,3,売上CAGR; ROIC; ROIC最低値; 営業利益率,0.0524,0.0524,0.0811,0.007,1.7598,True,True,False,False,reported,Revenue,0.0542,0.0542,False,3.3,0.0
HRNNF,Hydro One Limited,CAD,2025,3,FCFマイナス; ROIC; ROIC最低値; FCF転換,0.0558,0.052,0.2475,0.0577,0.0215,True,False,False,False,reported,RevenueFromContractWithCustomerExcludingAssessedTax,0.0568,0.0531,False,1.7,1.2
HHH,HOWARD HUGHES HOLDINGS INC.,USD,2025,3,FCFマイナス; 売上CAGR; ROIC; ROIC最低値,0.0682,0.0515,0.2248,0.0081,149.9997,True,False,False,False,reported,Revenues,0.1103,0.0666,False,38.2,0.0
FLS,FLOWSERVE CORP,USD,2025,3,FCFマイナス; ROIC; ROIC最低値; 営業利益率,0.0839,0.0503,0.0846,0.075,0.9878,True,False,False,False,reported,RevenueFromContractWithCustomerExcludingAssessedTax,0.1051,0.0585,False,20.2,37.0
ASIX,AdvanSix Inc.,USD,2025,3,売上CAGR; ROIC; ROIC最低値; 営業利益率,0.0499,0.0499,0.0338,-0.025,0.7928,True,True,False,False,derived,RevenueFromContractWithCustomerIncludingAssessedTax,0.0511,0.0511,False,2.4,6.9
DLX,DELUXE CORP,USD,2025,3,売上CAGR; ROIC; ROIC最低値; 営業利益率,0.087,0.0497,0.1089,0.0134,3.687,True,True,False,False,reported,Revenues,0.0886,0.0507,False,1.7,67.4
ELAN,Elanco Animal Health Incorporated,USD,2025,3,売上CAGR; ROIC; ROIC最低値; FCF転換,0.0609,0.0491,0.1686,-0.0026,,True,True,False,False,derived,RevenueFromContractWithCustomerExcludingAssessedTax,0.0643,0.0515,False,5.3,46.4
SID,NATIONAL STEEL CO,BRL,2024,3,FCFマイナス; ROIC; ROIC最低値; 営業利益率,0.0488,0.0488,0.0977,0.0979,1.6706,True,False,False,False,reported,Revenue,0.075,0.075,False,35.0,0.0
NWN,NORTHWEST NATURAL HOLDING COMPANY,USD,2025,3,FCFマイナス; ROIC; ROIC最低値; FCF転換,0.0568,0.0488,0.2179,0.1064,-1.6934,True,False,False,False,reported,Revenues,0.0573,0.0494,False,0.9,9.5
CPK,CHESAPEAKE UTILITIES CORP,USD,2025,3,FCFマイナス; ROIC; ROIC最低値; FCF転換,0.0661,0.0486,0.2752,0.1302,-0.6194,True,False,False,False,reported,RevenueFromContractWithCustomerExcludingAssessedTax,0.0661,0.0487,False,0.1,16.6
RGCO,"RGC Resources, Inc.",USD,2025,3,FCFマイナス; ROIC; ROIC最低値; FCF転換,0.0556,0.0486,0.1965,0.0618,-1.1055,True,False,False,False,reported,RevenueFromContractWithCustomerExcludingAssessedTax,0.0556,0.0486,False,0.0,0.0
ALNT,ALLIENT INC,USD,2025,3,FCFマイナス; ROIC; ROIC最低値; 営業利益率,0.0721,0.0485,0.0793,0.0827,1.1576,True,False,False,False,reported,RevenueFromContractWithCustomerExcludingAssessedTax,0.0788,0.0524,False,8.4,27.9
MCFT,"MASTERCRAFT BOAT HOLDINGS, INC.",USD,2025,3,売上CAGR; ROIC; ROIC最低値; 営業利益率,0.0484,0.0484,0.0395,-0.1163,1.2229,True,True,False,False,reported,RevenueFromContractWithCustomerExcludingAssessedTax,0.0854,0.0854,False,43.3,15.5
PRTH,"Priority Technology Holdings, Inc.",USD,2025,3,FCFマイナス; ROIC; ROIC最低値; 営業利益率,0.1188,0.0479,0.1482,0.1664,3.2244,True,False,True,False,reported,RevenueFromContractWithCustomerExcludingAssessedTax,0.1295,0.0497,False,8.2,44.4
BBCP,"CONCRETE PUMPING HOLDINGS, INC.",USD,2025,3,FCFマイナス; ROIC; ROIC最低値; 営業利益率,0.0481,0.0476,0.1057,0.0561,1.3357,True,False,False,False,reported,Revenues,0.0514,0.0483,False,6.5,32.8
RHI,Robert Half Inc.,USD,2025,3,売上CAGR; ROIC; ROIC最低値; 営業利益率,0.0473,0.0473,0.0142,-0.0448,1.17,True,True,False,False,reported,RevenueFromContractWithCustomerExcludingAssessedTax,0.0744,0.0744,False,36.4,19.7
ENLT,Enlight Renewable Energy Ltd.,USD,2025,3,FCFマイナス; ROIC; ROIC最低値; FCF転換,0.102,0.0457,0.6799,0.4777,-13.1347,True,False,False,False,reported,Revenue,0.1284,0.0827,False,20.5,0.0
ES,EVERSOURCE ENERGY,USD,2025,3,FCFマイナス; ROIC; ROIC最低値; FCF転換,0.0531,0.0456,0.2206,0.0826,-1.5471,True,False,False,False,reported,Revenues,0.0533,0.0456,False,0.3,9.5
RVLV,"REVOLVE GROUP, INC.",USD,2025,3,ROIC; ROIC最低値; 営業利益率; FCF転換,0.1145,0.0454,0.0606,0.0829,0.6262,True,True,False,False,reported,RevenueFromContractWithCustomerExcludingAssessedTax,0.2663,0.1252,False,57.0,0.4
J,JACOBS SOLUTIONS INC.,USD,2025,3,売上CAGR; ROIC; ROIC最低値; 営業利益率,0.1161,0.045,0.0718,-0.0388,1.1654,True,True,False,False,reported,RevenueFromContractWithCustomerIncludingAssessedTax,0.147,0.0512,False,21.0,81.3
BWA,BORGWARNER INC,USD,2025,3,売上CAGR; ROIC; ROIC最低値; 営業利益率,0.0453,0.0448,0.0374,0.0494,1.3631,True,True,False,False,reported,RevenueFromContractWithCustomerExcludingAssessedTax,0.0453,0.0448,False,0.0,22.0
GOGO,GOGO INC.,USD,2025,3,ROIC; ROIC最低値; 営業利益率; FCF転換,0.0962,0.0448,0.1253,0.2833,0.6656,True,True,True,False,reported,RevenueFromContractWithCustomerExcludingAssessedTax,0.111,0.047,False,13.4,20.6
LH,LABCORP HOLDINGS INC.,USD,2025,3,売上CAGR; ROIC; ROIC最低値; 営業利益率,0.077,0.0443,0.0992,0.0152,1.2973,True,True,False,False,reported,Revenues,0.08,0.0463,False,3.7,47.8
SBLK,STAR BULK CARRIERS CORP.,USD,2025,3,売上CAGR; ROIC; ROIC最低値; 営業利益率,0.0441,0.0441,0.1313,-0.0756,1.2865,True,True,False,False,reported,Revenues,0.0551,0.0551,False,19.9,0.0
FTS,FORTIS INC.,CAD,2025,3,FCFマイナス; ROIC; ROIC最低値; FCF転換,0.0478,0.0437,0.2934,0.0649,-0.5044,True,False,False,False,reported,RevenueFromContractWithCustomerExcludingAssessedTax,0.0481,0.0438,False,0.6,21.7
CARS,Cars.com Inc.,USD,2025,3,売上CAGR; ROIC; ROIC最低値; 営業利益率,0.0515,0.0437,0.0833,0.0377,3.2396,True,True,False,False,reported,RevenueFromContractWithCustomerExcludingAssessedTax,0.0548,0.0461,False,6.1,18.1
SNDR,"Schneider National, Inc.",USD,2025,3,売上CAGR; ROIC; ROIC最低値; 営業利益率,0.0441,0.0437,0.0298,0.0029,0.8057,True,True,False,False,reported,Revenues,0.048,0.0463,False,8.0,11.2
UTI,"UNIVERSAL TECHNICAL INSTITUTE, INC",USD,2025,3,FCFマイナス; ROIC最低値; 営業利益率; FCF転換,0.1588,0.0436,0.0999,0.2566,0.4429,True,False,False,False,reported,RevenueFromContractWithCustomerExcludingAssessedTax,0.268,0.0715,False,40.7,6.9
ARTNA,ARTESIAN RESOURCES CORPORATION,USD,2025,3,FCFマイナス; ROIC; ROIC最低値; FCF転換,0.0515,0.0432,0.246,0.0559,-0.9676,True,False,False,False,reported,RevenueFromContractWithCustomerExcludingAssessedTax,0.0515,0.0434,False,0.0,0.5
FORM,"FormFactor, Inc.",USD,2025,3,売上CAGR; ROIC; ROIC最低値; 営業利益率,0.043,0.043,0.0727,0.0049,0.7003,True,True,False,False,reported,RevenueFromContractWithCustomerExcludingAssessedTax,0.0584,0.0584,False,26.3,20.6
POR,PORTLAND GENERAL ELECTRIC COMPANY,USD,2025,3,FCFマイナス; ROIC; ROIC最低値; FCF転換,0.0499,0.0428,0.1552,0.1053,-1.2802,True,False,False,False,reported,Revenues,0.0499,0.0428,False,0.0,0.0
TU,TELUS CORP,CAD,2025,3,売上CAGR; ROIC; ROIC最低値; 営業利益率,0.0423,0.0423,0.1152,0.0441,1.4385,True,True,False,False,reported,Revenue,0.045,0.045,False,5.9,23.7
THRM,Gentherm Inc,USD,2025,3,FCFマイナス; ROIC; ROIC最低値; 営業利益率,0.0718,0.0421,0.0552,0.094,1.0725,True,False,False,False,reported,RevenueFromContractWithCustomerExcludingAssessedTax,0.0873,0.0506,False,17.7,12.0
ENTG,"Entegris, Inc.",USD,2025,3,FCFマイナス; ROIC; ROIC最低値; 営業利益率,0.0471,0.0421,0.1426,0.0859,0.7435,True,False,False,False,reported,RevenueFromContractWithCustomerExcludingAssessedTax,0.0494,0.0449,False,4.7,51.6
NTR,NUTRIEN LTD.,USD,2025,3,売上CAGR; ROIC; ROIC最低値; 営業利益率,0.083,0.0421,0.139,-0.0075,0.9494,True,True,False,False,reported,RevenueFromContractsWithCustomers,0.0847,0.0432,False,2.0,34.1
GPK,Graphic Packaging Holding Co,USD,2025,3,売上CAGR; ROIC; ROIC最低値; 営業利益率,0.0715,0.0419,0.0937,0.0474,1.7734,True,True,False,False,reported,RevenueFromContractWithCustomerExcludingAssessedTax,0.0737,0.0429,False,2.9,23.2
GRC,The Gorman-Rupp Company,USD,2025,3,FCFマイナス; ROIC; ROIC最低値; 営業利益率,0.1043,0.0413,0.1397,0.1589,1.4967,True,False,False,False,reported,RevenueFromContractWithCustomerIncludingAssessedTax,0.1096,0.0417,False,4.9,35.7
PNW,PINNACLE WEST CAPITAL CORP,USD,2025,3,FCFマイナス; ROIC; ROIC最低値; FCF転換,0.0496,0.0409,0.1999,0.0885,-1.0906,True,False,False,False,reported,RevenueFromContractWithCustomerExcludingAssessedTax,0.0496,0.0409,False,0.0,0.0
WPP,WPP plc,GBP,2025,3,売上CAGR; ROIC; ROIC最低値; 営業利益率,0.0404,0.0404,0.0282,0.0143,2.9418,True,True,False,False,reported,Revenue,0.0631,0.0631,False,36.0,92.9
AEE,AMEREN CORP,USD,2025,3,FCFマイナス; ROIC; ROIC最低値; FCF転換,0.0491,0.0403,0.2303,0.0831,-1.0665,True,False,False,False,reported,Revenues,0.0491,0.0403,False,0.0,1.3
BDX,BECTON DICKINSON & CO,USD,2025,3,売上CAGR; ROIC; ROIC最低値; 営業利益率,0.0457,0.04,0.1181,0.0337,1.4117,True,True,False,False,reported,Revenues,0.0463,0.0414,False,1.3,58.3
PPL,PPL Corp,USD,2025,3,FCFマイナス; ROIC; ROIC最低値; FCF転換,0.0498,0.04,0.2322,0.1195,-1.2595,True,False,False,False,reported,RevenueFromContractWithCustomerExcludingAssessedTax,0.0514,0.0405,False,3.2,6.7
IDA,IDACORP INC,USD,2025,3,FCFマイナス; ROIC; ROIC最低値; FCF転換,0.0398,0.0398,0.2026,0.0602,-0.9827,True,False,False,False,reported,RevenueFromContractWithCustomerExcludingAssessedTax,0.0411,0.0411,False,3.1,0.0
HIMX,"Himax Technologies, Inc.",USD,2025,3,売上CAGR; ROIC; ROIC最低値; 営業利益率,0.039,0.039,0.053,-0.1436,0.948,True,True,False,False,reported,Revenue,0.0548,0.0513,False,28.8,3.1
DUK,DUKE ENERGY CORPORATION,USD,2025,3,FCFマイナス; ROIC; ROIC最低値; FCF転換,0.049,0.0384,0.2718,0.067,-0.598,True,False,False,False,reported,RevenueFromContractWithCustomerIncludingAssessedTax,0.0491,0.0385,False,0.2,13.7
PYYX,"Pyxus International, Inc.",USD,2026,3,FCFマイナス; ROIC最低値; 営業利益率; FCF転換,0.2039,0.0382,0.0674,0.1014,,True,False,False,False,reported,RevenueFromContractWithCustomerIncludingAssessedTax,0.2592,0.0496,False,21.3,0.0
TSLA,"Tesla, Inc.",USD,2025,3,ROIC; ROIC最低値; 営業利益率; FCF転換,0.0381,0.0381,0.0459,0.1521,0.6083,True,True,False,False,reported,RevenueFromContractWithCustomerExcludingAssessedTax,0.0744,0.0744,False,48.8,0.3
BABA,Alibaba Group Holding Limited,CNY,2026,3,売上CAGR; ROIC; ROIC最低値; 営業利益率,0.0373,0.0373,0.049,0.0466,1.7044,True,True,False,False,reported,Revenues,0.0512,0.0512,False,27.0,23.3
CRMZ,"CREDITRISKMONITOR.COM, INC.",USD,2025,3,売上CAGR; ROIC; ROIC最低値; 営業利益率,0.0372,0.0372,0.0289,0.0421,0.8171,True,True,False,False,reported,Revenues,,,True,136.5,15.8
WY,WEYERHAEUSER COMPANY,USD,2025,3,売上CAGR; ROIC; ROIC最低値; 営業利益率,0.0385,0.0366,0.1059,-0.093,1.4433,True,True,False,False,reported,Revenues,0.0397,0.0383,False,3.1,0.0
DBI,DESIGNER BRANDS INC.,USD,2026,3,売上CAGR; ROIC; ROIC最低値; 営業利益率,0.0528,0.036,0.0165,-0.0247,1.5333,True,True,False,False,reported,Revenues,0.0568,0.0382,False,7.1,18.3
PFGC,Performance Food Group Company,USD,2025,3,FCFマイナス; ROIC; ROIC最低値; 営業利益率,0.0654,0.0359,0.0129,0.2013,1.4856,True,False,False,False,reported,RevenueFromContractWithCustomerIncludingAssessedTax,0.0654,0.0359,False,0.0,35.3
QUAD,"Quad/Graphics, Inc.",USD,2025,3,売上CAGR; ROIC最低値; 営業利益率; FCF転換,0.1537,0.0355,0.0401,-0.0492,,True,True,True,False,reported,RevenueFromContractWithCustomerExcludingAssessedTax,0.1761,0.0381,False,12.7,21.6
RLGT,"RADIANT LOGISTICS, INC.",USD,2025,3,売上CAGR; ROIC; ROIC最低値; 営業利益率,0.0736,0.0351,0.0233,0.0008,1.1244,True,True,False,False,reported,RevenueFromContractWithCustomerExcludingAssessedTax,0.0819,0.0398,False,10.2,52.0
HOG,"Harley-Davidson, Inc.",USD,2025,3,売上CAGR; ROIC; ROIC最低値; 営業利益率,0.0544,0.0347,0.1073,-0.0561,1.0658,True,True,False,False,reported,RevenueFromContractWithCustomerExcludingAssessedTax,0.1213,0.0417,False,55.1,1.1
GEF,"GREIF, INC.",USD,2025,3,売上CAGR; ROIC; ROIC最低値; 営業利益率,0.0346,0.0346,0.0426,-0.0827,0.9473,True,True,False,False,reported,RevenueFromContractWithCustomerIncludingAssessedTax,0.0371,0.0371,False,6.7,44.3
HMC,"HONDA MOTOR CO., LTD.",JPY,2025,3,FCFマイナス; ROIC; ROIC最低値; 営業利益率,0.0454,0.0345,0.0559,0.1328,1.0102,True,False,False,False,reported,Revenue,0.0578,0.0423,False,21.5,0.0
SKM,"SK Telecom Co., Ltd.",KRW,2024,3,売上CAGR; ROIC; ROIC最低値; 営業利益率,0.1132,0.0343,0.0942,0.0276,1.563,True,True,False,False,reported,Revenue,0.1367,0.0364,False,17.2,17.6
STRA,"Strategic Education, Inc.",USD,2025,3,売上CAGR; ROIC; ROIC最低値; 営業利益率,0.0836,0.0341,0.1374,0.0289,1.4041,True,True,False,False,reported,RevenueFromContractWithCustomerExcludingAssessedTax,0.0919,0.0396,False,9.0,75.5
M,"Macy's, Inc.",USD,2026,3,売上CAGR; ROIC; ROIC最低値; 営業利益率,0.1116,0.0338,0.0473,-0.0288,1.4544,True,True,False,False,reported,RevenueFromContractWithCustomerExcludingAssessedTax,0.1346,0.0396,False,17.1,11.4
MUR,MURPHY OIL CORPORATION,USD,2025,3,売上CAGR; ROIC; ROIC最低値; 営業利益率,0.0372,0.0336,0.112,-0.0101,4.0342,True,True,False,False,reported,RevenueFromContractWithCustomerExcludingAssessedTax,0.0396,0.0365,False,5.9,0.0
ZD,"ZIFF DAVIS, INC.",USD,2025,3,売上CAGR; ROIC; ROIC最低値; 営業利益率,0.0585,0.0336,0.1262,0.006,1.9875,True,True,False,False,reported,RevenueFromContractWithCustomerExcludingAssessedTax+Revenues,0.0762,0.0414,False,23.2,54.5
ROAD,"Construction Partners, Inc.",USD,2025,3,FCFマイナス; ROIC; ROIC最低値; 営業利益率,0.0704,0.0336,0.0799,0.3256,1.0475,True,False,False,False,reported,RevenueFromContractWithCustomerExcludingAssessedTax,0.075,0.0351,False,6.2,37.4
OC,Owens Corning,USD,2025,3,売上CAGR; ROIC; ROIC最低値; 営業利益率,0.0332,0.0332,0.0356,0.0442,1.6309,True,True,False,False,reported,RevenueFromContractWithCustomerExcludingAssessedTax,0.0346,0.0346,False,4.0,19.6
DD,"DUPONT DE NEMOURS, INC.",USD,2025,3,売上CAGR; ROIC; ROIC最低値; FCF転換,0.065,0.0326,0.1681,-0.1408,0.2137,True,True,False,False,derived,RevenueFromContractWithCustomerExcludingAssessedTax,0.0686,0.0351,False,5.1,56.6
ESI,Element Solutions Inc,USD,2025,3,売上CAGR; ROIC; ROIC最低値; 営業利益率,0.0627,0.0321,0.1341,0.0154,1.4067,True,True,False,False,reported,RevenueFromContractWithCustomerExcludingAssessedTax,0.0734,0.0344,False,14.5,52.0
APOG,"APOGEE ENTERPRISES, INC.",USD,2026,3,売上CAGR; ROIC; ROIC最低値; 営業利益率,0.0897,0.0318,0.0601,0.0168,1.3911,True,True,False,False,reported,RevenueFromContractWithCustomerExcludingAssessedTax,0.0956,0.0341,False,6.1,31.8
EXC,EXELON CORPORATION,USD,2025,3,FCFマイナス; ROIC; ROIC最低値; FCF転換,0.0522,0.0315,0.2122,0.0784,-1.1902,True,False,False,False,reported,Revenues,0.0526,0.0318,False,0.8,8.5
ADM,ARCHER-DANIELS-MIDLAND CO,USD,2025,3,売上CAGR; ROIC; ROIC最低値; 営業利益率,0.0307,0.0307,0.0147,-0.0149,1.1918,True,True,False,False,derived,Revenues,0.0317,0.0317,False,3.3,15.7
VPG,"Vishay Precision Group, Inc.",USD,2025,3,売上CAGR; ROIC; ROIC最低値; 営業利益率,0.0306,0.0306,0.0451,-0.0085,0.7815,True,True,False,False,reported,RevenueFromContractWithCustomerExcludingAssessedTax,0.0406,0.0406,False,24.5,13.3
CIEN,Ciena Corp,USD,2025,3,FCFマイナス; ROIC; ROIC最低値; 営業利益率,0.0366,0.0302,0.0414,0.0713,1.1736,True,False,False,False,reported,Revenues,0.0528,0.0423,False,30.7,12.2
LYTS,LSI INDUSTRIES INC,USD,2025,3,FCFマイナス; ROIC; ROIC最低値; 営業利益率,0.1012,0.0301,0.0624,0.161,1.4458,True,False,False,False,reported,RevenueFromContractWithCustomerIncludingAssessedTax,0.1024,0.0304,False,1.2,23.1
NOK,Nokia Corporation,EUR,2025,3,売上CAGR; ROIC; ROIC最低値; 営業利益率,0.03,0.03,0.0445,-0.0271,1.1788,True,True,False,False,reported,RevenueFromContractsWithCustomers,0.0414,0.0414,False,27.6,0.0
III,Information Services Group Inc.,USD,2025,3,売上CAGR; ROIC; ROIC最低値; 営業利益率,0.0914,0.0293,0.0727,-0.0312,1.8326,True,True,False,False,reported,RevenueFromContractWithCustomerExcludingAssessedTax,0.1123,0.0344,False,18.6,58.1
MT,ArcelorMittal,USD,2025,3,売上CAGR; ROIC; ROIC最低値; 営業利益率,0.0433,0.0292,0.0591,-0.0539,1.2611,True,True,False,False,reported,RevenueFromContractsWithCustomers,0.0471,0.0332,False,8.1,0.0
ENPH,"Enphase Energy, Inc.",USD,2025,3,売上CAGR; ROIC; ROIC最低値; 営業利益率,0.0543,0.0286,0.1069,0.0161,1.7194,True,True,False,False,reported,RevenueFromContractWithCustomerExcludingAssessedTax,0.1598,0.1191,False,66.0,9.4
MTRN,MATERION CORPORATION,USD,2025,3,売上CAGR; ROIC; ROIC最低値; 営業利益率,0.0619,0.0285,0.0615,0.0428,1.6175,True,True,False,False,reported,RevenueFromContractWithCustomerExcludingAssessedTax,0.0625,0.0288,False,1.0,20.0
IMOS,ChipMOS TECHNOLOGIES INC.,TWD,2024,3,売上CAGR; ROIC; ROIC最低値; 営業利益率,0.0284,0.0284,0.0561,-0.0034,0.828,True,True,False,False,reported,Revenue,0.0498,0.0498,False,42.9,0.0
MPT,"MEDICAL PROPERTIES TRUST, INC.",USD,2025,3,売上CAGR; ROIC; ROIC最低値; FCF転換,0.0415,0.0275,0.7729,-0.1093,,True,True,False,False,derived,Revenues,0.0431,0.0279,False,3.8,0.0
IMMR,Immersion Corporation,USD,2025,3,FCFマイナス; ROIC最低値; 営業利益率; FCF転換,0.3127,0.0274,0.0759,1.6735,0.0612,True,False,False,False,reported,RevenueFromContractWithCustomerExcludingAssessedTax,0.6819,0.3933,False,54.1,0.0
EMA,EMERA INCORPORATED,CAD,2025,3,FCFマイナス; ROIC; ROIC最低値; FCF転換,0.0472,0.0269,0.225,0.1108,-1.3546,True,False,False,False,reported,RevenueFromContractWithCustomerExcludingAssessedTax,0.0472,0.0269,False,0.0,16.9
TXNM,"TXNM Energy, Inc.",USD,2025,3,FCFマイナス; ROIC; ROIC最低値; FCF転換,0.0395,0.0266,0.2065,0.052,-2.7962,True,False,False,False,reported,RevenueFromContractWithCustomerExcludingAssessedTax,0.0396,0.0266,False,0.2,3.2
ECVT,Ecovyst Inc.,USD,2025,3,売上CAGR; ROIC; ROIC最低値; 営業利益率,0.0515,0.0266,0.0897,0.0431,6.7747,True,True,False,False,reported,RevenueFromContractWithCustomerExcludingAssessedTax,0.0642,0.0291,False,19.8,32.8
ATHM,Autohome Inc.,CNY,2025,3,売上CAGR; ROIC; ROIC最低値; 営業利益率,0.0264,0.0264,0.1192,-0.0283,1.1056,True,True,False,False,reported,RevenueFromContractWithCustomerExcludingAssessedTax,0.1598,0.1598,False,83.5,17.1
BLMN,"BLOOMIN’ BRANDS, INC.",USD,2025,3,売上CAGR; ROIC; ROIC最低値; 営業利益率,0.0262,0.0262,0.0094,-0.0102,1.8696,True,True,False,False,reported,RevenueFromContractWithCustomerExcludingAssessedTax,0.0277,0.0277,False,5.3,16.5
EIX,EDISON INTERNATIONAL,USD,2025,3,FCFマイナス; ROIC; ROIC最低値; FCF転換,0.1008,0.0259,0.3672,0.067,-1.2242,True,False,False,False,reported,Revenues,0.1011,0.0264,False,0.3,0.0
ALTG,ALTA EQUIPMENT GROUP INC.,USD,2025,3,ROIC; ROIC最低値; 営業利益率; FCF転換,0.0377,0.0259,0.0126,0.1092,,True,True,True,False,reported,RevenueFromContractWithCustomerExcludingAssessedTax,0.0392,0.0265,False,3.8,16.0
ORA,"ORMAT TECHNOLOGIES, INC.",USD,2025,3,FCFマイナス; ROIC; ROIC最低値; FCF転換,0.0257,0.0257,0.171,0.1053,-2.042,True,False,False,False,reported,RevenueFromContractWithCustomerIncludingAssessedTax,0.0264,0.0264,False,2.8,3.2
WGO,"WINNEBAGO INDUSTRIES, INC.",USD,2025,3,売上CAGR; ROIC; ROIC最低値; 営業利益率,0.0256,0.0256,0.0204,-0.063,0.9758,True,True,False,False,reported,RevenueFromContractWithCustomerExcludingAssessedTax,0.0284,0.0284,False,9.9,27.4
PSO,PEARSON PLC,GBP,2025,3,売上CAGR; ROIC; ROIC最低値; 営業利益率,0.0781,0.0255,0.1417,0.0107,1.5932,True,True,False,False,reported,Revenue,0.0835,0.0305,False,6.5,47.3
VECO,VEECO INSTRUMENTS INC.,USD,2025,3,売上CAGR; ROIC; ROIC最低値; 営業利益率,0.0254,0.0254,0.0538,0.0331,0.897,True,True,False,False,reported,RevenueFromContractWithCustomerIncludingAssessedTax,0.0391,0.0391,False,35.1,19.3
ODC,OIL-DRI CORPORATION OF AMERICA,USD,2025,3,FCFマイナス; ROIC最低値; 営業利益率; FCF転換,0.208,0.0253,0.1405,0.1233,0.5948,True,False,False,False,reported,RevenueFromContractWithCustomerExcludingAssessedTax,0.2584,0.0284,False,19.5,6.2
GBX,"THE GREENBRIER COMPANIES, INC.",USD,2025,3,FCFマイナス; ROIC最低値; 営業利益率; FCF転換,0.1856,0.0248,0.1111,0.1668,-2.1441,True,False,False,False,reported,RevenueFromContractWithCustomerExcludingAssessedTax,0.232,0.049,False,20.0,8.5
DMC,FRESH DEL MONTE PRODUCE INC,USD,2025,3,売上CAGR; ROIC; ROIC最低値; 営業利益率,0.0538,0.0244,0.0318,0.0041,1.1579,True,True,False,False,reported,Revenues,0.0548,0.0248,False,1.8,19.3
GTLS,"CHART INDUSTRIES, INC.",USD,2025,3,FCFマイナス; ROIC; ROIC最低値; 営業利益率,0.0417,0.0241,0.0841,0.3412,1.4097,True,False,False,False,reported,RevenueFromContractWithCustomerExcludingAssessedTax,0.044,0.0278,False,5.4,45.1
MRTN,"MARTEN TRANSPORT, LTD.",USD,2025,3,売上CAGR; ROIC; ROIC最低値; 営業利益率,0.0236,0.0236,0.0259,-0.024,2.5228,True,True,False,False,reported,RevenueFromContractWithCustomerIncludingAssessedTax,0.025,0.025,False,5.6,0.0
PNTG,"THE PENNANT GROUP, INC.",USD,2025,3,FCFマイナス; ROIC; ROIC最低値; 営業利益率,0.0755,0.0224,0.0547,0.2117,0.8269,True,False,False,False,reported,RevenueFromContractWithCustomerExcludingAssessedTax,0.0755,0.0224,False,0.0,43.7
KT,KT Corporation,KRW,2024,3,売上CAGR; ROIC; ROIC最低値; 営業利益率,0.0222,0.0222,0.0243,0.0229,5.128,True,True,False,False,reported,Revenue,0.0265,0.0265,False,16.3,1.2
EVI,"EVI INDUSTRIES, INC.",USD,2025,3,FCFマイナス; ROIC; ROIC最低値; 営業利益率,0.0554,0.0216,0.0353,0.1266,1.3132,True,False,False,False,reported,Revenues,0.058,0.0228,False,4.5,46.7
MLKN,"MillerKnoll, Inc.",USD,2025,3,FCFマイナス; ROIC; ROIC最低値; 営業利益率,0.0309,0.0216,0.0138,0.1046,2.643,True,False,False,False,reported,RevenueFromContractWithCustomerExcludingAssessedTax,0.0309,0.0216,False,0.0,89.2
BEN,"FRANKLIN RESOURCES, INC.",USD,2025,3,売上CAGR; ROIC; ROIC最低値; 営業利益率,0.0331,0.0211,0.0689,0.0101,1.1367,True,True,False,False,reported,RevenueFromContractWithCustomerExcludingAssessedTax,0.0331,0.0211,False,0.0,43.0
RVTY,"REVVITY, INC",USD,2025,3,売上CAGR; ROIC; ROIC最低値; 営業利益率,0.0269,0.0202,0.1249,0.0176,1.1177,True,True,False,False,reported,RevenueFromContractWithCustomerExcludingAssessedTax,0.0295,0.0233,False,8.8,63.2
RES,"RPC, INC.",USD,2025,3,FCFマイナス; ROIC; ROIC最低値; 営業利益率,0.0321,0.0201,0.0275,0.171,0.8047,True,False,False,False,reported,RevenueFromContractWithCustomerIncludingAssessedTax,0.0397,0.023,False,19.1,7.6
BUR,BURFORD CAPITAL LIMITED,USD,2025,3,FCFマイナス; ROIC; ROIC最低値; FCF転換,0.0401,0.0198,0.5615,0.1744,-1.392,True,False,False,False,reported,Revenues,0.0505,0.0214,False,20.6,2.9
ST,SENSATA TECHNOLOGIES HOLDING PLC,USD,2025,3,売上CAGR; ROIC; ROIC最低値; 営業利益率,0.0334,0.0194,0.0641,-0.0077,2.2592,True,True,False,False,reported,RevenueFromContractWithCustomerExcludingAssessedTax,0.0372,0.0216,False,10.2,56.3
HSTM,HEALTHSTREAM INC,USD,2025,3,売上CAGR; ROIC; ROIC最低値; 営業利益率,0.0452,0.0188,0.0666,0.0432,3.7211,True,True,False,False,reported,RevenueFromContractWithCustomerExcludingAssessedTax,0.0538,0.0222,False,16.1,61.4
DCH,Dauch Corporation,USD,2025,3,売上CAGR; ROIC; ROIC最低値; 営業利益率,0.0187,0.0187,0.0192,0.0315,23.0963,True,True,False,False,reported,RevenueFromContractWithCustomerExcludingAssessedTax,0.022,0.022,False,15.0,3.7
KWR,QUAKER CHEMICAL CORPORATION,USD,2025,3,売上CAGR; ROIC; ROIC最低値; 営業利益率,0.0187,0.0185,0.0281,0.0176,1.5777,True,True,False,False,reported,RevenueFromContractWithCustomerExcludingAssessedTax,0.0203,0.0202,False,8.0,22.4
MCHP,Microchip Technology Incorporated,USD,2026,3,売上CAGR; ROIC; ROIC最低値; 営業利益率,0.0325,0.0184,0.104,-0.0883,1.7418,True,True,False,False,reported,RevenueFromContractWithCustomerExcludingAssessedTax,0.0331,0.0196,False,2.0,56.1
CRTO,Criteo S.A.,USD,2025,3,売上CAGR; ROIC; ROIC最低値; 営業利益率,0.1394,0.0183,0.1043,-0.0362,2.7148,True,True,False,False,reported,RevenueFromContractWithCustomerExcludingAssessedTax,0.2043,0.0284,False,31.8,46.6
DINO,HF SINCLAIR CORPORATION,USD,2025,3,FCFマイナス; ROIC; ROIC最低値; 営業利益率,0.0613,0.0173,0.0345,0.0994,1.0901,True,False,False,False,reported,RevenueFromContractWithCustomerExcludingAssessedTax,0.0667,0.0185,False,8.2,24.9
OMC,OMNICOM GROUP INC.,USD,2025,3,売上CAGR; ROIC; ROIC最低値; 営業利益率,0.0164,0.0164,0.0257,0.0485,1.417,True,True,False,False,reported,Revenues,0.0164,0.0164,False,0.0,87.2
BHC,Bausch Health Companies Inc.,USD,2025,3,FCFマイナス; ROIC; ROIC最低値; FCF転換,0.0707,0.0158,0.1766,0.0504,,True,False,True,False,reported,RevenueFromContractWithCustomerExcludingAssessedTax,0.0756,0.0162,False,6.5,55.6
PINE,"ALPINE INCOME PROPERTY TRUST, INC.",USD,2025,3,FCFマイナス; ROIC; ROIC最低値; FCF転換,0.0158,0.0158,0.217,0.1906,-18.926,True,False,False,False,reported,Revenues,0.0159,0.0159,False,0.7,0.0
GVA,GRANITE CONSTRUCTION INC,USD,2025,3,FCFマイナス; ROIC; ROIC最低値; 営業利益率,0.0886,0.0149,0.0638,0.0602,1.2164,True,False,False,False,reported,RevenueFromContractWithCustomerExcludingAssessedTax,0.1163,0.0214,False,23.8,15.9
DIOD,DIODES INC /DEL/,USD,2025,3,売上CAGR; ROIC; ROIC最低値; 営業利益率,0.0147,0.0147,0.0239,-0.0481,0.7709,True,True,False,False,reported,RevenueFromContractWithCustomerExcludingAssessedTax,0.0183,0.0183,False,19.8,9.6
MNRO,"Monro, Inc.",USD,2026,3,売上CAGR; ROIC; ROIC最低値; 営業利益率,0.0243,0.0146,0.0173,-0.0395,4.1871,True,True,False,False,reported,RevenueFromContractWithCustomerExcludingAssessedTax,0.0248,0.015,False,2.2,113.0
QRVO,"Qorvo, Inc.",USD,2026,3,売上CAGR; ROIC; ROIC最低値; 営業利益率,0.0664,0.0142,0.1118,-0.0567,2.3208,True,True,False,False,reported,Revenues,0.0885,0.0178,False,24.9,48.1
MTX,MINERALS TECHNOLOGIES INC.,USD,2025,3,売上CAGR; ROIC; ROIC最低値; 営業利益率,0.014,0.014,0.0229,0.0277,1.0462,True,True,False,False,reported,RevenueFromContractWithCustomerExcludingAssessedTax,0.016,0.016,False,12.4,34.2
TFX,TELEFLEX INCORPORATED,USD,2025,3,売上CAGR; ROIC; ROIC最低値; 営業利益率,0.0162,0.0138,0.0594,-0.0823,3.2831,True,True,False,False,reported,RevenueFromContractWithCustomerExcludingAssessedTax,0.0174,0.0144,False,6.6,40.0
PCYO,PURE CYCLE CORPORATION,USD,2025,3,FCFマイナス; ROIC; ROIC最低値; FCF転換,0.0425,0.0138,0.294,0.111,0.5756,True,False,False,False,reported,RevenueFromContractWithCustomerExcludingAssessedTax,0.0502,0.0177,False,15.4,0.0
VIAV,Viavi Solutions Inc.,USD,2025,3,売上CAGR; ROIC; ROIC最低値; 営業利益率,0.0319,0.0125,0.053,-0.0248,4.4145,True,True,False,False,reported,RevenueFromContractWithCustomerExcludingAssessedTax,0.0455,0.0199,False,29.9,41.9
BRKR,BRUKER CORPORATION,USD,2025,3,ROIC; ROIC最低値; 営業利益率; FCF転換,0.0125,0.0125,0.0198,0.0919,0.6811,True,True,False,False,reported,RevenueFromContractWithCustomerExcludingAssessedTax,0.0134,0.0134,False,6.9,35.9
UTZ,"Utz Brands, Inc.",USD,2025,3,ROIC; ROIC最低値; 営業利益率; FCF転換,0.0216,0.0123,0.0136,0.1698,,True,True,False,True,reported,RevenueFromContractWithCustomerExcludingAssessedTax,0.026,0.0131,False,16.9,121.2
POWI,"POWER INTEGRATIONS, INC.",USD,2025,3,売上CAGR; ROIC; ROIC最低値; 営業利益率,0.012,0.012,0.023,-0.1089,1.2477,True,True,False,False,reported,Revenues,0.019,0.019,False,37.1,14.2
LXFR,LUXFER HOLDINGS PLC,USD,2025,3,売上CAGR; ROIC; ROIC最低値; 営業利益率,0.0713,0.0117,0.0624,0.0069,1.3395,True,True,False,False,reported,RevenueFromContractWithCustomerExcludingAssessedTax,0.0736,0.0117,False,3.1,26.2
GHC,GRAHAM HOLDINGS CO,USD,2025,3,ROIC; ROIC最低値; 営業利益率; FCF転換,0.0327,0.0115,0.0478,0.1143,0.584,True,True,False,False,reported,RevenueFromContractWithCustomerExcludingAssessedTax,0.0343,0.0119,False,4.7,27.9
TRS,TRIMAS CORPORATION,USD,2025,3,売上CAGR; ROIC; ROIC最低値; 営業利益率,0.0277,0.0112,0.064,-0.0684,0.7516,True,True,False,False,reported,RevenueFromContractWithCustomerExcludingAssessedTax,0.0284,0.0115,False,2.5,25.5
CDLR,Cadeler A/S,EUR,2025,3,FCFマイナス; ROIC; ROIC最低値; FCF転換,0.0837,0.0098,0.5122,0.7862,-4.2421,True,False,False,False,reported,RevenueFromContractsWithCustomers,0.0882,0.0107,False,5.1,0.0
TTMI,TTM TECHNOLOGIES INC,USD,2025,3,FCFマイナス; ROIC; ROIC最低値; 営業利益率,0.0782,0.0097,0.0911,0.0839,0.9787,True,False,False,False,reported,RevenueFromContractWithCustomerExcludingAssessedTax,0.0962,0.0121,False,18.7,25.1
CWEN,"Clearway Energy, Inc.",USD,2025,3,売上CAGR; ROIC; ROIC最低値; 営業利益率,0.0088,0.0088,0.112,0.0267,2.6491,True,True,False,False,reported,Revenues,0.0089,0.0089,False,1.6,0.0
ATKR,Atkore Inc.,USD,2025,3,売上CAGR; ROIC; ROIC最低値; 営業利益率,0.0085,0.0085,0.0081,-0.0067,0.9223,True,True,False,False,reported,RevenueFromContractWithCustomerExcludingAssessedTax,0.0111,0.0111,False,23.5,13.7
CAL,"CALERES, INC",USD,2026,3,売上CAGR; ROIC; ROIC最低値; 営業利益率,0.0084,0.0084,0.0023,-0.0018,0.8029,True,True,False,False,reported,RevenueFromContractWithCustomerIncludingAssessedTax,0.0088,0.0088,False,4.9,2.6
MAMA,"Mama's Creations, Inc.",USD,2026,3,FCFマイナス; ROIC; ROIC最低値; 営業利益率,0.1068,0.0081,0.0414,0.3819,0.9144,True,False,False,False,reported,RevenueFromContractWithCustomerExcludingAssessedTax,0.172,0.009,False,37.9,18.0
AKR,ACADIA REALTY TRUST,USD,2025,3,ROIC; ROIC最低値; 営業利益率; FCF転換,0.0096,0.0073,0.1203,0.0886,,True,True,False,False,reported,Revenues,0.0096,0.0073,False,0.9,0.0
GILT,GILAT SATELLITE NETWORKS LTD.,USD,2025,3,FCFマイナス; ROIC; ROIC最低値; 営業利益率,0.037,0.0069,0.0519,0.2039,1.0552,True,False,False,False,reported,Revenues,0.0588,0.0105,False,37.0,33.9
STM,STMicroelectronics N.V.,USD,2025,3,売上CAGR; ROIC; ROIC最低値; 営業利益率,0.0069,0.0069,0.0148,-0.0194,1.6286,True,True,False,False,reported,RevenueFromContractWithCustomerExcludingAssessedTax,0.0086,0.0086,False,19.1,1.6
CRL,CHARLES RIVER LABORATORIES INTERNATIONAL,USD,2025,3,売上CAGR; ROIC; ROIC最低値; 営業利益率,0.0063,0.0063,0.0063,0.032,1.7991,True,True,False,False,reported,RevenueFromContractWithCustomerExcludingAssessedTax,0.0067,0.0067,False,6.8,87.3
ON,ON Semiconductor Corporation,USD,2025,3,売上CAGR; ROIC; ROIC最低値; 営業利益率,0.0062,0.0062,0.014,-0.0288,0.8843,True,True,False,False,reported,RevenueFromContractWithCustomerExcludingAssessedTax,0.0082,0.0082,False,23.9,15.8
CNH,CNH INDUSTRIAL N.V.,USD,2025,3,売上CAGR; ROIC; ROIC最低値; 営業利益率,0.0057,0.0057,0.0036,-0.0364,1.2915,True,True,False,False,derived,RevenueFromContractWithCustomerExcludingAssessedTax,0.0085,0.0085,False,33.2,46.5
INBP,INTEGRATED BIOPHARMA INC,USD,2025,3,売上CAGR; ROIC; ROIC最低値; 営業利益率,0.0785,0.005,0.0372,-0.0384,0.7647,True,True,False,False,reported,RevenueFromContractWithCustomerIncludingAssessedTax,0.0955,0.0054,False,17.8,0.0
FIGS,"FIGS, Inc.",USD,2025,3,FCFマイナス; ROIC; ROIC最低値; 営業利益率,0.0689,0.0047,0.0604,0.1074,3.1567,True,False,False,False,reported,RevenueFromContractWithCustomerExcludingAssessedTax,0.2206,0.0136,False,68.8,0.0
OLPX,"OLAPLEX HOLDINGS, INC.",USD,2025,3,売上CAGR; ROIC; ROIC最低値; 営業利益率,0.0045,0.0045,0.0164,-0.0831,1.5488,True,True,False,False,reported,RevenueFromContractWithCustomerExcludingAssessedTax,0.006,0.006,False,25.9,13.7
FRPH,"FRP HOLDINGS, INC.",USD,2025,3,FCFマイナス; ROIC; ROIC最低値; FCF転換,0.0089,0.0031,0.164,0.0824,-0.4509,True,False,False,False,reported,Revenues,0.0089,0.0031,False,0.0,0.0
EQX,EQUINOX GOLD CORP.,USD,2025,3,FCFマイナス; ROIC; ROIC最低値; FCF転換,0.0476,0.0026,0.2379,0.1383,-0.5804,True,False,False,False,reported,Revenue,0.0507,0.0028,False,6.0,0.0
CR,CRANE COMPANY,USD,2025,3,FCFマイナス; 売上CAGR; ROIC最低値; FCF転換,0.1624,0.0022,0.184,0.0281,0.1729,True,False,False,False,reported,RevenueFromContractWithCustomerExcludingAssessedTax,0.2152,0.0028,False,24.5,33.1
FRO,Frontline plc,USD,2025,3,FCFマイナス; ROIC; ROIC最低値; FCF転換,0.09,0.0018,0.3038,0.2718,-0.3129,True,False,False,False,reported,Revenue,0.0945,0.0018,False,4.8,2.1
OLN,OLIN Corp,USD,2025,3,売上CAGR; ROIC; ROIC最低値; 営業利益率,0.0009,0.0009,0.0008,-0.066,1.4677,True,True,False,False,reported,RevenueFromContractWithCustomerExcludingAssessedTax,0.0009,0.0009,False,3.6,30.6
TRMD,TORM plc,USD,2025,3,FCFマイナス; ROIC; ROIC最低値; FCF転換,0.0965,0.0006,0.266,0.2126,0.4069,True,False,False,False,reported,RevenueFromContractsWithCustomers,0.102,0.0006,False,5.4,0.1
VITL,"Vital Farms, Inc.",USD,2025,3,FCFマイナス; ROIC最低値; 営業利益率; FCF転換,0.1988,0.0003,0.1164,0.3062,0.0653,True,False,False,False,reported,RevenueFromContractWithCustomerExcludingAssessedTax,0.2308,0.0003,False,13.9,1.1
SEI,"SOLARIS ENERGY INFRASTRUCTURE, INC.",USD,2025,3,営業赤字; FCFマイナス; ROIC最低値; FCF転換,0.1895,-0.0015,0.2176,0.4061,-6.1623,False,False,False,False,reported,Revenues,0.5068,-0.0018,False,62.6,18.7
LAUR,"Laureate Education, Inc.",USD,2025,3,営業赤字; FCFマイナス; ROIC最低値; FCF転換,0.2701,-0.0029,0.2533,0.1187,0.5669,False,False,False,False,reported,RevenueFromContractWithCustomerExcludingAssessedTax,0.3056,-0.004,False,11.6,50.5
MDV,"MODIV INDUSTRIAL, INC.",USD,2025,3,営業赤字; ROIC; ROIC最低値; FCF転換,0.0295,-0.0036,0.341,0.0519,,False,True,False,False,reported,Revenues+RevenueFromContractWithCustomerIncludingAssessedTax,0.0305,-0.0044,False,3.4,0.0
MKL,MARKEL GROUP INC.,USD,2025,3,営業赤字; 売上CAGR; ROIC; ROIC最低値,0.1102,-0.0043,0.2059,0.0483,1.3255,False,True,False,False,reported,Revenues,0.1333,-0.0056,False,17.3,12.3
COTY,COTY INC.,USD,2025,3,営業赤字; ROIC; ROIC最低値; 営業利益率,0.0254,-0.0046,0.0409,0.0622,6.0688,False,True,False,False,reported,RevenueFromContractWithCustomerExcludingAssessedTax,0.0263,-0.0048,False,3.4,54.2
ALKS,Alkermes plc.,USD,2025,3,営業赤字; FCFマイナス; ROIC; ROIC最低値,0.1103,-0.0046,0.1721,0.0589,1.7092,False,False,False,False,reported,RevenueFromContractWithCustomerExcludingAssessedTax,0.163,-0.0111,False,32.3,4.6
GNL,"Global Net Lease, Inc.",USD,2025,3,営業赤字; ROIC; ROIC最低値; FCF転換,0.0527,-0.0046,0.2241,0.0607,,False,True,False,False,reported,Revenues,0.0591,-0.0048,False,10.8,2.8
OPRA,Opera Ltd,USD,2025,3,営業赤字; ROIC; ROIC最低値; 営業利益率,0.0704,-0.0048,0.1465,0.251,1.1284,False,True,False,False,reported,Revenue,0.0832,-0.0054,False,15.4,42.6
BWMN,BOWMAN CONSULTING GROUP LTD.,USD,2025,3,営業赤字; ROIC; ROIC最低値; 営業利益率,0.0487,-0.0056,0.0401,0.3445,5.4122,False,True,False,False,reported,RevenueFromContractWithCustomerExcludingAssessedTax,0.0505,-0.0057,False,3.5,54.5
PAY,"Paymentus Holdings, Inc.",USD,2025,3,営業赤字; ROIC; ROIC最低値; 営業利益率,0.1065,-0.0059,0.0631,0.3188,2.323,False,True,False,False,reported,RevenueFromContractWithCustomerExcludingAssessedTax,0.2492,-0.0094,False,57.3,23.5
PBH,Prestige Consumer Healthcare Inc.,USD,2026,3,営業赤字; 売上CAGR; ROIC; ROIC最低値,0.0848,-0.0063,0.2842,0.0004,1.6294,False,True,False,False,reported,RevenueFromContractWithCustomerExcludingAssessedTax,0.0868,-0.0065,False,2.2,20.2
TOPS,TOP SHIPS INC.,USD,2025,3,営業赤字; ROIC; ROIC最低値; FCF転換,0.0679,-0.0063,0.3268,0.0503,,False,True,False,False,reported,Revenues,0.0727,-0.0069,False,6.7,0.0
PARR,"Par Pacific Holdings, Inc.",USD,2025,3,営業赤字; FCFマイナス; ROIC最低値; 営業利益率,0.1839,-0.0072,0.0722,0.122,0.8044,False,False,False,False,reported,RevenueFromContractWithCustomerExcludingAssessedTax,0.1979,-0.0084,False,7.1,5.5
HPE,HEWLETT PACKARD ENTERPRISE COMPANY,USD,2025,3,営業赤字; ROIC; ROIC最低値; 営業利益率,-0.0075,-0.0075,-0.0127,0.0541,1.0095,False,True,False,False,reported,Revenues,-0.0085,-0.0085,False,12.5,51.4
SAFE,Safehold Inc.,USD,2025,3,営業赤字; ROIC; ROIC最低値; FCF転換,0.0114,-0.0097,0.2617,0.1983,0.5159,False,True,False,False,reported,Revenues,0.0114,-0.0097,False,0.3,0.0
CLDT,Chatham Lodging Trust,USD,2025,3,営業赤字; ROIC; ROIC最低値; 営業利益率,0.0299,-0.0101,0.1385,0.0967,23.7334,False,True,False,False,reported,RevenueFromContractWithCustomerExcludingAssessedTax+Revenues,0.0306,-0.0103,False,2.3,0.0
RDVT,"RED VIOLET, INC.",USD,2025,3,営業赤字; ROIC; ROIC最低値; 営業利益率,0.1028,-0.015,0.1456,0.1966,2.5254,False,True,False,False,reported,RevenueFromContractWithCustomerExcludingAssessedTax,0.1809,-0.0295,False,43.2,5.2
SCHL,SCHOLASTIC CORPORATION,USD,2025,3,営業赤字; ROIC; ROIC最低値; 営業利益率,0.0104,-0.0151,0.0097,0.0574,4.3552,False,True,False,False,reported,RevenueFromContractWithCustomerExcludingAssessedTax,0.0116,-0.0218,False,10.4,16.6
BMRN,BioMarin Pharmaceutical Inc,USD,2025,3,営業赤字; ROIC; ROIC最低値; 営業利益率,0.0531,-0.0152,0.1271,0.1493,1.5073,False,True,False,False,reported,RevenueFromContractWithCustomerExcludingAssessedTax,0.0715,-0.02,False,25.6,3.2
TRC,TEJON RANCH CO.,USD,2025,3,営業赤字; ROIC; ROIC最低値; 営業利益率,-0.0132,-0.0153,-0.1604,0.07,2.7544,False,True,False,False,reported,RevenueFromContractWithCustomerExcludingAssessedTax+Revenues,-0.014,-0.0173,False,5.2,0.0
MTLS,MATERIALISE NV,EUR,2024,3,営業赤字; ROIC; ROIC最低値; 営業利益率,0.0274,-0.0164,0.0354,0.1185,2.2889,False,True,False,False,reported,Revenue,0.044,-0.0327,False,37.6,16.0
XHR,"Xenia Hotels & Resorts, Inc.",USD,2025,3,営業赤字; ROIC; ROIC最低値; 営業利益率,0.0332,-0.0164,0.0997,0.1502,29.313,False,True,False,False,reported,RevenueFromContractWithCustomerExcludingAssessedTax,0.0352,-0.02,False,5.5,0.2
ONTO,ONTO INNOVATION INC.,USD,2026,3,営業赤字; ROIC; ROIC最低値; 営業利益率,0.05,-0.0167,0.1322,0.1593,5.2482,False,True,False,False,reported,RevenueFromContractWithCustomerExcludingAssessedTax,0.0719,-0.0237,False,30.4,30.7
WDAY,"WORKDAY, INC.",USD,2026,3,営業赤字; ROIC; ROIC最低値; 営業利益率,0.0528,-0.0205,0.0755,0.1676,4.7997,False,True,False,False,reported,RevenueFromContractWithCustomerExcludingAssessedTax,0.1065,-0.0719,False,50.4,48.5
LGND,LIGAND PHARMACEUTICALS INCORPORATED,USD,2025,3,営業赤字; 売上CAGR; ROIC; ROIC最低値,0.0318,-0.0215,0.1529,0.0264,1.9361,False,True,False,False,reported,RevenueFromContractWithCustomerExcludingAssessedTax,0.1142,-0.0311,False,72.1,10.0
CX,CEMEX SAB DE CV,USD,2024,3,営業赤字; ROIC; ROIC最低値; 営業利益率,0.082,-0.0215,0.1124,0.0634,3.9423,False,True,False,False,reported,Revenue,0.0863,-0.0227,False,4.9,42.4
AIN,ALBANY INTERNATIONAL CORP.,USD,2025,3,営業赤字; ROIC; ROIC最低値; 営業利益率,-0.0241,-0.0241,-0.0305,0.0622,1.3625,False,True,False,False,reported,RevenueFromContractWithCustomerExcludingAssessedTax,-0.0267,-0.0267,False,9.5,13.7
MCRI,"MONARCH CASINO & RESORT, INC",USD,2025,3,営業赤字; ROIC; ROIC最低値; 営業利益率,0.0266,-0.0241,0.0332,0.0836,1.2779,False,True,False,False,derived,RevenueFromContractWithCustomerExcludingAssessedTax,0.0266,-0.0241,False,0.0,4.7
OPXS,"OPTEX SYSTEMS HOLDINGS, INC.",USD,2025,3,営業赤字; FCFマイナス; ROIC最低値; FCF転換,0.2319,-0.0248,0.1725,0.2273,0.607,False,False,False,False,reported,RevenueFromContractWithCustomerExcludingAssessedTax,0.3147,-0.033,False,26.3,0.0
WYNN,WYNN RESORTS LTD,USD,2025,3,営業赤字; FCFマイナス; ROIC; ROIC最低値,0.086,-0.0266,0.1567,0.1735,4.2743,False,False,True,False,reported,RevenueFromContractWithCustomerIncludingAssessedTax,0.1003,-0.0339,False,14.2,0.0
SXC,"SUNCOKE ENERGY, INC.",USD,2025,3,営業赤字; ROIC; ROIC最低値; 営業利益率,-0.0273,-0.0273,-0.0242,0.0599,2.1552,False,True,False,False,reported,RevenueFromContractWithCustomerExcludingAssessedTax,-0.0294,-0.0294,False,6.9,0.0
PED,PEDEVCO CORP.,USD,2025,3,営業赤字; ROIC; ROIC最低値; 営業利益率,-0.0299,-0.0299,-0.1717,0.3032,13.3248,False,True,False,False,reported,Revenues,-0.0304,-0.0304,False,1.6,0.0
IAG,IAMGOLD Corporation,USD,2025,3,営業赤字; FCFマイナス; ROIC最低値; FCF転換,0.1785,-0.0306,0.3833,0.3435,-0.3965,False,False,False,False,reported,Revenue,0.1956,-0.0385,False,8.7,0.0
PINS,"Pinterest, Inc.",USD,2025,3,営業赤字; ROIC; ROIC最低値; 営業利益率,0.0533,-0.0321,0.0758,0.1312,1.6158,False,True,False,False,reported,RevenueFromContractWithCustomerExcludingAssessedTax,0.1109,-0.1713,False,52.0,0.0
REI,"Ring Energy, Inc.",USD,2025,3,営業赤字; ROIC; ROIC最低値; 営業利益率,-0.0322,-0.0322,-0.1118,0.1184,2.9087,False,True,False,False,reported,RevenueFromContractWithCustomerExcludingAssessedTax,-0.0323,-0.0323,False,0.1,0.0
EGY,VAALCO ENERGY INC /DE/,USD,2025,3,営業赤字; ROIC; ROIC最低値; 営業利益率,-0.0323,-0.0323,-0.0574,0.159,3.4518,False,True,False,False,reported,Revenues,-0.0366,-0.0366,False,11.7,0.0
DDOG,"Datadog, Inc.",USD,2025,3,営業赤字; ROIC; ROIC最低値; 営業利益率,-0.0094,-0.0329,-0.0129,0.351,11.6255,False,True,False,False,reported,RevenueFromContractWithCustomerExcludingAssessedTax,,,True,119.9,14.2
EMBJ,EMBRAER S.A.,USD,2025,3,営業赤字; ROIC; ROIC最低値; 営業利益率,0.1393,-0.034,0.0802,0.1592,4.3249,False,True,False,False,reported,Revenue,0.3211,-0.1163,False,56.6,0.0
JAZZ,Jazz Pharmaceuticals plc,USD,2025,3,営業赤字; ROIC; ROIC最低値; 営業利益率,-0.0351,-0.0351,-0.1008,0.0837,87.8465,False,True,False,False,reported,RevenueFromContractWithCustomerExcludingAssessedTax,-0.041,-0.041,False,14.4,18.9
INSW,"International Seaways, Inc.",USD,2025,3,営業赤字; FCFマイナス; ROIC; ROIC最低値,0.1055,-0.0389,0.4096,0.3263,1.1898,False,False,False,False,reported,RevenueFromContractWithCustomerExcludingAssessedTax,0.1127,-0.0407,False,6.5,0.0
CALX,"Calix, Inc",USD,2025,3,営業赤字; ROIC; ROIC最低値; 営業利益率,0.0193,-0.0435,0.021,0.1015,0.8883,False,True,False,False,reported,RevenueFromContractWithCustomerExcludingAssessedTax,0.0232,-0.0461,False,16.7,13.5
SUPN,"SUPERNUS PHARMACEUTICALS, INC.",USD,2025,3,営業赤字; ROIC; ROIC最低値; 営業利益率,-0.0463,-0.0463,-0.0866,0.0553,3.811,False,True,False,False,reported,RevenueFromContractWithCustomerExcludingAssessedTax,-0.0527,-0.0527,False,12.1,11.8
OXM,"OXFORD INDUSTRIES, INC.",USD,2026,3,営業赤字; ROIC; ROIC最低値; 営業利益率,-0.048,-0.048,-0.0212,0.0666,1.1502,False,True,False,False,reported,RevenueFromContractWithCustomerExcludingAssessedTax,-0.0488,-0.0488,False,1.6,5.0
MMYT,MakeMyTrip Ltd,USD,2025,3,営業赤字; ROIC; ROIC最低値; 営業利益率,0.0658,-0.049,0.1225,0.5642,1.9663,False,True,False,False,reported,Revenue,0.1019,-0.0671,False,35.4,0.0
KEX,KIRBY CORPORATION,USD,2025,3,営業赤字; ROIC; ROIC最低値; 営業利益率,0.0913,-0.0504,0.1475,0.1062,1.7621,False,True,False,False,reported,RevenueFromContractWithCustomerExcludingAssessedTax,0.093,-0.0508,False,1.8,10.2
PUBM,"PUBMATIC, INC.",USD,2025,3,営業赤字; ROIC; ROIC最低値; 営業利益率,-0.0519,-0.0519,-0.061,0.0567,3.2198,False,True,False,False,reported,RevenueFromContractWithCustomerExcludingAssessedTax,-0.1165,-0.1165,False,55.4,11.3
PXS,PYXIS TANKERS INC.,USD,2025,3,営業赤字; FCFマイナス; ROIC; ROIC最低値,0.0256,-0.0536,0.1518,0.1138,1.1572,False,False,False,False,reported,Revenues,0.0363,-0.0564,False,29.4,0.0
KEQU,Kewaunee Scientific Corporation,USD,2026,3,営業赤字; FCFマイナス; ROIC最低値; 営業利益率,0.1766,-0.0553,0.0593,0.1368,0.7204,False,False,False,False,reported,RevenueFromContractWithCustomerExcludingAssessedTax,0.2036,-0.0627,False,13.3,0.0
YPF,YPF Sociedad Anonima,USD,2025,3,営業赤字; ROIC; ROIC最低値; 営業利益率,0.0642,-0.0575,0.0943,0.0776,10.8097,False,True,False,False,reported,Revenue,0.0672,-0.0616,False,4.4,0.0
DCBO,DOCEBO INC.,USD,2025,3,営業赤字; FCFマイナス; ROIC最低値; 営業利益率,0.2478,-0.0578,0.0957,0.2352,1.1129,False,False,False,False,reported,RevenueFromContractsWithCustomers,,,True,99.9,19.6
CPT,CAMDEN PROPERTY TRUST,USD,2025,3,営業赤字; ROIC; ROIC最低値; 営業利益率,-0.0605,-0.0605,-48.8229,0.0534,1.9484,False,True,False,False,derived,RevenueFromContractWithCustomerExcludingAssessedTax,-0.0607,-0.0607,False,0.3,0.0
RDCM,RADCOM LTD.,USD,2025,3,営業赤字; ROIC; ROIC最低値; 営業利益率,0.0575,-0.0619,0.1161,0.1542,2.448,False,True,False,False,reported,Revenues,,,True,96.3,0.0
VIST,"Vista Energy, S.A.B. de C.V.",USD,2024,3,営業赤字; FCFマイナス; ROIC最低値; FCF転換,0.1634,-0.0645,0.3795,0.5661,0.1479,False,False,False,False,reported,Revenue,0.2187,-0.0844,False,25.3,0.7
LUXE,LuxExperience B.V.,EUR,2025,3,営業赤字; FCFマイナス; ROIC最低値; FCF転換,0.3349,-0.066,0.4584,0.1984,-0.0769,False,False,False,False,reported,Revenue,0.6005,-0.0824,False,44.2,10.2
EPSN,EPSILON ENERGY LTD.,USD,2025,3,営業赤字; ROIC; ROIC最低値; 営業利益率,-0.0666,-0.0666,-0.2039,0.0502,2.2704,False,True,False,False,reported,RevenueFromContractWithCustomerIncludingAssessedTax,-0.0718,-0.0718,False,7.2,0.0
ZGN,Ermenegildo Zegna N.V.,EUR,2025,3,営業赤字; ROIC; ROIC最低値; 営業利益率,0.0924,-0.0692,0.0728,0.1036,4.4724,False,True,False,False,reported,Revenue,0.1132,-0.1212,False,18.4,46.4
TH,TARGET HOSPITALITY CORP.,USD,2025,3,営業赤字; ROIC; ROIC最低値; 営業利益率,-0.0705,-0.0705,-0.1264,0.064,2.858,False,True,False,False,reported,RevenueFromContractWithCustomerExcludingAssessedTax,-0.0721,-0.0721,False,2.1,10.5
CMBT,CMB.TECH NV,USD,2024,3,営業赤字; FCFマイナス; 売上CAGR; ROIC最低値,0.2996,-0.0709,1.0662,-0.0612,1.208,False,False,False,True,reported,Revenue,0.3041,-0.0745,False,1.5,0.0
MD,"Pediatrix Medical Group, Inc.",USD,2025,3,営業赤字; 売上CAGR; ROIC最低値; 営業利益率,0.1905,-0.071,0.1091,0.0003,4.2255,False,True,False,False,reported,RevenueFromContractWithCustomerIncludingAssessedTax,0.4506,-0.1304,False,57.7,145.6
AGNT,"EXP WORLD HOLDINGS, INC.",USD,2025,3,営業赤字; ROIC; ROIC最低値; 営業利益率,-0.0699,-0.0732,-0.0045,0.0606,21.2729,False,True,False,False,reported,RevenueFromContractWithCustomerExcludingAssessedTax,-0.1431,-0.1644,False,51.2,7.4
PCRX,"PACIRA BIOSCIENCES, INC.",USD,2025,3,営業赤字; ROIC; ROIC最低値; 営業利益率,0.0219,-0.0745,0.0264,0.0762,89.0344,False,True,False,False,reported,RevenueFromContractWithCustomerExcludingAssessedTax,0.0333,-0.1973,False,34.4,2.9
ELPC,ENERGY CO OF PARANA,BRL,2024,3,営業赤字; ROIC; ROIC最低値; 営業利益率,-0.0254,-0.0752,-0.0365,0.05,1.1909,False,True,False,False,reported,Revenue,-0.0304,-0.0863,False,16.2,0.0
PSHG,Performance Shipping Inc.,USD,2025,3,営業赤字; FCFマイナス; ROIC; ROIC最低値,0.1269,-0.0765,0.617,0.2324,1.0755,False,False,False,False,reported,Revenues,0.1491,-0.0859,False,14.9,0.0
TCMD,TACTILE SYSTEMS TECHNOLOGY INC,USD,2025,3,営業赤字; ROIC; ROIC最低値; 営業利益率,0.1057,-0.083,0.0889,0.1218,3.3305,False,True,False,False,reported,RevenueFromContractWithCustomerExcludingAssessedTax,0.1708,-0.1013,False,38.1,14.2
PAAS,Pan American Silver Corp.,USD,2025,3,営業赤字; FCFマイナス; ROIC; ROIC最低値,0.1264,-0.0872,0.3407,0.2202,1.8712,False,False,False,False,reported,Revenue,0.1525,-0.0928,False,17.1,0.0
DUOL,"Duolingo, Inc.",USD,2025,3,営業赤字; ROIC; ROIC最低値; 営業利益率,0.0795,-0.095,0.1307,0.4262,2.1249,False,True,False,False,reported,RevenueFromContractWithCustomerExcludingAssessedTax,,,True,76.9,2.6
YMM,Full Truck Alliance Co. Ltd.,CNY,2025,3,営業赤字; FCFマイナス; ROIC; ROIC最低値,0.0808,-0.0951,0.332,0.2797,1.4018,False,False,False,False,reported,RevenueFromContractWithCustomerIncludingAssessedTax,0.1399,-0.5345,False,42.2,9.9
CNXC,CONCENTRIX CORPORATION,USD,2025,3,営業赤字; ROIC; ROIC最低値; 営業利益率,-0.0982,-0.0982,-0.0934,0.1516,18.3375,False,True,False,False,reported,RevenueFromContractWithCustomerExcludingAssessedTax,-0.1028,-0.1028,False,4.4,49.7
VC,VISTEON CORPORATION,USD,2025,3,営業赤字; ROIC; ROIC最低値; 営業利益率,0.0465,-0.1018,0.0292,0.0797,1033437.014,False,True,False,False,derived,Revenues,0.0791,-0.2122,False,41.3,0.0
P,"Everpure, Inc.",USD,2026,3,営業赤字; ROIC; ROIC最低値; 営業利益率,0.0627,-0.1031,0.0313,0.1384,8.8872,False,True,False,False,reported,RevenueFromContractWithCustomerExcludingAssessedTax,0.1535,-0.2698,False,59.1,25.3
RAMP,"LiveRamp Holdings, Inc.",USD,2026,3,営業赤字; ROIC; ROIC最低値; 営業利益率,0.0678,-0.1073,0.1027,0.1136,131.0065,False,True,False,False,reported,RevenueFromContractWithCustomerExcludingAssessedTax,0.1127,-0.2318,False,39.8,51.7
MCUJF,MEDICURE INC.,CAD,2024,3,営業赤字; FCFマイナス; ROIC最低値; FCF転換,0.1994,-0.1134,0.2394,0.172,,False,False,False,False,derived,Revenue,0.3049,-0.1321,False,34.6,16.2
GAMB,Gambling.com Group Limited,USD,2025,3,営業赤字; ROIC; ROIC最低値; 営業利益率,-0.116,-0.116,-0.1921,0.4061,3.3751,False,True,False,False,reported,RevenueFromContractsWithCustomers,-0.1251,-0.1251,False,7.3,0.0
NRDS,"NerdWallet, Inc.",USD,2025,3,営業赤字; ROIC; ROIC最低値; 営業利益率,0.1375,-0.1196,0.0779,0.2184,20.4247,False,True,False,False,reported,RevenueFromContractWithCustomerExcludingAssessedTax,0.1865,-0.3431,False,26.2,33.0
AMPY,AMPLIFY ENERGY CORP.,USD,2025,3,営業赤字; 売上CAGR; ROIC; ROIC最低値,0.1325,-0.1225,0.2921,-0.0639,0.7772,False,True,True,False,reported,RevenueFromContractWithCustomerExcludingAssessedTax,0.1527,-0.1382,False,13.2,0.0
AXON,"Axon Enterprise, Inc.",USD,2025,3,営業赤字; ROIC; ROIC最低値; 営業利益率,-0.0151,-0.1227,-0.0223,0.3386,1.0265,False,True,False,False,reported,RevenueFromContractWithCustomerExcludingAssessedTax,-0.0319,-0.1897,False,52.6,42.3
ONON,On Holding AG,CHF,2025,3,営業赤字; FCFマイナス; ROIC最低値; 営業利益率,0.1824,-0.1314,0.1251,0.4281,1.5275,False,False,False,False,reported,RevenueFromContractsWithCustomers,0.4863,-0.5708,False,62.5,0.0
BTI,British American Tobacco p.l.c.,GBP,2025,3,営業赤字; 売上CAGR; ROIC; ROIC最低値,0.0974,-0.1373,0.3904,-0.0007,4.5051,False,True,False,False,reported,Revenue,0.1022,-0.1448,False,4.7,48.0
NAT,NORDIC AMERICAN TANKERS Ltd,USD,2025,3,営業赤字; FCFマイナス; ROIC; ROIC最低値,0.0421,-0.1393,0.1589,0.1116,191.0608,False,False,False,False,reported,RevenueFromContractWithCustomerExcludingAssessedTax,0.0444,-0.1455,False,5.3,0.0
ATEX,Anterix Inc.,USD,2026,3,営業赤字; FCFマイナス; ROIC最低値; FCF転換,0.2829,-0.1563,14.4485,0.5649,0.2085,False,False,False,True,reported,Revenues,0.4531,-0.3608,False,37.6,0.0
PAYS,"PAYSIGN, INC.",USD,2025,3,営業赤字; ROIC; ROIC最低値; 営業利益率,0.12,-0.1666,0.0898,0.2917,8.7539,False,True,False,False,reported,RevenueFromContractWithCustomerExcludingAssessedTax,0.12,-0.1666,False,0.0,0.0
DOCU,"DOCUSIGN, INC.",USD,2026,3,営業赤字; ROIC; ROIC最低値; 営業利益率,0.123,-0.1775,0.0927,0.1118,2.914,False,True,False,False,reported,RevenueFromContractWithCustomerExcludingAssessedTax,,,True,31.4,23.9
BLKB,"Blackbaud, Inc.",USD,2025,3,営業赤字; ROIC; ROIC最低値; FCF転換,0.1261,-0.1784,0.1691,0.0502,,False,True,False,False,reported,RevenueFromContractWithCustomerExcludingAssessedTax,0.1304,-0.189,False,3.3,88.5
TNK,TEEKAY TANKERS LTD.,USD,2025,3,営業赤字; FCFマイナス; ROIC; ROIC最低値,0.1195,-0.1808,0.3248,0.151,0.9617,False,False,False,False,reported,RevenueFromContractWithCustomerExcludingAssessedTax,0.2013,-0.1972,False,40.6,0.1
IDR,"IDAHO STRATEGIC RESOURCES, INC",USD,2025,3,営業赤字; FCFマイナス; ROIC; ROIC最低値,0.1115,-0.2049,0.3679,0.5354,0.8198,False,False,False,False,reported,Revenues,0.1115,-0.2049,False,0.0,0.0
NX,QUANEX BUILDING PRODUCTS CORPORATION,USD,2025,3,営業赤字; ROIC; ROIC最低値; 営業利益率,-0.211,-0.211,-0.1055,0.1442,38.0404,False,True,False,False,reported,Revenues,-0.2357,-0.2357,False,10.5,37.4
BLBD,BLUE BIRD CORPORATION,USD,2025,3,営業赤字; FCFマイナス; ROIC最低値; 営業利益率,0.382,-0.2121,0.1129,0.2129,1.2475,False,False,True,False,reported,RevenueFromContractWithCustomerExcludingAssessedTax,1.1343,-0.2279,False,66.3,5.4
AGMH,AGM GROUP HOLDINGS INC.,USD,2024,3,営業赤字; FCFマイナス; ROIC最低値; FCF転換,0.2149,-0.2168,0.1856,3.9516,-1.6013,False,False,False,False,reported,Revenues,0.227,-0.2643,False,5.4,0.0
HIMS,"HIMS & HERS HEALTH, INC.",USD,2025,3,営業赤字; FCFマイナス; ROIC最低値; 営業利益率,0.1542,-0.2716,0.045,0.7142,9.7989,False,False,False,False,reported,RevenueFromContractWithCustomerExcludingAssessedTax,,,True,106.8,51.5
LVS,LAS VEGAS SANDS CORP,USD,2025,3,営業赤字; FCFマイナス; ROIC最低値; FCF転換,1.4001,-0.2727,0.2165,0.3242,0.5878,False,False,False,False,reported,Revenues,,,True,241.6,0.0
COHN,Cohen   & Co Inc.,USD,2025,3,営業赤字; FCFマイナス; ROIC最低値; FCF転換,0.5589,-0.2916,0.2156,0.1714,-1.6402,False,False,False,False,reported,Revenues,1.7246,-0.4734,False,67.6,0.1
EPM,EVOLUTION PETROLEUM CORP,USD,2025,3,営業赤字; ROIC; ROIC最低値; 営業利益率,0.0459,-0.3002,0.0486,0.2729,2.8835,False,True,False,False,reported,RevenueFromContractWithCustomerExcludingAssessedTax,0.0476,-0.3323,False,3.5,0.0
ZDGE,"ZEDGE, INC.",USD,2025,3,営業赤字; ROIC; ROIC最低値; 営業利益率,-0.0986,-0.3018,-0.1099,0.1071,114.6667,False,True,False,False,reported,Revenues,-0.3501,-0.8557,False,71.8,7.5
ADMA,"ADMA BIOLOGICS, INC.",USD,2025,3,営業赤字; FCFマイナス; ROIC最低値; FCF転換,0.3169,-0.3267,0.3753,0.5845,-0.3187,False,False,False,False,reported,RevenueFromContractWithCustomerExcludingAssessedTax,0.3881,-0.5119,False,18.4,0.7
ABTS,ABITS GROUP INC,USD,2025,3,営業赤字; FCFマイナス; ROIC最低値; FCF転換,0.3733,-0.3448,0.4027,1.54,,False,False,False,False,reported,RevenueFromContractWithCustomerExcludingAssessedTax,0.3773,-0.5578,False,1.1,0.0
IVDN,"INNOVATIVE DESIGNS, INC.",USD,2025,3,営業赤字; FCFマイナス; ROIC最低値; FCF転換,0.192,-0.3462,0.181,0.8711,,False,False,False,False,reported,Revenues,0.192,-0.3462,False,0.0,0.0
CGEN,COMPUGEN LTD,USD,2025,3,営業赤字; FCFマイナス; ROIC最低値; FCF転換,0.2409,-0.3598,0.4305,0.8661,,False,False,False,False,reported,Revenues,8.6833,-0.901,False,97.2,0.0
MATH,METALPHA TECHNOLOGY HOLDING LIMITED,USD,2025,3,営業赤字; FCFマイナス; ROIC最低値; FCF転換,0.3768,-0.3629,0.3913,2.7484,,False,False,False,False,reported,Revenue,0.4648,-1.2436,False,18.9,0.0
BL,"BlackLine, Inc.",USD,2025,3,営業赤字; ROIC; ROIC最低値; 営業利益率,0.0607,-0.3969,0.0365,0.1326,6.2493,False,True,False,False,reported,RevenueFromContractWithCustomerExcludingAssessedTax,,,True,234.2,140.2
RCL,ROYAL CARIBBEAN CRUISES LTD,USD,2025,3,営業赤字; FCFマイナス; ROIC最低値; FCF転換,0.2935,-0.4172,0.2738,0.8497,-1.7712,False,False,False,False,reported,RevenueFromContractWithCustomerExcludingAssessedTax,0.313,-0.6608,False,6.2,6.1
TMDX,"TransMedics Group, Inc.",USD,2025,3,営業赤字; FCFマイナス; ROIC最低値; FCF転換,0.1813,-0.459,0.1793,1.115,-1.6805,False,False,False,False,reported,Revenues,0.1813,-31.7191,False,0.0,0.0
WNC,WABASH NATIONAL CORPORATION,USD,2025,3,営業赤字; FCFマイナス; 売上CAGR; ROIC最低値,0.2998,-0.4801,0.1993,-0.0383,0.9703,False,False,False,False,reported,RevenueFromContractWithCustomerExcludingAssessedTax,0.3121,-0.5979,False,3.9,23.6
EVER,"EverQuote, Inc.",USD,2025,3,営業赤字; FCFマイナス; ROIC最低値; 営業利益率,0.1936,-0.5075,0.0842,0.1342,3.5868,False,False,False,False,reported,RevenueFromContractWithCustomerExcludingAssessedTax,0.6913,-0.956,False,72.0,9.0
PANW,"PALO ALTO NETWORKS, INC",USD,2025,3,営業赤字; ROIC; ROIC最低値; 営業利益率,0.1255,-0.7102,0.1348,0.2132,3.6572,False,True,False,False,reported,RevenueFromContractWithCustomerExcludingAssessedTax,,,True,37.1,58.4
ZIM,ZIM INTEGRATED SHIPPING SERVICES LTD.,USD,2025,3,営業赤字; 売上CAGR; ROIC最低値; 営業利益率,0.1958,-0.7748,0.1472,-0.1043,2.0839,False,True,False,False,reported,RevenueFromContractsWithCustomers,0.2633,-1.2105,False,25.7,0.0
FDCTD,"FDCTECH, INC.",USD,2025,3,営業赤字; FCFマイナス; ROIC最低値; FCF転換,0.2116,-0.8021,0.1736,1.9563,-7.6347,False,False,False,False,reported,RevenueFromContractWithCustomerExcludingAssessedTax,,,True,78.0,0.0
TSNDF,TERRASCEND CORP.,USD,2025,3,営業赤字; FCFマイナス; ROIC最低値; FCF転換,0.3352,-0.8263,0.1613,0.0762,,False,False,False,False,reported,RevenueFromContractWithCustomerExcludingAssessedTax,0.542,-0.9106,False,38.1,110.9
CCLD,"CareCloud, Inc.",USD,2025,3,営業赤字; 売上CAGR; ROIC最低値; 営業利益率,0.1506,-0.8922,0.0941,-0.0361,10.2082,False,True,False,False,reported,RevenueFromContractWithCustomerExcludingAssessedTax,0.1506,-0.8922,False,0.0,52.8
ANAB,"ANAPTYSBIO, INC.",USD,2025,3,営業赤字; FCFマイナス; ROIC最低値; FCF転換,1.0169,-1.4742,0.2042,0.3882,,False,False,False,False,reported,RevenueFromContractWithCustomerExcludingAssessedTax,,,True,837.5,0.0
RIGL,RIGEL PHARMACEUTICALS INC,USD,2025,3,営業赤字; FCFマイナス; ROIC最低値; FCF転換,0.2232,-1.6633,0.4263,0.185,0.1184,False,False,True,False,reported,RevenueFromContractWithCustomerExcludingAssessedTax,,,True,34.9,0.0
NUTX,NUTEX HEALTH INC.,USD,2025,3,営業赤字; FCFマイナス; ROIC最低値; FCF転換,0.5854,-2.4434,0.3149,0.2747,,False,False,False,False,reported,Revenues,1.1683,-3.3045,False,49.9,3.7
AERA,AI ERA CORP,USD,2025,3,営業赤字; FCFマイナス; ROIC最低値; FCF転換,0.4848,-3.154,0.2954,1.7274,,False,False,False,False,reported,Revenues,0.4848,-3.154,False,0.0,0.0
PGY,Pagaya Technologies Ltd.,USD,2025,3,営業赤字; FCFマイナス; ROIC最低値; FCF転換,0.4342,-3.5519,0.2092,0.2969,,False,False,False,False,reported,RevenueFromContractWithCustomerExcludingAssessedTax,,,True,49.0,0.0
NCLH,NORWEGIAN CRUISE LINE HOLDINGS LTD.,USD,2025,3,営業赤字; FCFマイナス; ROIC最低値; FCF転換,0.558,-17.8724,0.1588,0.9734,,False,False,False,True,reported,RevenueFromContractWithCustomerIncludingAssessedTax,,,True,9.5,6.1
MHO,"M/I HOMES, INC.",USD,2025,2,FCFマイナス; 売上CAGR; ROIC; 営業利益率; FCF転換,0.1264,0.1264,0.1147,0.0421,0.4216,True,False,False,False,reported,Revenues,0.1264,0.1264,False,0.0,0.5
TGT,TARGET CORPORATION,USD,2026,2,FCFマイナス; 売上CAGR; ROIC; 営業利益率; FCF転換,0.1323,0.1198,0.0488,-0.0029,0.6785,True,False,False,False,reported,RevenueFromContractWithCustomerExcludingAssessedTax,0.1558,0.1265,False,15.1,2.1
JBHT,"J.B. HUNT TRANSPORT SERVICES, INC.",USD,2025,2,FCFマイナス; 売上CAGR; ROIC; 営業利益率; FCF転換,0.1358,0.1196,0.0721,-0.0035,0.5403,True,False,False,False,reported,RevenueFromContractWithCustomerIncludingAssessedTax,0.1363,0.1206,False,0.3,0.0
OSIS,"OSI SYSTEMS, INC.",USD,2025,2,FCFマイナス; ROIC; ROIC最低値; 営業利益率; FCF転換,0.1208,0.0994,0.127,0.1055,0.3832,True,False,False,False,reported,RevenueFromContractWithCustomerIncludingAssessedTax,0.1305,0.109,False,7.5,27.2
NOBH,"NOBILITY HOMES, INC.",USD,2025,2,FCFマイナス; 売上CAGR; ROIC; ROIC最低値; FCF転換,0.1306,0.0985,0.1906,0.0398,0.5629,True,False,False,False,reported,Revenues,0.167,0.167,False,21.8,0.0
WEYS,"WEYCO GROUP, INC.",USD,2025,2,FCFマイナス; 売上CAGR; ROIC; ROIC最低値; 営業利益率,0.0962,0.0962,0.1056,0.0079,1.0496,True,False,False,False,reported,Revenues,0.1605,0.1119,False,40.1,5.1
COLM,COLUMBIA SPORTSWEAR COMPANY,USD,2025,2,FCFマイナス; 売上CAGR; ROIC; ROIC最低値; 営業利益率,0.0956,0.0956,0.0609,0.021,1.1125,True,False,False,False,reported,RevenueFromContractWithCustomerExcludingAssessedTax,0.1779,0.1779,False,46.2,0.3
LNN,Lindsay Corporation,USD,2025,2,FCFマイナス; 売上CAGR; ROIC; ROIC最低値; 営業利益率,0.1075,0.0941,0.1337,0.0457,0.8201,True,False,False,False,reported,RevenueFromContractWithCustomerExcludingAssessedTax,0.1752,0.139,False,38.7,13.0
ESLT,ELBIT SYSTEMS LTD,USD,2025,2,FCFマイナス; ROIC; ROIC最低値; 営業利益率; FCF転換,0.1254,0.0938,0.0846,0.1074,0.6556,True,False,False,False,reported,Revenues,0.1475,0.1006,False,15.0,35.4
VMI,VALMONT INDUSTRIES INC,USD,2025,2,FCFマイナス; 売上CAGR; ROIC; ROIC最低値; 営業利益率,0.1352,0.0935,0.1013,0.0405,0.9305,True,False,False,False,reported,RevenueFromContractWithCustomerExcludingAssessedTax,0.1465,0.1019,False,7.7,23.5
MOG-A,MOOG Inc.,USD,2025,2,FCFマイナス; ROIC; ROIC最低値; 営業利益率; FCF転換,0.1209,0.0929,0.1165,0.0786,0.4385,True,False,False,False,reported,Revenues,0.1235,0.0971,False,2.1,28.7
NATR,NATURES SUNSHINE PRODUCTS INC,USD,2025,2,FCFマイナス; 売上CAGR; ROIC; ROIC最低値; 営業利益率,0.121,0.0873,0.0515,0.0197,1.2572,True,False,False,False,reported,RevenueFromContractWithCustomerExcludingAssessedTax,0.2889,0.1476,False,58.1,0.0
GOLD,"Gold.com, Inc.",USD,2025,2,FCFマイナス; ROIC; ROIC最低値; 営業利益率; FCF転換,0.0872,0.0872,0.0065,0.0958,0.0251,True,False,False,False,derived,Revenues,0.0872,0.0872,False,0.0,35.2
FND,"Floor & Decor Holdings, Inc.",USD,2025,2,FCFマイナス; ROIC; ROIC最低値; 営業利益率; FCF転換,0.0819,0.0819,0.0577,0.0807,0.0209,True,False,False,False,reported,RevenueFromContractWithCustomerExcludingAssessedTax,0.0819,0.0819,False,0.0,9.9
PLUS,ePlus inc.,USD,2026,2,FCFマイナス; ROIC; ROIC最低値; 営業利益率; FCF転換,0.1228,0.0811,0.068,0.0762,0.6929,True,False,False,False,reported,Revenues,0.1994,0.1355,False,38.4,19.0
NWE,"NORTHWESTERN ENERGY GROUP, INC.",USD,2025,2,FCFマイナス; 売上CAGR; ROIC; ROIC最低値; FCF転換,0.0892,0.078,0.2023,0.0408,-0.797,True,False,False,False,reported,Revenues,0.0895,0.0782,False,0.3,0.0
REZI,"Resideo Technologies, Inc.",USD,2025,2,FCFマイナス; ROIC; ROIC最低値; 営業利益率; FCF転換,0.0786,0.0775,0.0812,0.0633,-0.7253,True,False,False,False,reported,RevenueFromContractWithCustomerExcludingAssessedTax,0.0881,0.0881,False,10.8,50.8
CMC,COMMERCIAL METALS COMPANY,USD,2025,2,売上CAGR; ROIC; ROIC最低値; 営業利益率; FCF転換,0.0755,0.0755,0.0667,0.0375,0.6274,True,True,False,False,derived,RevenueFromContractWithCustomerIncludingAssessedTax,0.0755,0.0755,False,0.0,7.1
GLGI,"GREYSTONE LOGISTICS, INC.",USD,2025,2,FCFマイナス; 売上CAGR; ROIC; ROIC最低値; 営業利益率,0.1101,0.0749,0.0745,-0.0284,0.9847,True,False,False,False,reported,RevenueFromContractWithCustomerExcludingAssessedTax,0.1101,0.0749,False,0.0,0.0
WCC,"WESCO International, Inc.",USD,2025,2,FCFマイナス; ROIC; ROIC最低値; 営業利益率; FCF転換,0.0901,0.0746,0.0524,0.0658,0.3933,True,False,False,False,reported,RevenueFromContractWithCustomerExcludingAssessedTax,0.0901,0.0746,False,0.0,30.9
ZBRA,ZEBRA TECHNOLOGIES CORPORATION,USD,2025,2,FCFマイナス; 売上CAGR; ROIC; ROIC最低値; 営業利益率,0.0908,0.0723,0.1297,-0.0104,1.2257,True,False,False,False,reported,RevenueFromContractWithCustomerExcludingAssessedTax,0.0927,0.0742,False,2.1,77.6
LEGH,Legacy Housing Corporation,USD,2025,2,FCFマイナス; 売上CAGR; ROIC; ROIC最低値; FCF転換,0.0723,0.0723,0.414,-0.0839,0.2995,True,False,False,False,reported,RevenueFromContractWithCustomerExcludingAssessedTax,0.0735,0.0735,False,1.6,0.0
MPAA,"MOTORCAR PARTS OF AMERICA, INC.",USD,2026,2,FCFマイナス; 売上CAGR; ROIC最低値; 営業利益率; FCF転換,0.1955,0.0719,0.0834,0.0498,,True,False,False,False,reported,RevenueFromContractWithCustomerExcludingAssessedTax,0.2086,0.0782,False,6.3,1.2
GTEC,GREENLAND TECHNOLOGIES HOLDING CORPORATI,USD,2025,2,FCFマイナス; 売上CAGR; ROIC; ROIC最低値; 営業利益率,0.0815,0.0716,0.0829,-0.0213,3.2533,True,False,False,False,reported,Revenues,0.146,0.1131,False,44.2,0.0
HCSG,"HEALTHCARE SERVICES GROUP, INC.",USD,2025,2,FCFマイナス; 売上CAGR; ROIC; ROIC最低値; 営業利益率,0.0752,0.0712,0.0264,0.0285,1.0002,True,False,False,False,derived,RevenueFromContractWithCustomerExcludingAssessedTax,0.082,0.0792,False,8.4,15.6
NOC,NORTHROP GRUMMAN CORP /DE/,USD,2025,2,売上CAGR; ROIC; ROIC最低値; 営業利益率; FCF転換,0.1101,0.07,0.1075,0.0414,0.5219,True,True,False,False,reported,Revenues,0.1274,0.0785,False,13.6,53.9
AVAL,GRUPO AVAL ACCIONES Y VALORES S.A.,COP,2024,2,FCFマイナス; 売上CAGR; ROIC; ROIC最低値; 営業利益率,0.0696,0.0696,0.033,0.0485,1.9668,True,False,False,False,derived,Revenue,,,True,97.4,12.7
FSP,Franklin Street Properties Corp.,USD,2025,2,FCFマイナス; 売上CAGR; ROIC; ROIC最低値; FCF転換,0.0686,0.0686,0.4917,-0.1542,,True,False,False,False,derived,Revenues,0.0722,0.0722,False,5.0,0.0
HGBL,HERITAGE GLOBAL INC.,USD,2025,2,FCFマイナス; ROIC; ROIC最低値; 営業利益率; FCF転換,0.0674,0.0674,0.112,0.1857,0.5089,True,False,False,False,reported,RevenueFromContractWithCustomerExcludingAssessedTax,0.0971,0.0971,False,30.6,11.1
LINC,LINCOLN EDUCATIONAL SERVICES CORPORATION,USD,2025,2,FCFマイナス; ROIC; ROIC最低値; 営業利益率; FCF転換,0.1199,0.0673,0.0585,0.115,-0.5639,True,False,False,False,reported,RevenueFromContractWithCustomerExcludingAssessedTax,0.1399,0.1008,False,14.3,5.4
CARR,CARRIER GLOBAL CORPORATION,USD,2025,2,売上CAGR; ROIC; ROIC最低値; 営業利益率; FCF転換,0.067,0.067,0.0999,0.0135,0.5458,True,True,False,False,reported,RevenueFromContractWithCustomerExcludingAssessedTax,0.0714,0.0714,False,6.1,60.5
WMK,"WEIS MARKETS, INC",USD,2025,2,売上CAGR; ROIC; ROIC最低値; 営業利益率; FCF転換,0.0664,0.0664,0.0229,0.0408,0.5617,True,True,False,False,reported,RevenueFromContractWithCustomerExcludingAssessedTax,0.0789,0.0789,False,15.8,4.9
DRS,"Leonardo DRS, Inc.",USD,2025,2,FCFマイナス; ROIC; ROIC最低値; 営業利益率; FCF転換,0.0886,0.0654,0.0954,0.061,0.5287,True,False,False,False,reported,RevenueFromContractWithCustomerExcludingAssessedTax,0.1119,0.0786,False,20.8,39.9
ESCA,"ESCALADE, INCORPORATED",USD,2025,2,FCFマイナス; 売上CAGR; ROIC; ROIC最低値; 営業利益率,0.0772,0.0653,0.078,-0.0645,1.3485,True,False,False,False,reported,RevenueFromContractWithCustomerExcludingAssessedTax,0.0772,0.0653,False,0.0,22.1
FOR,FORESTAR GROUP INC.,USD,2025,2,FCFマイナス; ROIC; ROIC最低値; 営業利益率; FCF転換,0.0643,0.0643,0.1258,0.0582,-0.2384,True,False,False,False,derived,Revenues,0.0754,0.0754,False,14.8,0.0
ARKO,ARKO Corp.,USD,2025,2,FCFマイナス; 売上CAGR; ROIC; ROIC最低値; 営業利益率,0.0685,0.0642,0.0134,0.0075,1.1576,True,False,False,False,reported,RevenueFromContractWithCustomerIncludingAssessedTax,0.0931,0.0834,False,26.4,25.4
CWH,"CAMPING WORLD HOLDINGS, INC.",USD,2025,2,FCFマイナス; 売上CAGR; ROIC; ROIC最低値; 営業利益率,0.0837,0.0637,0.0283,-0.0203,0.9014,True,False,False,False,reported,RevenueFromContractWithCustomerExcludingAssessedTax,0.0959,0.0718,False,12.6,44.1
CZR,"CAESARS ENTERTAINMENT, INC.",USD,2025,2,FCFマイナス; 売上CAGR; ROIC; ROIC最低値; FCF転換,0.096,0.0631,0.1618,0.0467,,True,False,False,False,reported,RevenueFromContractWithCustomerExcludingAssessedTax,0.1019,0.0671,False,5.8,68.3
GEO,"The GEO Group, Inc.",USD,2025,2,FCFマイナス; 売上CAGR; ROIC; ROIC最低値; 営業利益率,0.0644,0.0629,0.0978,0.0392,1.0182,True,False,False,False,reported,RevenueFromContractWithCustomerExcludingAssessedTax,0.0659,0.0659,False,2.2,24.0
AMKR,"AMKOR TECHNOLOGY, INC.",USD,2025,2,売上CAGR; ROIC; ROIC最低値; 営業利益率; FCF転換,0.0624,0.0624,0.0697,0.0224,0.6363,True,True,False,False,reported,RevenueFromContractWithCustomerExcludingAssessedTax,0.0941,0.0941,False,33.7,0.3
UTL,UNITIL CORPORATION,USD,2025,2,FCFマイナス; 売上CAGR; ROIC; ROIC最低値; FCF転換,0.0625,0.0619,0.1888,0.0316,-0.7427,True,False,False,False,reported,RevenueFromContractWithCustomerExcludingAssessedTax,0.0632,0.0623,False,1.2,0.0
TNC,TENNANT CO,USD,2025,2,FCFマイナス; 売上CAGR; ROIC; ROIC最低値; 営業利益率,0.0616,0.0616,0.0568,0.0249,0.7539,True,False,False,False,reported,RevenueFromContractWithCustomerExcludingAssessedTax,0.0616,0.0616,False,0.0,23.8
RCKY,"ROCKY BRANDS, INC.",USD,2025,2,FCFマイナス; 売上CAGR; ROIC; ROIC最低値; 営業利益率,0.0784,0.0607,0.0772,-0.0161,0.7516,True,False,False,False,reported,RevenueFromContractWithCustomerIncludingAssessedTax,0.079,0.0615,False,0.8,12.8
GNRC,GENERAC HOLDINGS INC.,USD,2025,2,FCFマイナス; 売上CAGR; ROIC; ROIC最低値; 営業利益率,0.0595,0.0595,0.0687,0.0302,0.9265,True,False,False,False,reported,RevenueFromContractWithCustomerExcludingAssessedTax,0.0653,0.0653,False,8.9,38.2
ENS,ENERSYS,USD,2026,2,FCFマイナス; 売上CAGR; ROIC; ROIC最低値; 営業利益率,0.1118,0.0585,0.1137,0.0281,0.8257,True,False,False,False,reported,RevenueFromContractWithCustomerIncludingAssessedTax,0.1308,0.0683,False,14.6,25.0
DOW,DOW INC.,USD,2025,2,FCFマイナス; 売上CAGR; ROIC; ROIC最低値; 営業利益率,0.0563,0.0563,0.0285,-0.0766,1.1974,True,False,False,False,derived,Revenues,0.0739,0.0739,False,23.8,49.8
SCSC,"ScanSource, Inc.",USD,2025,2,FCFマイナス; 売上CAGR; ROIC; ROIC最低値; 営業利益率,0.0646,0.0556,0.028,-0.0088,1.197,True,False,False,False,reported,RevenueFromContractWithCustomerExcludingAssessedTax,0.0734,0.0598,False,12.1,22.1
BDL,"FLANIGAN’S ENTERPRISES, INC.",USD,2025,2,FCFマイナス; ROIC; ROIC最低値; 営業利益率; FCF転換,0.0805,0.0555,0.0426,0.1057,0.5629,True,False,False,False,reported,Revenues,0.0805,0.0555,False,0.0,0.0
SMP,"STANDARD MOTOR PRODUCTS, INC.",USD,2025,2,FCFマイナス; ROIC; ROIC最低値; 営業利益率; FCF転換,0.0828,0.0541,0.0762,0.0837,0.6889,True,False,False,False,reported,RevenueFromContractWithCustomerExcludingAssessedTax,0.0828,0.0541,False,0.0,19.7
CENT,Central Garden & Pet Company,USD,2025,2,FCFマイナス; 売上CAGR; ROIC; ROIC最低値; 営業利益率,0.0712,0.0533,0.0799,-0.0135,1.4161,True,False,False,False,reported,RevenueFromContractWithCustomerExcludingAssessedTax,0.1044,0.0735,False,31.8,20.0
AMRC,"Ameresco, Inc.",USD,2024,2,FCFマイナス; ROIC; ROIC最低値; 営業利益率; FCF転換,0.0739,0.0531,0.0614,0.1443,-1.7361,True,False,False,False,reported,RevenueFromContractWithCustomerExcludingAssessedTax,0.0815,0.0567,False,9.3,5.7
UNF,UNIFIRST CORPORATION,USD,2025,2,FCFマイナス; ROIC; ROIC最低値; 営業利益率; FCF転換,0.0672,0.0527,0.0759,0.0743,0.58,True,False,False,False,reported,RevenueFromContractWithCustomerExcludingAssessedTax,0.0744,0.0551,False,9.6,30.3
DAL,"DELTA AIR LINES, INC.",USD,2025,2,FCFマイナス; ROIC; ROIC最低値; 営業利益率; FCF転換,0.1346,0.0514,0.0919,0.2066,0.5374,True,False,False,False,reported,RevenueFromContractWithCustomerExcludingAssessedTax,0.1541,0.0844,False,12.6,28.6
HVT,"Haverty Furniture Companies, Inc.",USD,2025,2,売上CAGR; ROIC; ROIC最低値; 営業利益率; FCF転換,0.0543,0.051,0.0279,-0.0696,0.6867,True,True,False,False,derived,RevenueFromContractWithCustomerExcludingAssessedTax,0.0916,0.0837,False,40.7,0.0
OGE,OGE ENERGY CORP.,USD,2025,2,FCFマイナス; 売上CAGR; ROIC; ROIC最低値; FCF転換,0.061,0.0503,0.2505,-0.0289,-0.4569,True,False,False,False,reported,RevenueFromContractWithCustomerExcludingAssessedTax,0.061,0.0503,False,0.0,0.0
NOAH,Noah Holdings Ltd,CNY,2025,2,FCFマイナス; 売上CAGR; ROIC; ROIC最低値; FCF転換,0.0624,0.0503,0.2975,-0.117,0.4911,True,False,False,False,reported,RevenueFromContractWithCustomerExcludingAssessedTax,0.1276,0.1033,False,51.1,0.0
NPK,NATIONAL PRESTO INDUSTRIES INC,USD,2025,2,FCFマイナス; ROIC; ROIC最低値; 営業利益率; FCF転換,0.0805,0.0502,0.0799,0.0907,-0.0902,True,False,False,False,reported,Revenues,0.0812,0.0692,False,1.0,4.9
SR,Spire Inc.,USD,2025,2,FCFマイナス; 売上CAGR; ROIC; ROIC最低値; FCF転換,0.0571,0.0499,0.2116,0.0259,-1.1259,True,False,False,False,reported,RevenueFromContractWithCustomerExcludingAssessedTax,0.0572,0.0499,False,0.1,16.2
PTLO,PORTILLO'S INC.,USD,2025,2,FCFマイナス; ROIC; ROIC最低値; 営業利益率; FCF転換,0.0485,0.0483,0.0597,0.0816,-0.1097,True,False,False,False,reported,RevenueFromContractWithCustomerExcludingAssessedTax,0.0485,0.0483,False,0.0,55.4
INGR,INGREDION INCORPORATED,USD,2025,2,FCFマイナス; 売上CAGR; ROIC; ROIC最低値; 営業利益率,0.1324,0.0476,0.1407,0.0116,0.89,True,False,False,False,reported,RevenueFromContractWithCustomerExcludingAssessedTax,0.1594,0.0508,False,17.0,15.2
AIR,AAR CORP,USD,2025,2,FCFマイナス; ROIC; ROIC最低値; 営業利益率; FCF転換,0.0652,0.0473,0.0647,0.139,0.6106,True,False,False,False,derived,RevenueFromContractWithCustomerIncludingAssessedTax,0.0683,0.0492,False,4.4,24.4
EVRG,"EVERGY, INC.",USD,2025,2,FCFマイナス; 売上CAGR; ROIC; ROIC最低値; FCF転換,0.0513,0.0471,0.2687,0.0172,-0.5971,True,False,False,False,reported,RevenueFromContractWithCustomerExcludingAssessedTax,0.0513,0.0471,False,0.1,9.9
BKH,BLACK HILLS CORP /SD/,USD,2025,2,FCFマイナス; 売上CAGR; ROIC; ROIC最低値; FCF転換,0.0498,0.0468,0.2351,0.0431,-0.4116,True,False,False,False,reported,RevenueFromContractWithCustomerExcludingAssessedTax,0.0509,0.0468,False,2.1,15.2
REX,REX AMERICAN RESOURCES CORPORATION,USD,2026,2,FCFマイナス; 売上CAGR; ROIC; ROIC最低値; 営業利益率,0.1201,0.0455,0.1427,-0.0428,0.9158,True,False,False,False,derived,Revenues,0.3121,0.1219,False,61.5,0.0
OPY,OPPENHEIMER HOLDINGS INC.,USD,2025,2,FCFマイナス; 売上CAGR; ROIC最低値; 営業利益率; FCF転換,0.1696,0.0453,0.1483,0.0194,0.6843,True,False,False,False,reported,RevenueFromContractWithCustomerExcludingAssessedTax,0.1765,0.0486,False,3.9,14.6
IIIN,Insteel Industries Inc.,USD,2025,2,FCFマイナス; 売上CAGR; ROIC; ROIC最低値; 営業利益率,0.1157,0.0451,0.084,0.0233,0.7443,True,False,False,False,derived,RevenueFromContractWithCustomerExcludingAssessedTax,0.1292,0.0662,False,10.4,10.2
NWPX,"NWPX Infrastructure, Inc.",USD,2025,2,FCFマイナス; ROIC; ROIC最低値; 営業利益率; FCF転換,0.101,0.0447,0.0967,0.1208,0.6911,True,False,False,False,reported,RevenueFromContractWithCustomerIncludingAssessedTax,0.1016,0.0452,False,0.6,14.0
LCII,LCI INDUSTRIES,USD,2025,2,FCFマイナス; 売上CAGR; ROIC; ROIC最低値; 営業利益率,0.0959,0.0443,0.0679,-0.0202,1.2366,True,False,False,False,reported,Revenues,0.1061,0.0456,False,9.7,27.0
IMKTA,"INGLES MARKETS, INCORPORATED",USD,2025,2,売上CAGR; ROIC; ROIC最低値; 営業利益率; FCF転換,0.0436,0.0436,0.022,0.0169,0.6176,True,True,False,False,reported,Revenues,0.0436,0.0436,False,0.0,0.0
ACMR,"ACM Research, Inc.",USD,2025,2,FCFマイナス; ROIC; ROIC最低値; 営業利益率; FCF転換,0.0515,0.0436,0.1214,0.3648,-0.9554,True,False,False,False,reported,RevenueFromContractWithCustomerExcludingAssessedTax,0.0976,0.0976,False,47.2,0.0
SIMO,Silicon Motion Technology Corporation,USD,2025,2,売上CAGR; ROIC; ROIC最低値; 営業利益率; FCF転換,0.0885,0.0429,0.1051,-0.01,0.5316,True,True,False,False,reported,RevenueFromContractWithCustomerExcludingAssessedTax,0.1169,0.0749,False,24.3,0.0
CNP,CENTERPOINT ENERGY INC,USD,2025,2,FCFマイナス; 売上CAGR; ROIC; ROIC最低値; FCF転換,0.0488,0.0422,0.226,0.0312,-1.9948,True,False,False,False,reported,RevenueFromContractWithCustomerExcludingAssessedTax,0.0496,0.0451,False,1.6,10.4
PLAY,"Dave & Buster’s Entertainment, Inc.",USD,2026,2,FCFマイナス; ROIC; ROIC最低値; 営業利益率; FCF転換,0.0422,0.0422,0.0409,0.1269,0.3053,True,False,False,False,reported,RevenueFromContractWithCustomerExcludingAssessedTax,0.0426,0.0426,False,1.0,46.0
PKOH,Park-Ohio Holdings Corp,USD,2025,2,FCFマイナス; ROIC; ROIC最低値; 営業利益率; FCF転換,0.1346,0.0402,0.0415,0.0578,-2.3443,True,False,False,False,reported,RevenueFromContractWithCustomerExcludingAssessedTax,0.1521,0.0484,False,11.5,29.8
ELTK,ELTEK LTD.,USD,2025,2,FCFマイナス; ROIC; ROIC最低値; 営業利益率; FCF転換,0.0397,0.0397,0.0453,0.1124,0.0204,True,False,False,False,reported,Revenues,0.0419,0.0419,False,5.3,0.0
LWAY,"LIFEWAY FOODS, INC.",USD,2025,2,FCFマイナス; ROIC; ROIC最低値; 営業利益率; FCF転換,0.1489,0.039,0.0761,0.1558,0.1721,True,False,False,False,reported,RevenueFromContractWithCustomerExcludingAssessedTax,0.1592,0.043,False,6.5,13.6
ETR,ENTERGY CORP /DE/,USD,2025,2,FCFマイナス; 売上CAGR; ROIC; ROIC最低値; FCF転換,0.0536,0.0389,0.2473,0.0247,-1.2542,True,False,False,False,reported,Revenues+RevenueFromContractWithCustomerExcludingAssessedTax,0.0559,0.0393,False,4.1,0.8
TX,TERNIUM S.A.,USD,2025,2,FCFマイナス; 売上CAGR; ROIC; ROIC最低値; 営業利益率,0.0388,0.0388,0.0452,-0.0076,0.808,True,False,False,False,reported,Revenue,0.0496,0.0496,False,21.8,0.0
SHIP,SEANERGY MARITIME HOLDINGS CORP.,USD,2025,2,FCFマイナス; 売上CAGR; ROIC; ROIC最低値; FCF転換,0.0599,0.0384,0.2741,0.0081,-0.7711,True,False,False,False,reported,Revenues,0.0654,0.0402,False,8.4,0.0
FTCO,Fortitude Gold Corporation,USD,2025,2,FCFマイナス; 売上CAGR; ROIC; ROIC最低値; FCF転換,0.0382,0.0382,0.2739,-0.3119,0.6095,True,False,False,False,derived,RevenueFromContractWithCustomerExcludingAssessedTax,0.0399,0.0399,False,4.5,0.0
SFWL,Shengfeng Development Limited,USD,2025,2,FCFマイナス; ROIC; ROIC最低値; 営業利益率; FCF転換,0.0517,0.037,0.0295,0.1336,-0.382,True,False,False,False,reported,Revenues,0.0626,0.037,False,17.3,0.0
SGC,"SUPERIOR GROUP OF COMPANIES, INC.",USD,2025,2,FCFマイナス; 売上CAGR; ROIC; ROIC最低値; 営業利益率,0.0369,0.0369,0.0236,0.0133,4.1386,True,False,False,False,derived,RevenueFromContractWithCustomerExcludingAssessedTax,0.0403,0.0403,False,8.3,0.9
CYD,China Yuchai International Limited,CNY,2024,2,FCFマイナス; 売上CAGR; ROIC; ROIC最低値; 営業利益率,0.0404,0.0361,0.0312,-0.0181,0.9827,True,False,False,False,reported,Revenue,0.0819,0.0595,False,50.7,0.0
KSS,KOHL'S CORP,USD,2026,2,FCFマイナス; 売上CAGR; ROIC; ROIC最低値; 営業利益率,0.0899,0.036,0.0402,-0.0546,1.7953,True,False,False,False,reported,RevenueFromContractWithCustomerExcludingAssessedTax,0.1025,0.037,False,12.3,0.0
CXXIF,C21 Investments Inc.,USD,2026,2,売上CAGR; ROIC; ROIC最低値; 営業利益率; FCF転換,0.0708,0.0353,0.0699,-0.0028,,True,True,False,False,reported,Revenues,0.0708,0.0353,False,0.0,112.2
AVNT,AVIENT CORPORATION,USD,2025,2,売上CAGR; ROIC; ROIC最低値; 営業利益率; FCF転換,0.0374,0.0353,0.0624,-0.0042,0.6647,True,True,False,False,reported,RevenueFromContractWithCustomerExcludingAssessedTax,0.0374,0.0353,False,0.0,40.9
NUVR,"NUVERA COMMUNICATIONS, INC.",USD,2025,2,FCFマイナス; 売上CAGR; ROIC; ROIC最低値; FCF転換,0.033,0.033,0.1846,0.0014,-7.8363,True,False,False,False,reported,RevenueFromContractWithCustomerExcludingAssessedTax,0.033,0.033,False,0.0,15.0
CWK,CUSHMAN & WAKEFIELD LTD.,USD,2025,2,FCFマイナス; 売上CAGR; ROIC; ROIC最低値; 営業利益率,0.0761,0.033,0.044,0.0231,1.6738,True,False,False,False,reported,RevenueFromContractWithCustomerExcludingAssessedTax,0.0913,0.0391,False,16.7,43.8
MOV,"MOVADO GROUP, INC.",USD,2026,2,FCFマイナス; 売上CAGR; ROIC; ROIC最低値; 営業利益率,0.0463,0.0329,0.0444,-0.0215,1.0677,True,False,False,False,reported,RevenueFromContractWithCustomerExcludingAssessedTax,0.0847,0.058,False,45.3,0.0
SIFY,SIFY TECHNOLOGIES LTD,INR,2025,2,FCFマイナス; ROIC; ROIC最低値; 営業利益率; FCF転換,0.0321,0.0321,0.0566,0.1317,-3.9962,True,False,False,False,reported,Revenue,0.0353,0.0353,False,9.0,0.0
MAN,ManpowerGroup Inc.,USD,2025,2,FCFマイナス; 売上CAGR; ROIC; ROIC最低値; 営業利益率,0.032,0.032,0.0084,-0.0352,1.3258,True,False,False,False,reported,RevenueFromContractWithCustomerExcludingAssessedTax,0.0419,0.0419,False,23.5,41.7
AVNW,"AVIAT NETWORKS, INC.",USD,2025,2,FCFマイナス; ROIC; ROIC最低値; 営業利益率; FCF転換,0.0296,0.0296,0.0243,0.1213,0.1894,True,False,False,False,reported,RevenueFromContractWithCustomerIncludingAssessedTax,0.0376,0.0376,False,21.2,0.0
WILC,G WILLI FOOD INTERNATIONAL LTD,ILS,2025,2,FCFマイナス; ROIC; ROIC最低値; 営業利益率; FCF転換,0.0898,0.0291,0.1219,0.0768,0.288,True,False,False,False,reported,Revenue,0.1107,0.0388,False,19.0,0.0
NHC,NATIONAL HEALTHCARE CORP,USD,2025,2,FCFマイナス; ROIC; ROIC最低値; 営業利益率; FCF転換,0.0949,0.0288,0.0846,0.0902,0.6963,True,False,False,False,reported,Revenues,0.1039,0.0309,False,8.7,16.0
VHI,"VALHI, INC.",USD,2025,2,FCFマイナス; 売上CAGR; ROIC; ROIC最低値; 営業利益率,0.0489,0.0284,0.0305,-0.0248,0.978,True,False,False,False,reported,RevenueFromContractWithCustomerExcludingAssessedTax,0.062,0.0554,False,21.2,37.4
NTIC,NORTHERN TECHNOLOGIES INTERNATIONAL CORP,USD,2025,2,FCFマイナス; ROIC; ROIC最低値; 営業利益率; FCF転換,0.0281,0.0281,0.0305,0.105,0.1998,True,False,False,False,reported,Revenues,0.0313,0.0313,False,10.0,6.6
BV,"BrightView Holdings, Inc.",USD,2025,2,FCFマイナス; 売上CAGR; ROIC; ROIC最低値; 営業利益率,0.051,0.0273,0.0504,0.0115,1.7726,True,False,False,False,reported,RevenueFromContractWithCustomerIncludingAssessedTax,0.0529,0.0275,False,3.6,96.8
MDU,"MDU RESOURCES GROUP, INC.",USD,2025,2,FCFマイナス; 売上CAGR; ROIC; ROIC最低値; FCF転換,0.0421,0.0267,0.1559,-0.1398,-0.2396,True,False,False,False,reported,RevenueFromContractWithCustomerExcludingAssessedTax,0.0423,0.027,False,0.5,6.3
GETY,"GETTY IMAGES HOLDINGS, INC.",USD,2025,2,売上CAGR; ROIC; ROIC最低値; 営業利益率; FCF転換,0.0263,0.0263,0.0855,0.0166,,True,True,True,False,reported,RevenueFromContractWithCustomerExcludingAssessedTax,0.0273,0.0273,False,3.6,60.2
BOSC,BOS BETTER ONLINE SOLUTIONS LTD,USD,2025,2,FCFマイナス; ROIC; ROIC最低値; 営業利益率; FCF転換,0.0754,0.0259,0.0575,0.1073,0.5541,True,False,False,False,reported,Revenues,0.1233,0.0294,False,38.8,9.8
PVH,PVH Corp.,USD,2026,2,FCFマイナス; 売上CAGR; ROIC; ROIC最低値; 営業利益率,0.0257,0.0257,0.0258,-0.0056,0.9826,True,False,False,False,reported,Revenues,0.0285,0.0285,False,9.9,28.5
GWRS,"Global Water Resources, Inc.",USD,2025,2,FCFマイナス; ROIC; ROIC最低値; 営業利益率; FCF転換,0.0257,0.0257,0.1283,0.074,-2.4426,True,False,False,False,reported,RevenueFromContractWithCustomerExcludingAssessedTax,0.0261,0.0261,False,1.9,3.0
FWRG,"First Watch Restaurant Group, Inc.",USD,2025,2,FCFマイナス; ROIC; ROIC最低値; 営業利益率; FCF転換,0.0347,0.0255,0.0225,0.1941,-0.0416,True,False,False,False,reported,RevenueFromContractWithCustomerExcludingAssessedTax,0.0359,0.0282,False,3.4,67.1
AQN,Algonquin Power & Utilities Corp.,USD,2025,2,FCFマイナス; 売上CAGR; ROIC; ROIC最低値; FCF転換,0.0357,0.0249,0.2074,0.0171,,True,False,False,False,reported,RevenueFromContractWithCustomerExcludingAssessedTax,0.0358,0.0251,False,0.3,11.8
DSWL,"DESWELL INDUSTRIES, INC.",USD,2025,2,FCFマイナス; 売上CAGR; ROIC; ROIC最低値; 営業利益率,0.0256,0.024,0.049,0.0103,1.0515,True,False,False,False,reported,Revenues,0.0536,0.0413,False,52.2,0.0
DRVN,DRIVEN BRANDS HOLDINGS INC.,USD,2025,2,FCFマイナス; ROIC; ROIC最低値; 営業利益率; FCF転換,0.0624,0.0236,0.1241,0.0614,-3.0371,True,False,False,False,reported,RevenueFromContractWithCustomerExcludingAssessedTax,0.0647,0.0245,False,3.5,41.6
SRL,Scully Royalty Ltd.,CAD,2024,2,FCFマイナス; 売上CAGR; ROIC; ROIC最低値; FCF転換,0.0232,0.0232,0.2823,-0.1221,,True,False,False,False,derived,Revenue,0.0274,0.0274,False,15.3,0.0
DSGR,"DISTRIBUTION SOLUTIONS GROUP, INC.",USD,2025,2,FCFマイナス; ROIC; ROIC最低値; 営業利益率; FCF転換,0.0458,0.0229,0.0395,0.3967,,True,False,False,False,reported,RevenueFromContractWithCustomerExcludingAssessedTax+Revenues,0.048,0.0238,False,4.6,34.7
HLIT,HARMONIC INC.,USD,2025,2,FCFマイナス; 売上CAGR; ROIC; ROIC最低値; 営業利益率,0.0225,0.0225,0.0391,-0.0818,1.0398,True,False,False,False,reported,RevenueFromContractWithCustomerExcludingAssessedTax,0.03,0.03,False,25.1,12.3
UHAL,U-HAUL HOLDING COMPANY,USD,2026,2,FCFマイナス; 売上CAGR; ROIC; ROIC最低値; FCF転換,0.0217,0.0217,0.5682,0.0215,-1.9447,True,False,False,False,reported,RevenueFromContractWithCustomerExcludingAssessedTax,0.0234,0.0234,False,7.1,0.0
PCG,PG&E CORP,USD,2025,2,FCFマイナス; 売上CAGR; ROIC; ROIC最低値; FCF転換,0.0413,0.0199,0.1905,0.0484,-2404751.3321,True,False,False,False,reported,Revenues,0.0417,0.0201,False,0.8,0.0
LOVE,THE LOVESAC COMPANY,USD,2026,2,FCFマイナス; ROIC; ROIC最低値; 営業利益率; FCF転換,0.0194,0.0194,0.0077,0.0876,0.5564,True,False,False,False,reported,RevenueFromContractWithCustomerExcludingAssessedTax,0.0363,0.0363,False,46.6,0.1
CCO,"CLEAR CHANNEL OUTDOOR HOLDINGS, INC.",USD,2025,2,FCFマイナス; 売上CAGR; ROIC; ROIC最低値; FCF転換,0.1436,0.0193,0.1936,-0.0241,,True,False,True,False,reported,Revenues,0.1616,0.0232,False,11.1,29.7
STKS,"ONE GROUP HOSPITALITY, INC.",USD,2025,2,FCFマイナス; ROIC; ROIC最低値; 営業利益率; FCF転換,0.0236,0.0185,0.0099,0.3057,,True,False,True,False,reported,Revenues,0.024,0.0199,False,1.6,0.0
FRD,FRIEDMAN INDUSTRIES INC,USD,2025,2,FCFマイナス; ROIC; ROIC最低値; 営業利益率; FCF転換,0.0182,0.0182,0.0068,0.3703,0.2928,True,False,False,False,reported,RevenueFromContractWithCustomerIncludingAssessedTax,0.0187,0.0187,False,2.8,0.0
LUV,SOUTHWEST AIRLINES CO.,USD,2025,2,FCFマイナス; ROIC; ROIC最低値; 営業利益率; FCF転換,0.0424,0.0168,0.0153,0.1546,-0.3796,True,False,False,False,reported,RevenueFromContractWithCustomerExcludingAssessedTax,,,True,40.5,12.2
PKX,POSCO HOLDINGS INC.,KRW,2024,2,FCFマイナス; ROIC; ROIC最低値; 営業利益率; FCF転換,0.0163,0.0163,0.0198,0.0633,0.5935,True,False,False,False,reported,Revenue,0.0181,0.0181,False,9.6,0.5
TKLF,"Tokyo Lifestyle Co., Ltd.",USD,2026,2,FCFマイナス; ROIC; ROIC最低値; 営業利益率; FCF転換,0.0468,0.0154,0.0086,0.1229,-4.4761,True,False,False,False,reported,Revenues,0.0468,0.0154,False,0.0,0.0
SWK,"STANLEY BLACK & DECKER, INC.",USD,2026,2,FCFマイナス; 売上CAGR; ROIC; ROIC最低値; 営業利益率,0.0526,0.015,0.0629,0.0437,0.7374,True,False,False,False,derived,Revenues,0.0536,0.0155,False,2.0,50.9
TWI,"TITAN INTERNATIONAL, INC.",USD,2025,2,FCFマイナス; 売上CAGR; ROIC; ROIC最低値; 営業利益率,0.0149,0.0149,0.0114,0.0067,1.03,True,False,False,False,reported,RevenueFromContractWithCustomerExcludingAssessedTax,0.0149,0.0149,False,0.0,0.0
HLLY,HOLLEY INC.,USD,2025,2,FCFマイナス; 売上CAGR; ROIC; ROIC最低値; 営業利益率,0.0671,0.0119,0.1344,-0.0299,2.6107,True,False,False,False,reported,RevenueFromContractWithCustomerExcludingAssessedTax,0.0697,0.0126,False,3.8,38.3
AMBP,ARDAGH METAL PACKAGING S.A.,USD,2025,2,FCFマイナス; ROIC; ROIC最低値; 営業利益率; FCF転換,0.0533,0.0119,0.0444,0.079,,True,False,True,False,reported,RevenueFromContractsWithCustomers,0.0533,0.0119,False,0.0,28.6
CHEF,"CHEFS’ WAREHOUSE, INC.",USD,2025,2,FCFマイナス; ROIC; ROIC最低値; 営業利益率; FCF転換,0.0847,0.0114,0.035,0.2417,0.6161,True,False,False,False,reported,RevenueFromContractWithCustomerExcludingAssessedTax,0.0931,0.0135,False,8.9,26.8
EXK,ENDEAVOUR SILVER CORP.,USD,2025,2,FCFマイナス; ROIC; ROIC最低値; 営業利益率; FCF転換,0.0477,0.0108,0.0764,0.2968,,True,False,False,False,reported,Revenue,0.0751,0.0132,False,36.6,0.0
ASTE,"Astec Industries, Inc.",USD,2025,2,FCFマイナス; ROIC; ROIC最低値; 営業利益率; FCF転換,0.0512,0.0084,0.0467,0.0652,-1.1961,True,False,False,False,reported,RevenueFromContractWithCustomerExcludingAssessedTax,0.0552,0.0093,False,7.3,11.0
BLCO,Bausch & Lomb Corp,USD,2025,2,FCFマイナス; ROIC; ROIC最低値; 営業利益率; FCF転換,0.0078,0.0078,0.0222,0.0789,,True,False,False,False,reported,RevenueFromContractWithCustomerExcludingAssessedTax,0.008,0.008,False,3.3,41.4
AORT,"ARTIVION, INC.",USD,2025,2,FCFマイナス; ROIC; ROIC最低値; 営業利益率; FCF転換,0.0402,0.0077,0.0765,0.1024,,True,False,False,False,reported,RevenueFromContractWithCustomerExcludingAssessedTax,0.0445,0.0086,False,9.8,38.3
DJCO,DAILY JOURNAL CORPORATION,USD,2025,2,FCFマイナス; ROIC; ROIC最低値; 営業利益率; FCF転換,0.0192,0.0067,0.1086,0.1513,0.0862,True,False,False,False,reported,RevenueFromContractWithCustomerIncludingAssessedTax,,,True,131.3,0.0
SAM,"THE BOSTON BEER COMPANY, INC.",USD,2025,2,FCFマイナス; 売上CAGR; ROIC; ROIC最低値; 営業利益率,0.1352,0.0064,0.0737,-0.0114,1.8551,True,False,False,False,reported,Revenues,0.1837,0.0066,False,26.4,13.3
SIEB,Siebert Financial Corp.,USD,2025,2,FCFマイナス; ROIC; ROIC最低値; 営業利益率; FCF転換,0.0467,0.0062,0.0591,0.0869,-0.1822,True,False,False,False,reported,Revenues,0.0613,0.0108,False,23.8,2.5
CHSCP,CHS Inc.,USD,2025,2,FCFマイナス; 売上CAGR; ROIC; ROIC最低値; 営業利益率,0.0056,0.0056,0.0026,-0.02,0.8782,True,False,False,False,reported,RevenueFromContractWithCustomerExcludingAssessedTax,0.0057,0.0057,False,2.5,1.9
BIO,"Bio-Rad Laboratories, Inc.",USD,2025,2,売上CAGR; ROIC; ROIC最低値; 営業利益率; FCF転換,0.0043,0.0043,0.0183,-0.0304,,True,True,False,False,reported,RevenueFromContractWithCustomerExcludingAssessedTax,0.0052,0.0052,False,17.8,6.7
CVEO,Civeo Corp,USD,2025,2,売上CAGR; ROIC; ROIC最低値; 営業利益率; FCF転換,0.0091,0.0038,0.0064,0.0182,,True,True,False,False,reported,RevenueFromContractWithCustomerExcludingAssessedTax,0.0095,0.0038,False,4.0,2.1
GENC,"GENCOR INDUSTRIES, INC.",USD,2025,2,FCFマイナス; ROIC; ROIC最低値; 営業利益率; FCF転換,0.0523,0.0033,0.1214,0.0786,0.0897,True,False,False,False,reported,RevenueFromContractWithCustomerIncludingAssessedTax,0.1467,0.0113,False,64.4,0.0
KALU,KAISER ALUMINUM CORP,USD,2025,2,FCFマイナス; ROIC; ROIC最低値; 営業利益率; FCF転換,0.0791,0.0019,0.056,0.065,-0.9791,True,False,False,False,reported,RevenueFromContractWithCustomerExcludingAssessedTax,0.0794,0.002,False,0.4,1.0
MTUS,METALLUS INC.,USD,2025,2,FCFマイナス; 売上CAGR; ROIC; ROIC最低値; 営業利益率,0.0013,0.0013,0.0009,-0.0252,0.8141,True,False,False,False,derived,RevenueFromContractWithCustomerExcludingAssessedTax,0.0016,0.0016,False,22.8,0.0
HROW,"Harrow, Inc.",USD,2025,2,FCFマイナス; ROIC; ROIC最低値; 営業利益率; FCF転換,0.0797,0.0011,0.1121,0.3922,,True,False,False,False,reported,RevenueFromContractWithCustomerExcludingAssessedTax,0.105,0.0015,False,24.1,0.1
KEN,KENON HOLDINGS LTD.,USD,2025,2,FCFマイナス; ROIC; ROIC最低値; 営業利益率; FCF転換,0.0152,0.0008,0.0715,0.1563,0.3157,True,False,False,False,reported,Revenue,0.028,0.001,False,45.6,0.0
BHR,BRAEMAR HOTELS & RESORTS INC.,USD,2025,2,FCFマイナス; ROIC; ROIC最低値; 営業利益率; FCF転換,0.046,0.0007,0.1028,0.1328,,True,False,False,False,reported,RevenueFromContractWithCustomerExcludingAssessedTax,0.0511,0.0008,False,10.0,0.0
HKD,AMTD Digital Inc.,USD,2025,2,営業赤字; ROIC; ROIC最低値; 営業利益率; FCF転換,0.0026,-0.0001,0.0224,0.1867,0.241,False,True,False,False,reported,RevenueFromContractWithCustomerIncludingAssessedTax,0.0029,-0.0001,False,13.4,0.0
GDOT,GREEN DOT CORP,USD,2025,2,営業赤字; ROIC; ROIC最低値; 営業利益率; FCF転換,0.0121,-0.0015,0.0069,0.0892,,False,True,False,False,reported,RevenueFromContractWithCustomerExcludingAssessedTax,,,True,159.7,33.9
PLTK,PLAYTIKA HOLDING CORP.,USD,2025,2,営業赤字; 売上CAGR; ROIC; ROIC最低値; 営業利益率,-0.002,-0.002,-0.0019,0.0163,3.0897,False,True,True,False,reported,RevenueFromContractWithCustomerExcludingAssessedTax,-0.0035,-0.0035,False,41.5,85.7
DOLE,Dole plc,USD,2025,2,営業赤字; FCFマイナス; ROIC; ROIC最低値; 営業利益率,0.0793,-0.0028,0.0243,0.1146,1.585,False,False,False,False,reported,RevenueFromContractWithCustomerExcludingAssessedTax,0.0905,-0.0032,False,12.3,19.6
KMDA,Kamada Ltd.,USD,2025,2,営業赤字; FCFマイナス; ROIC; ROIC最低値; 営業利益率,0.077,-0.0031,0.1454,0.1487,2.5308,False,False,False,False,reported,Revenue,0.107,-0.0035,False,28.0,0.0
VOD,VODAFONE GROUP PUBLIC LTD CO,EUR,2025,2,営業赤字; 売上CAGR; ROIC; ROIC最低値; 営業利益率,-0.0033,-0.0033,-0.011,-0.0385,5.5669,False,True,False,False,reported,Revenue,-0.004,-0.004,False,18.6,20.8
FSLR,"First Solar, Inc.",USD,2025,2,営業赤字; FCFマイナス; ROIC; ROIC最低値; FCF転換,0.1257,-0.0036,0.3059,0.1559,-0.0585,False,False,False,False,reported,Revenues,0.1757,-0.0063,False,28.4,0.3
MG,"Mistras Group, Inc.",USD,2025,2,営業赤字; 売上CAGR; ROIC; ROIC最低値; 営業利益率,0.0776,-0.004,0.056,0.0169,2.9387,False,True,False,False,reported,RevenueFromContractWithCustomerExcludingAssessedTax,0.0832,-0.0041,False,6.8,44.7
GNK,Genco Shipping & Trading Limited,USD,2025,2,営業赤字; 売上CAGR; ROIC; ROIC最低値; 営業利益率,0.0054,-0.0042,0.0218,-0.1108,1.6434,False,True,False,False,reported,Revenues,0.0057,-0.0044,False,5.1,0.0
CSGP,"COSTAR GROUP, INC.",USD,2025,2,営業赤字; FCFマイナス; ROIC; ROIC最低値; 営業利益率,-0.0061,-0.0061,-0.0222,0.1368,0.9294,False,False,False,False,reported,RevenueFromContractWithCustomerExcludingAssessedTax,-0.0074,-0.0074,False,17.5,53.0
PEN,"Penumbra, Inc",USD,2025,2,営業赤字; FCFマイナス; ROIC; ROIC最低値; 営業利益率,0.1047,-0.0062,0.1348,0.1706,1.1111,False,False,False,False,reported,Revenues,0.1694,-0.0085,False,38.2,11.7
ELLO,ELLOMAY CAPITAL LTD.,EUR,2024,2,営業赤字; FCFマイナス; ROIC; ROIC最低値; FCF転換,0.0492,-0.0065,0.2245,0.4312,,False,False,False,False,reported,Revenue,0.0686,-0.0082,False,28.2,0.0
TITN,TITAN MACHINERY INC.,USD,2026,2,営業赤字; FCFマイナス; ROIC; ROIC最低値; 営業利益率,-0.007,-0.007,-0.0028,0.0912,1.8238,False,False,False,False,reported,Revenues,-0.007,-0.007,False,0.0,8.6
BC,Brunswick Corporation,USD,2025,2,営業赤字; 売上CAGR; ROIC; ROIC最低値; 営業利益率,-0.0086,-0.0086,-0.0076,-0.0213,0.9559,False,True,False,False,reported,RevenueFromContractWithCustomerExcludingAssessedTax,-0.0093,-0.0093,False,6.9,18.3
AMCX,AMC Global Media Inc.,USD,2025,2,営業赤字; 売上CAGR; ROIC; ROIC最低値; 営業利益率,0.0385,-0.0098,0.0577,-0.069,3.0026,False,True,False,False,reported,RevenueFromContractWithCustomerExcludingAssessedTax,0.0385,-0.0098,False,0.0,6.1
RMAX,"RE/MAX Holdings, Inc.",USD,2025,2,営業赤字; 売上CAGR; ROIC; ROIC最低値; FCF転換,0.0418,-0.0098,0.1613,-0.0302,,False,True,False,False,reported,RevenueFromContractWithCustomerExcludingAssessedTax,0.0482,-0.0109,False,13.4,26.9
GLOP-PA,GasLog Partners LP,USD,2025,2,営業赤字; 売上CAGR; ROIC; ROIC最低値; 営業利益率,-0.011,-0.011,-0.0546,-0.039,2.9765,False,True,False,False,reported,Revenue,-0.011,-0.011,False,0.5,0.0
CPRI,Capri Holdings Ltd,USD,2026,2,営業赤字; 売上CAGR; ROIC; ROIC最低値; 営業利益率,0.0416,-0.0111,0.0066,-0.1146,14.2736,False,True,False,False,reported,RevenueFromContractWithCustomerExcludingAssessedTax,0.0602,-0.0117,False,30.9,46.2
ALGM,"Allegro MicroSystems, Inc.",USD,2026,2,営業赤字; 売上CAGR; ROIC; ROIC最低値; 営業利益率,0.0118,-0.0123,0.0208,0.0373,1.0833,False,True,False,False,reported,RevenueFromContractWithCustomerExcludingAssessedTax,0.0136,-0.0136,False,13.6,16.4
PEB,PEBBLEBROOK HOTEL TRUST,USD,2025,2,営業赤字; ROIC; ROIC最低値; 営業利益率; FCF転換,0.0075,-0.0127,0.0297,0.1911,,False,True,False,False,reported,RevenueFromContractWithCustomerExcludingAssessedTax,0.0078,-0.0128,False,4.0,0.0
INN,"SUMMIT HOTEL PROPERTIES, INC.",USD,2025,2,営業赤字; ROIC; ROIC最低値; 営業利益率; FCF転換,0.023,-0.013,0.09,0.1915,,False,True,False,False,reported,Revenues,0.0234,-0.0135,False,1.6,0.0
RGEN,REPLIGEN CORP,USD,2025,2,営業赤字; 売上CAGR; ROIC; ROIC最低値; 営業利益率,0.0207,-0.0141,0.0747,0.0243,1.2338,False,True,False,False,reported,RevenueFromContractWithCustomerIncludingAssessedTax,0.0326,-0.0228,False,36.4,52.9
FA,First Advantage Corporation,USD,2025,2,営業赤字; ROIC; ROIC最低値; 営業利益率; FCF転換,0.0308,-0.0144,0.0841,0.2193,,False,True,False,False,reported,Revenues,0.0332,-0.0151,False,7.1,63.2
GAP,"GAP, INC",USD,2026,2,営業赤字; FCFマイナス; 売上CAGR; ROIC最低値; 営業利益率,0.1664,-0.0147,0.0726,-0.0202,1.3588,False,False,False,False,reported,Revenues,0.3845,-0.0218,False,56.7,3.9
ELME,ELME COMMUNITIES,USD,2024,2,営業赤字; ROIC; ROIC最低値; 営業利益率; FCF転換,0.0171,-0.0158,0.097,0.0828,,False,True,False,False,reported,Revenues,0.0172,-0.0159,False,0.6,0.0
NOV,NOV INC.,USD,2025,2,営業赤字; FCFマイナス; ROIC; ROIC最低値; 営業利益率,0.0489,-0.0158,0.0565,0.1217,0.826,False,False,False,False,reported,RevenueFromContractWithCustomerExcludingAssessedTax,0.0607,-0.0207,False,19.4,19.8
AGCO,AGCO CORP /DE,USD,2025,2,営業赤字; 売上CAGR; ROIC; ROIC最低値; 営業利益率,0.0713,-0.0161,0.0591,-0.0246,0.7553,False,True,False,False,reported,RevenueFromContractWithCustomerExcludingAssessedTax,0.0821,-0.018,False,13.1,28.8
SOHON,SOTHERLY HOTELS INC.,USD,2025,2,営業赤字; FCFマイナス; ROIC; ROIC最低値; 営業利益率,0.0292,-0.0171,0.072,0.0843,4.5727,False,False,False,False,reported,RevenueFromContractWithCustomerExcludingAssessedTax,0.0298,-0.0177,False,2.0,0.0
PERI,Perion Network Ltd.,USD,2025,2,営業赤字; 売上CAGR; ROIC; ROIC最低値; 営業利益率,-0.0174,-0.0174,-0.0339,-0.0208,1.5025,False,True,False,False,reported,Revenues,-0.0271,-0.0271,False,35.7,39.4
INSE,"INSPIRED ENTERTAINMENT, INC.",USD,2025,2,営業赤字; FCFマイナス; ROIC; ROIC最低値; 営業利益率,0.0732,-0.0176,0.1003,0.1025,1.5241,False,False,True,False,reported,RevenueFromContractWithCustomerExcludingAssessedTax,0.0732,-0.0176,False,0.0,18.9
PENG,"PENGUIN SOLUTIONS, INC.",USD,2025,2,営業赤字; ROIC; ROIC最低値; 営業利益率; FCF転換,0.0536,-0.0184,0.0425,0.0671,,False,True,False,False,reported,RevenueFromContractWithCustomerExcludingAssessedTax,0.1142,-0.0274,False,53.0,17.0
NSP,"Insperity, Inc.",USD,2025,2,営業赤字; FCFマイナス; ROIC; ROIC最低値; 営業利益率,-0.019,-0.019,-0.0015,0.0818,1.5686,False,False,True,False,reported,RevenueFromContractWithCustomerExcludingAssessedTax,,,True,164.3,0.0
RNW,RENEW ENERGY GLOBAL PLC,INR,2025,2,営業赤字; ROIC; ROIC最低値; 営業利益率; FCF転換,0.0095,-0.0191,0.1036,0.1553,,False,True,False,False,reported,Revenue,0.01,-0.0202,False,4.9,0.0
FOUR,"SHIFT4 PAYMENTS, INC.",USD,2025,2,営業赤字; FCFマイナス; ROIC; ROIC最低値; 営業利益率,0.0464,-0.0193,0.084,0.3222,2.8383,False,False,False,False,reported,RevenueFromContractWithCustomerExcludingAssessedTax,0.0553,-0.0498,False,16.1,45.2
HLX,"Helix Energy Solutions Group, Inc.",USD,2025,2,営業赤字; ROIC; ROIC最低値; 営業利益率; FCF転換,0.0273,-0.0199,0.0504,0.1762,,False,True,False,False,reported,RevenueFromContractWithCustomerExcludingAssessedTax,0.0357,-0.0226,False,23.6,0.0
ACCO,ACCO Brands Corporation,USD,2025,2,営業赤字; 売上CAGR; ROIC; ROIC最低値; 営業利益率,0.0486,-0.0204,0.0605,-0.0685,88.303,False,True,False,False,reported,RevenueFromContractWithCustomerExcludingAssessedTax,0.0486,-0.0204,False,0.0,31.9
AVTR,"Avantor, Inc.",USD,2025,2,営業赤字; 売上CAGR; ROIC; ROIC最低値; 営業利益率,-0.0204,-0.0204,-0.0376,-0.0295,1.9661,False,True,False,False,reported,Revenues,-0.0213,-0.0213,False,3.8,52.4
UAL,"United Airlines Holdings, Inc.",USD,2025,2,営業赤字; FCFマイナス; ROIC; ROIC最低値; 営業利益率,0.1019,-0.021,0.0798,0.2444,0.9292,False,False,False,False,reported,RevenueFromContractWithCustomerExcludingAssessedTax,0.1532,-0.0404,False,33.5,12.4
PEG,PUBLIC SERVICE ENTERPRISE GROUP INC,USD,2025,2,営業赤字; FCFマイナス; ROIC; ROIC最低値; FCF転換,0.0596,-0.0223,0.2449,0.0577,-0.4551,False,False,False,False,reported,Revenues,0.0598,-0.0229,False,0.3,0.0
MHK,"MOHAWK INDUSTRIES, INC.",USD,2025,2,営業赤字; 売上CAGR; ROIC; ROIC最低値; 営業利益率,0.0372,-0.0223,0.0454,-0.0094,1.8297,False,True,False,False,reported,RevenueFromContractWithCustomerExcludingAssessedTax,0.0405,-0.0238,False,8.2,11.6
XYZ,"Block, Inc.",USD,2025,2,営業赤字; FCFマイナス; ROIC; ROIC最低値; 営業利益率,0.0458,-0.0231,0.0706,0.0819,1.2107,False,False,False,False,reported,Revenues,0.0589,-0.0314,False,22.3,40.2
OMCL,"Omnicell, Inc.",USD,2025,2,営業赤字; 売上CAGR; ROIC; ROIC最低値; 営業利益率,0.0033,-0.0232,0.0044,0.0115,7.8607,False,True,False,False,reported,RevenueFromContractWithCustomerExcludingAssessedTax,0.0039,-0.0382,False,16.0,59.9
WDC,WESTERN DIGITAL CORPORATION,USD,2025,2,営業赤字; FCFマイナス; 売上CAGR; ROIC最低値; FCF転換,0.184,-0.024,0.2452,-0.1339,0.4391,False,False,False,False,reported,RevenueFromContractWithCustomerExcludingAssessedTax,0.2332,-0.027,False,21.1,43.1
CERT,"Certara, Inc.",USD,2025,2,営業赤字; ROIC; ROIC最低値; 営業利益率; FCF転換,0.0122,-0.0241,0.0502,0.1,,False,True,False,False,reported,RevenueFromContractWithCustomerExcludingAssessedTax,0.0142,-0.0292,False,14.0,57.0
BVN,BUENAVENTURA MINING CO INC,USD,2024,2,営業赤字; FCFマイナス; ROIC; ROIC最低値; FCF転換,0.1038,-0.0244,0.386,0.143,-0.3936,False,False,False,False,reported,Revenue,0.1209,-0.0268,False,14.1,0.0
WLDN,"Willdan Group, Inc.",USD,2026,2,営業赤字; FCFマイナス; ROIC; ROIC最低値; 営業利益率,0.0987,-0.0245,0.0648,0.1781,2.3816,False,False,False,False,reported,RevenueFromContractWithCustomerExcludingAssessedTax,0.1214,-0.0256,False,18.7,50.8
NEXN,NEXXEN INTERNATIONAL LTD.,USD,2025,2,営業赤字; 売上CAGR; ROIC; ROIC最低値; 営業利益率,0.054,-0.0247,0.089,0.0163,4.006,False,True,False,False,reported,Revenue,0.0751,-0.0434,False,28.1,0.0
RLX,RLX Technology Inc.,CNY,2025,2,営業赤字; 売上CAGR; ROIC; ROIC最低値; 営業利益率,0.0166,-0.0251,0.083,-0.1744,0.7524,False,True,False,False,reported,RevenueFromContractWithCustomerExcludingAssessedTax,0.0327,-0.0388,False,49.2,0.0
NESR,NATIONAL ENERGY SERVICES REUNITED CORP.,USD,2025,2,営業赤字; FCFマイナス; ROIC; ROIC最低値; 営業利益率,0.0635,-0.0256,0.0743,0.1086,8.8284,False,False,False,False,reported,RevenueFromContractWithCustomerExcludingAssessedTax,0.0707,-0.0302,False,10.2,52.7
AMRX,"AMNEAL PHARMACEUTICALS, INC.",USD,2025,2,営業赤字; ROIC; ROIC最低値; 営業利益率; FCF転換,0.1245,-0.0257,0.1305,0.0958,,False,True,True,False,reported,RevenueFromContractWithCustomerExcludingAssessedTax,0.1403,-0.0259,False,11.3,23.8
MTA,Metalla Royalty & Streaming Ltd.,USD,2025,2,営業赤字; FCFマイナス; ROIC; ROIC最低値; FCF転換,0.0086,-0.0258,0.2436,0.41,,False,False,False,False,derived,Revenue,0.0089,-0.0263,False,3.7,0.0
ULBI,ULTRALIFE CORPORATION,USD,2025,2,営業赤字; FCFマイナス; ROIC; ROIC最低値; 営業利益率,-0.026,-0.026,-0.0309,0.181,2.7236,False,False,False,False,reported,Revenues,-0.0274,-0.0274,False,5.2,25.3
INTT,InTest Corporation,USD,2025,2,営業赤字; FCFマイナス; ROIC; ROIC最低値; 営業利益率,-0.0265,-0.0265,-0.0327,0.0761,1.1861,False,False,False,False,reported,RevenueFromContractWithCustomerIncludingAssessedTax,-0.0304,-0.0304,False,12.8,29.1
IMPP,Imperial Petroleum Inc./Marshall Islands,USD,2025,2,営業赤字; FCFマイナス; ROIC; ROIC最低値; FCF転換,0.0594,-0.0285,0.2478,0.745,0.3084,False,False,False,False,reported,RevenueFromContractWithCustomerIncludingAssessedTax,0.06,-0.0295,False,1.1,0.0
HST,"HOST HOTELS & RESORTS, INC.",USD,2025,2,営業赤字; FCFマイナス; ROIC; ROIC最低値; 営業利益率,0.0862,-0.0287,0.1398,0.206,1.7068,False,False,False,False,reported,RevenueFromContractWithCustomerExcludingAssessedTax,0.0956,-0.0325,False,9.8,0.0
ROG,Rogers Corporation,USD,2025,2,営業赤字; 売上CAGR; ROIC; ROIC最低値; 営業利益率,-0.0297,-0.0297,-0.0555,-0.0345,1.1502,False,True,False,False,reported,RevenueFromContractWithCustomerExcludingAssessedTax,-0.0356,-0.0356,False,16.5,25.4
EGAN,eGain Corporation,USD,2025,2,営業赤字; 売上CAGR; ROIC; ROIC最低値; 営業利益率,0.0434,-0.0297,0.0501,0.0309,0.9053,False,True,False,False,reported,RevenueFromContractWithCustomerExcludingAssessedTax,,,True,77.9,16.3
LAZ,"Lazard, Inc.",USD,2025,2,営業赤字; 売上CAGR; ROIC; ROIC最低値; 営業利益率,0.1012,-0.0299,0.1028,-0.0067,2.2078,False,True,False,False,reported,Revenues,0.2379,-0.0553,False,57.5,15.5
PHAR,Pharming Group N.V.,USD,2025,2,営業赤字; FCFマイナス; ROIC; ROIC最低値; 営業利益率,0.0737,-0.0308,0.0687,0.1727,8.231,False,False,False,False,reported,RevenueFromContractsWithCustomers,,,True,52.4,0.0
AMR,"ALPHA METALLURGICAL RESOURCES, INC.",USD,2025,2,営業赤字; 売上CAGR; ROIC; ROIC最低値; 営業利益率,-0.0313,-0.0313,-0.0289,-0.0148,0.9345,False,True,False,False,reported,RevenueFromContractWithCustomerExcludingAssessedTax,-0.0428,-0.0428,False,26.8,0.7
BORR,Borr Drilling Limited,USD,2025,2,営業赤字; FCFマイナス; ROIC; ROIC最低値; FCF転換,0.0754,-0.0318,0.3155,0.4283,,False,False,False,False,reported,RevenueFromContractWithCustomerExcludingAssessedTax,0.085,-0.0332,False,11.3,0.0
GASS,STEALTHGAS INC.,USD,2025,2,営業赤字; FCFマイナス; 売上CAGR; ROIC; ROIC最低値,0.0631,-0.0319,0.3184,0.0362,1.1984,False,False,False,False,reported,Revenues,0.0737,-0.0332,False,14.4,0.0
LYB,LYONDELLBASELL INDUSTRIES N.V.,USD,2025,2,営業赤字; 売上CAGR; ROIC; ROIC最低値; 営業利益率,-0.0322,-0.0322,-0.0139,-0.101,1.2843,False,True,False,False,reported,RevenueFromContractWithCustomerExcludingAssessedTax,-0.0686,-0.0686,False,53.1,6.9
ZIP,"ZIPRECRUITER, INC.",USD,2025,2,営業赤字; 売上CAGR; ROIC; ROIC最低値; 営業利益率,-0.0327,-0.0327,-0.0431,-0.1178,6.162,False,True,True,False,reported,RevenueFromContractWithCustomerExcludingAssessedTax,,,True,87.5,1.8
DNOW,DNOW INC.,USD,2025,2,営業赤字; FCFマイナス; ROIC; ROIC最低値; 営業利益率,-0.0329,-0.0329,-0.033,0.1465,1639784.9462,False,False,False,False,reported,RevenueFromContractWithCustomerExcludingAssessedTax,-0.0355,-0.0355,False,7.3,27.6
SYNA,SYNAPTICS INCORPORATED,USD,2025,2,営業赤字; 売上CAGR; ROIC; ROIC最低値; 営業利益率,-0.0333,-0.0333,-0.0876,-0.0537,2.5492,False,True,False,False,reported,RevenueFromContractWithCustomerExcludingAssessedTax,-0.0418,-0.0516,False,20.3,39.1
RGR,"STURM,     RUGER & COMPANY, INC.",USD,2025,2,営業赤字; 売上CAGR; ROIC; ROIC最低値; 営業利益率,-0.0342,-0.0342,-0.0225,-0.0702,0.8923,False,True,False,False,reported,Revenues,-0.0508,-0.0508,False,32.6,0.0
LIVN,LivaNova PLC,USD,2025,2,営業赤字; ROIC; ROIC最低値; 営業利益率; FCF転換,0.0999,-0.0347,0.1436,0.076,,False,True,False,False,reported,RevenueFromContractWithCustomerExcludingAssessedTax,0.1675,-0.0396,False,40.3,50.3
WHG,"WESTWOOD HOLDINGS GROUP, INC.",USD,2025,2,営業赤字; FCFマイナス; ROIC; ROIC最低値; 営業利益率,0.0313,-0.0348,0.0509,0.0756,4.3568,False,False,False,False,reported,RevenueFromContractWithCustomerExcludingAssessedTax,0.0504,-0.0539,False,38.0,31.4
CE,CELANESE CORPORATION,USD,2025,2,営業赤字; 売上CAGR; ROIC; ROIC最低値; 営業利益率,-0.0348,-0.0348,-0.0824,0.0283,1.7321,False,True,False,False,reported,RevenueFromContractWithCustomerExcludingAssessedTax,-0.0348,-0.0348,False,0.0,23.3
CABO,"Cable One, Inc.",USD,2025,2,営業赤字; 売上CAGR; ROIC; ROIC最低値; 営業利益率,-0.0353,-0.0353,-0.1381,-0.0167,3.5161,False,True,False,False,reported,RevenueFromContractWithCustomerIncludingAssessedTax,-0.0365,-0.0365,False,3.3,18.1
TEN,TSAKOS ENERGY NAVIGATION LTD,USD,2025,2,営業赤字; FCFマイナス; ROIC; ROIC最低値; FCF転換,0.0553,-0.0362,0.3159,0.0997,0.1154,False,False,False,False,reported,Revenues,0.0602,-0.0379,False,8.1,0.0
IIIV,"i3 Verticals, Inc.",USD,2025,2,営業赤字; 売上CAGR; ROIC; ROIC最低値; 営業利益率,0.0077,-0.0362,0.0177,-0.0125,1.5274,False,True,False,False,reported,RevenueFromContractWithCustomerExcludingAssessedTax,0.0092,-0.0364,False,17.1,63.8
AIOS,AIOS Tech Inc.,USD,2025,2,営業赤字; FCFマイナス; 売上CAGR; ROIC最低値; FCF転換,0.248,-0.038,0.2903,-0.5783,,False,False,False,False,reported,Revenues,0.3552,-0.0406,False,30.2,0.0
LXP,LXP INDUSTRIAL TRUST,USD,2025,2,営業赤字; 売上CAGR; ROIC; ROIC最低値; 営業利益率,-0.0389,-0.0389,-24.5499,0.0022,1.4959,False,True,False,False,derived,RevenueFromContractWithCustomerExcludingAssessedTax,-0.0425,-0.0425,False,8.4,0.0
XNET,Xunlei Ltd,USD,2025,2,営業赤字; ROIC; ROIC最低値; 営業利益率; FCF転換,0.0038,-0.039,0.0144,0.1784,0.1051,False,True,False,False,reported,Revenues,0.0049,-0.4065,False,22.2,0.0
IVZ,Invesco Ltd.,USD,2025,2,営業赤字; 売上CAGR; ROIC; ROIC最低値; 営業利益率,-0.0391,-0.0391,-0.1091,-0.0193,1.567,False,True,False,False,reported,RevenueFromContractWithCustomerExcludingAssessedTax,-0.0422,-0.0422,False,7.4,60.3
BAND,BANDWIDTH INC.,USD,2025,2,営業赤字; ROIC; ROIC最低値; 営業利益率; FCF転換,-0.0175,-0.0391,-0.0191,0.1132,,False,True,False,False,reported,RevenueFromContractWithCustomerExcludingAssessedTax,-0.0212,-0.0498,False,17.2,55.1
AAME,ATLANTIC AMERICAN CORP,USD,2024,2,営業赤字; 売上CAGR; ROIC; ROIC最低値; 営業利益率,-0.0393,-0.0393,-0.0263,-0.0092,1.7112,False,True,False,False,reported,Revenues,-0.0612,-0.0612,False,35.7,0.0
ITRI,"Itron, Inc.",USD,2025,2,営業赤字; 売上CAGR; ROIC; ROIC最低値; 営業利益率,0.0987,-0.04,0.1323,0.0455,1.4899,False,True,False,False,reported,RevenueFromContractWithCustomerExcludingAssessedTax,0.1665,-0.0446,False,40.7,53.7
NGS,"NATURAL GAS SERVICES GROUP, INC.",USD,2025,2,営業赤字; FCFマイナス; ROIC; ROIC最低値; FCF転換,0.1073,-0.0416,0.2165,0.242,-7.2921,False,False,False,False,reported,Revenues,0.1073,-0.046,False,0.0,0.0
FLUT,Flutter Entertainment plc,USD,2025,2,営業赤字; ROIC; ROIC最低値; 営業利益率; FCF転換,0.0031,-0.0425,0.0022,0.5955,,False,True,False,False,reported,RevenueFromContractWithCustomerIncludingAssessedTax+Revenue,0.0038,-0.0507,False,20.0,170.6
CCC,CCC Intelligent Solutions Holdings Inc.,USD,2025,2,営業赤字; ROIC; ROIC最低値; 営業利益率; FCF転換,0.0242,-0.043,0.0888,0.1132,,False,True,False,False,reported,Revenues,0.0251,-0.0461,False,3.6,63.8
GMM,GLOBAL MOFY AI LIMITED,USD,2025,2,営業赤字; FCFマイナス; ROIC; ROIC最低値; 営業利益率,0.0363,-0.043,0.0537,0.4072,80.7217,False,False,False,False,reported,Revenues,0.0363,-0.043,False,0.1,0.0
AD,"ARRAY DIGITAL INFRASTRUCTURE, INC.",USD,2025,2,営業赤字; 売上CAGR; ROIC; ROIC最低値; 営業利益率,-0.0285,-0.0449,-0.5678,-0.5541,7.4873,False,True,False,False,reported,Revenues,-0.0298,-0.0464,False,4.4,0.0
GDYN,"Grid Dynamics Holdings, Inc.",USD,2025,2,営業赤字; ROIC; ROIC最低値; 営業利益率; FCF転換,-0.0028,-0.0457,-0.0046,0.1816,,False,True,False,False,reported,RevenueFromContractWithCustomerExcludingAssessedTax,-0.0075,-0.1561,False,63.1,15.6
AMN,"AMN HEALTHCARE SERVICES, INC.",USD,2025,2,営業赤字; 売上CAGR; ROIC; ROIC最低値; 営業利益率,-0.0311,-0.046,-0.0203,-0.0901,2.1253,False,True,False,False,reported,RevenueFromContractWithCustomerExcludingAssessedTax,-0.0319,-0.0463,False,2.4,53.6
ONT,"Onterris, Inc.",USD,2025,2,営業赤字; ROIC; ROIC最低値; 営業利益率; FCF転換,0.0125,-0.0463,0.0141,0.1103,,False,True,False,False,reported,RevenueFromContractWithCustomerExcludingAssessedTax,0.0127,-0.0571,False,1.5,63.1
METC,"RAMACO RESOURCES, INC.",USD,2025,2,営業赤字; FCFマイナス; ROIC; ROIC最低値; 営業利益率,-0.0465,-0.0465,-0.1043,0.1731,0.8261,False,False,False,False,reported,RevenueFromContractWithCustomerIncludingAssessedTax,-0.0865,-0.0865,False,46.3,0.0
TBLA,TABOOLA.COM LTD.,USD,2025,2,営業赤字; ROIC; ROIC最低値; 営業利益率; FCF転換,0.0384,-0.0476,0.023,0.0852,,False,True,False,False,reported,RevenueFromContractWithCustomerExcludingAssessedTax,0.0443,-0.0575,False,13.3,61.3
NCSM,"NCS Multistage Holdings, Inc.",USD,2025,2,営業赤字; FCFマイナス; ROIC; ROIC最低値; 営業利益率,0.066,-0.0477,0.0574,0.1157,2.0566,False,False,False,False,reported,RevenueFromContractWithCustomerExcludingAssessedTax+Revenues,0.093,-0.0583,False,29.1,13.0
GAIA,"GAIA, INC",USD,2025,2,営業赤字; ROIC; ROIC最低値; 営業利益率; FCF転換,-0.0375,-0.048,-0.0516,0.056,,False,True,False,False,reported,RevenueFromContractWithCustomerExcludingAssessedTax,-0.0429,-0.0512,False,12.6,31.6
MCS,MARCUS CORP,USD,2025,2,営業赤字; ROIC; ROIC最低値; 営業利益率; FCF転換,0.0219,-0.049,0.0225,0.1342,,False,True,False,False,reported,Revenues,0.0227,-0.0503,False,3.8,12.2
FLYW,FLYWIRE CORPORATION,USD,2025,2,営業赤字; ROIC; ROIC最低値; 営業利益率; FCF転換,0.0107,-0.0495,0.0181,0.3266,,False,True,False,False,reported,Revenues,0.0186,-0.1799,False,42.5,48.7
LKFT,GALAPAGOS NV,EUR,2025,2,営業赤字; FCFマイナス; ROIC; ROIC最低値; FCF転換,0.072,-0.0514,0.2653,0.4759,-7.422,False,False,False,False,reported,Revenue,,,True,92.7,0.0
LI,Li Auto Inc.,CNY,2025,2,営業赤字; FCFマイナス; ROIC; ROIC最低値; 営業利益率,-0.005,-0.053,-0.0046,0.428,2.5065,False,False,False,False,reported,RevenueFromContractWithCustomerExcludingAssessedTax,,,True,76.5,0.0
VERX,"Vertex, Inc.",USD,2025,2,営業赤字; ROIC; ROIC最低値; 営業利益率; FCF転換,0.0071,-0.0547,0.0031,0.1516,,False,True,False,False,reported,RevenueFromContractWithCustomerExcludingAssessedTax,,,True,121.3,151.6
CSPI,CSP Inc,USD,2025,2,営業赤字; 売上CAGR; ROIC; ROIC最低値; 営業利益率,-0.0551,-0.0551,-0.0529,0.0452,1.8799,False,True,False,False,reported,Revenues,-0.1434,-0.1434,False,61.5,0.0
BRT,BRT APARTMENTS CORP.,USD,2025,2,営業赤字; FCFマイナス; ROIC; ROIC最低値; 営業利益率,-0.0557,-0.0557,-0.1288,0.319,1.1877,False,False,False,False,reported,Revenues,-0.0649,-0.0649,False,14.2,0.0
SGA,"Saga Communications, Inc",USD,2025,2,営業赤字; 売上CAGR; ROIC; ROIC最低値; 営業利益率,-0.0558,-0.0558,-0.1031,-0.0029,1.9558,False,True,False,False,reported,RevenueFromContractWithCustomerIncludingAssessedTax,-0.07,-0.07,False,20.3,0.0
MED,"Medifast, Inc.",USD,2025,2,営業赤字; 売上CAGR; ROIC; ROIC最低値; 営業利益率,-0.0564,-0.0564,-0.0368,-0.2909,1.0197,False,True,False,False,reported,RevenueFromContractWithCustomerExcludingAssessedTax,,,True,84.1,0.0
TWIN,TWIN DISC INC,USD,2025,2,営業赤字; FCFマイナス; ROIC; ROIC最低値; 営業利益率,0.04,-0.0597,0.029,0.1174,170.4189,False,False,False,False,reported,RevenueFromContractWithCustomerIncludingAssessedTax,0.04,-0.0597,False,0.0,1.5
CNTY,CENTURY CASINOS INC /CO/,USD,2025,2,営業赤字; FCFマイナス; ROIC最低値; 営業利益率; FCF転換,0.1752,-0.0597,0.0895,0.102,,False,False,True,False,reported,RevenueFromContractWithCustomerExcludingAssessedTax,0.2496,-0.0899,False,29.8,4.7
GBR,"NEW CONCEPT ENERGY, INC.",USD,2025,2,営業赤字; FCFマイナス; ROIC; ROIC最低値; 営業利益率,-0.0466,-0.0604,-1.7097,0.113,1.7169,False,False,False,False,reported,Revenues,-0.051,-0.0641,False,8.5,0.0
OPLN,"OPENLANE, Inc.",USD,2025,2,営業赤字; FCFマイナス; ROIC; ROIC最低値; 営業利益率,0.0874,-0.0637,0.1016,0.0746,1.9814,False,False,False,False,reported,Revenues,0.095,-0.0675,False,8.0,70.0
TRIP,"TRIPADVISOR, INC.",USD,2025,2,営業赤字; ROIC; ROIC最低値; 営業利益率; FCF転換,0.0432,-0.0638,0.0423,0.2033,,False,True,False,False,reported,RevenueFromContractWithCustomerExcludingAssessedTax,0.1473,-0.1151,False,70.7,57.6
CRWD,"CROWDSTRIKE HOLDINGS, INC.",USD,2026,2,営業赤字; ROIC; ROIC最低値; 営業利益率; FCF転換,-0.0448,-0.0681,-0.061,0.3493,,False,True,False,False,reported,RevenueFromContractWithCustomerIncludingAssessedTax,,,True,101.1,26.3
TASK,"TaskUs, Inc.",USD,2025,2,営業赤字; FCFマイナス; ROIC; ROIC最低値; 営業利益率,0.132,-0.0694,0.1188,0.1168,1.6944,False,False,False,False,reported,RevenueFromContractWithCustomerExcludingAssessedTax,0.1764,-0.0774,False,25.2,26.1
IH,iHuman Inc.,CNY,2025,2,営業赤字; 売上CAGR; ROIC; ROIC最低値; 営業利益率,0.053,-0.0704,0.0827,-0.0386,1.0073,False,True,False,False,reported,RevenueFromContractWithCustomerExcludingAssessedTax,,,True,115.7,0.0
OOMA,"Ooma, Inc.",USD,2026,2,営業赤字; ROIC; ROIC最低値; 営業利益率; FCF転換,0.0362,-0.072,0.0156,0.0922,,False,True,False,False,reported,RevenueFromContractWithCustomerIncludingAssessedTax,0.0462,-0.1253,False,21.7,53.6
GFF,GRIFFON CORPORATION,USD,2025,2,営業赤字; 売上CAGR; ROIC; ROIC最低値; 営業利益率,0.1096,-0.0728,0.0819,0.0264,4.5715,False,True,False,False,reported,RevenueFromContractWithCustomerExcludingAssessedTax,0.1175,-0.0773,False,6.7,12.9
CTGG,QWEST CORP,USD,2025,2,営業赤字; 売上CAGR; ROIC; ROIC最低値; 営業利益率,-0.073,-0.073,-0.225,-0.0875,2.2131,False,True,False,False,reported,RevenueFromContractWithCustomerExcludingAssessedTax,-0.0733,-0.0733,False,0.4,33.3
MGPI,"MGP INGREDIENTS, INC.",USD,2025,2,営業赤字; 売上CAGR; ROIC; ROIC最低値; 営業利益率,-0.0764,-0.0764,-0.1764,-0.0382,0.9364,False,True,False,False,reported,RevenueFromContractWithCustomerExcludingAssessedTax,-0.0779,-0.0779,False,1.9,11.8
KLIC,"KULICKE AND SOFFA INDUSTRIES, INC.",USD,2025,2,営業赤字; 売上CAGR; ROIC; ROIC最低値; 営業利益率,-0.0031,-0.0774,-0.0049,-0.1898,1.1212,False,True,False,False,reported,Revenues,-0.0082,-0.1992,False,62.2,8.5
VASO,VASO CORPORATION,USD,2025,2,営業赤字; 売上CAGR; ROIC; ROIC最低値; 営業利益率,-0.0776,-0.0776,-0.0324,0.042,1.6215,False,True,False,False,reported,Revenues,,,True,119.1,37.2
OSW,OneSpaWorld Holdings Limited,USD,2025,2,営業赤字; FCFマイナス; ROIC; ROIC最低値; 営業利益率,0.1029,-0.0787,0.0849,0.6072,1.4303,False,False,False,False,reported,RevenueFromContractWithCustomerExcludingAssessedTax,0.1057,-0.0837,False,2.6,0.0
GHM,GRAHAM CORPORATION,USD,2026,2,営業赤字; FCFマイナス; ROIC; ROIC最低値; 営業利益率,0.0774,-0.0794,0.0612,0.1888,1.425,False,False,False,False,reported,RevenueFromContractWithCustomerExcludingAssessedTax,0.0808,-0.0913,False,4.3,24.8
MU,"Micron Technology, Inc.",USD,2025,2,営業赤字; FCFマイナス; ROIC; ROIC最低値; FCF転換,0.1165,-0.0804,0.2614,0.0777,0.0679,False,False,False,False,reported,RevenueFromContractWithCustomerExcludingAssessedTax,0.1379,-0.0969,False,15.6,1.7
RYAAY,Ryanair Holdings plc,EUR,2025,2,営業赤字; FCFマイナス; ROIC; ROIC最低値; 営業利益率,0.1411,-0.0812,0.1117,0.7088,0.731,False,False,False,False,reported,Revenue,0.2533,-0.1203,False,44.3,0.0
SSRM,SSR MINING INC.,USD,2025,2,営業赤字; FCFマイナス; 売上CAGR; ROIC; ROIC最低値,0.0975,-0.0817,0.2878,0.0212,1.3431,False,False,False,False,reported,RevenueFromContractWithCustomerExcludingAssessedTax,0.1149,-0.0943,False,15.1,0.0
WHR,WHIRLPOOL CORP /DE/,USD,2025,2,営業赤字; 売上CAGR; ROIC; ROIC最低値; 営業利益率,0.0744,-0.0839,0.054,-0.0833,4.4622,False,True,False,False,reported,RevenueFromContractWithCustomerExcludingAssessedTax,0.0805,-0.1044,False,7.5,34.9
KHC,Kraft Heinz Co,USD,2025,2,営業赤字; 売上CAGR; ROIC; ROIC最低値; 営業利益率,-0.0885,-0.0885,-0.1872,-0.0107,5.0499,False,True,False,False,reported,RevenueFromContractWithCustomerIncludingAssessedTax,-0.0971,-0.0971,False,8.8,53.2
AG,FIRST MAJESTIC SILVER CORP.,USD,2025,2,営業赤字; FCFマイナス; ROIC; ROIC最低値; FCF転換,0.0905,-0.0895,0.3158,0.2112,,False,False,False,False,reported,Revenue,0.1174,-0.0972,False,22.9,0.0
MRAM,"Everspin Technologies, Inc.",USD,2025,2,営業赤字; 売上CAGR; ROIC; ROIC最低値; 営業利益率,-0.0746,-0.0895,-0.1179,0.0003,1.7207,False,True,False,False,reported,RevenueFromContractWithCustomerExcludingAssessedTax,-0.2101,-0.2733,False,64.5,0.0
MHH,"MASTECH DIGITAL, INC.",USD,2025,2,営業赤字; 売上CAGR; ROIC; ROIC最低値; 営業利益率,0.0,-0.09,0.0,-0.0364,2.2816,False,True,False,False,reported,RevenueFromContractWithCustomerExcludingAssessedTax,0.0,-0.1215,False,40.9,30.5
CIGI,Colliers International Group Inc.,USD,2025,2,営業赤字; FCFマイナス; ROIC; ROIC最低値; 営業利益率,0.0925,-0.0934,0.0667,0.0798,1.4629,False,False,False,False,reported,RevenueFromContractWithCustomerExcludingAssessedTax,0.0998,-0.1469,False,7.2,83.0
CAG,"CONAGRA BRANDS, INC.",USD,2026,2,営業赤字; 売上CAGR; ROIC; ROIC最低値; 営業利益率,-0.0946,-0.0946,-0.1443,-0.0056,4.5489,False,True,False,False,reported,RevenueFromContractWithCustomerExcludingAssessedTax,-0.0962,-0.0962,False,1.6,59.7
SSTI,"SoundThinking, Inc.",USD,2025,2,営業赤字; ROIC; ROIC最低値; 営業利益率; FCF転換,-0.0956,-0.0956,-0.0839,0.1568,,False,True,False,False,reported,RevenueFromContractWithCustomerExcludingAssessedTax,-0.1224,-0.1768,False,21.9,47.4
ONEW,OneWater Marine Inc.,USD,2025,2,営業赤字; FCFマイナス; ROIC; ROIC最低値; 営業利益率,-0.0968,-0.0968,-0.0456,0.1112,1.6277,False,False,False,False,reported,RevenueFromContractWithCustomerExcludingAssessedTax,-0.0968,-0.0968,False,0.0,37.2
HP,"Helmerich & Payne, Inc.",USD,2025,2,営業赤字; FCFマイナス; ROIC; ROIC最低値; 営業利益率,0.0005,-0.098,0.0009,0.3202,2.6465,False,False,False,False,reported,RevenueFromContractWithCustomerExcludingAssessedTax,0.0006,-0.1448,False,4.5,3.7
ARKR,ARK RESTAURANTS CORP.,USD,2025,2,営業赤字; FCFマイナス; ROIC; ROIC最低値; 営業利益率,-0.0981,-0.0981,-0.0245,0.0588,33.8883,False,False,False,False,reported,RevenueFromContractWithCustomerExcludingAssessedTax,-0.15,-0.15,False,34.6,0.0
MGNI,"MAGNITE, INC.",USD,2025,2,営業赤字; ROIC; ROIC最低値; 営業利益率; FCF転換,0.0522,-0.0989,0.1367,0.1111,,False,True,False,False,reported,RevenueFromContractWithCustomerExcludingAssessedTax,0.0833,-0.1343,False,37.4,66.5
LTH,"Life Time Group Holdings, Inc.",USD,2025,2,営業赤字; FCFマイナス; ROIC; ROIC最低値; FCF転換,0.0821,-0.1005,0.1607,0.2278,-38.0667,False,False,False,False,reported,RevenueFromContractWithCustomerExcludingAssessedTax,0.0858,-0.1014,False,4.4,26.7
UGI,UGI CORPORATION,USD,2025,2,営業赤字; FCFマイナス; 売上CAGR; ROIC; ROIC最低値,0.0765,-0.1038,0.1549,-0.0069,0.8121,False,False,False,False,reported,RevenueFromContractWithCustomerExcludingAssessedTax,0.0789,-0.1062,False,2.9,25.0
WBD,"Warner Bros. Discovery, Inc.",USD,2025,2,営業赤字; ROIC; ROIC最低値; 営業利益率; FCF転換,0.0085,-0.1039,0.0198,0.3225,,False,True,False,False,reported,RevenueFromContractWithCustomerExcludingAssessedTax,0.0091,-0.1117,False,6.7,37.8
MANU,Manchester United plc,GBP,2025,2,営業赤字; ROIC; ROIC最低値; 営業利益率; FCF転換,-0.0219,-0.1049,-0.0277,0.0777,,False,True,False,False,reported,RevenueFromContractsWithCustomers,-0.0251,-0.1286,False,12.9,0.0
MIR,"Mirion Technologies, Inc.",USD,2025,2,営業赤字; ROIC; ROIC最低値; 営業利益率; FCF転換,0.0176,-0.1067,0.0557,0.1091,,False,True,True,False,reported,RevenueFromContractWithCustomerExcludingAssessedTax,,,True,17.8,81.0
RNGR,"RANGER ENERGY SERVICES, INC.",USD,2025,2,営業赤字; FCFマイナス; ROIC; ROIC最低値; 営業利益率,0.0401,-0.1093,0.0282,0.1688,1.7046,False,False,False,False,reported,RevenueFromContractWithCustomerExcludingAssessedTax,0.0415,-0.1095,False,3.4,0.0
TAP,MOLSON COORS BEVERAGE CO,USD,2025,2,営業赤字; 売上CAGR; ROIC; ROIC最低値; 営業利益率,-0.112,-0.112,-0.1792,0.0117,7.3521,False,True,False,False,reported,RevenueFromContractWithCustomerExcludingAssessedTax,-0.1184,-0.1184,False,5.4,11.8
FROG,JFrog Ltd.,USD,2025,2,営業赤字; ROIC; ROIC最低値; 営業利益率; FCF転換,-0.0818,-0.1136,-0.1727,0.2665,,False,True,False,False,reported,RevenueFromContractWithCustomerExcludingAssessedTax,-0.3965,-0.445,False,79.4,41.9
NUS,"NU SKIN ENTERPRISES, INC.",USD,2025,2,営業赤字; 売上CAGR; ROIC; ROIC最低値; 営業利益率,0.0505,-0.1146,0.0443,-0.1385,1.0877,False,True,False,False,reported,RevenueFromContractWithCustomerExcludingAssessedTax,0.0658,-0.1414,False,23.3,8.1
LKNCY,Luckin Coffee Inc.,CNY,2025,2,営業赤字; FCFマイナス; ROIC最低値; 営業利益率; FCF転換,0.2565,-0.1173,0.1029,0.5772,0.4522,False,False,False,False,reported,RevenueFromContractWithCustomerExcludingAssessedTax,,,True,31.2,0.0
OKTA,"Okta, Inc.",USD,2026,2,営業赤字; ROIC; ROIC最低値; 営業利益率; FCF転換,0.0168,-0.1174,0.051,0.2241,,False,True,False,False,reported,RevenueFromContractWithCustomerExcludingAssessedTax,0.0265,-0.2223,False,36.5,78.4
PII,POLARIS INC.,USD,2025,2,営業赤字; 売上CAGR; ROIC; ROIC最低値; 営業利益率,-0.1178,-0.1178,-0.0488,-0.0098,1.1851,False,True,False,False,reported,RevenueFromContractWithCustomerExcludingAssessedTax,-0.1252,-0.1252,False,5.9,14.9
HUBS,HUBSPOT INC,USD,2025,2,営業赤字; ROIC; ROIC最低値; 営業利益率; FCF転換,0.0028,-0.119,0.0024,0.2456,,False,True,False,False,reported,RevenueFromContractWithCustomerExcludingAssessedTax,,,True,82.5,14.1
QXO,"QXO, Inc.",USD,2025,2,営業赤字; ROIC; ROIC最低値; 営業利益率; FCF転換,-0.0152,-0.1219,-0.0358,2.579,,False,True,False,False,reported,RevenueFromContractWithCustomerExcludingAssessedTax+Revenues,,,True,18.5,40.0
ACTG,Acacia Research Corporation,USD,2025,2,営業赤字; FCFマイナス; ROIC; ROIC最低値; 営業利益率,0.0093,-0.1226,0.0225,0.3416,0.9519,False,False,False,False,reported,RevenueFromContractWithCustomerExcludingAssessedTax,,,True,56.4,4.7
SHOP,Shopify Inc.,USD,2025,2,営業赤字; FCFマイナス; ROIC; ROIC最低値; 営業利益率,0.0861,-0.1236,0.127,0.2582,1.6949,False,False,False,False,reported,Revenues+RevenueFromContractWithCustomerExcludingAssessedTax,0.1507,-0.2761,False,42.9,3.6
INLX,"INTELLINETICS, INC.",USD,2025,2,営業赤字; ROIC; ROIC最低値; 営業利益率; FCF転換,-0.1241,-0.1241,-0.1079,0.0968,,False,True,False,False,reported,RevenueFromContractWithCustomerExcludingAssessedTax,-0.1241,-0.1241,False,0.0,50.9
SPOK,"SPOK HOLDINGS, INC.",USD,2025,2,営業赤字; 売上CAGR; ROIC; ROIC最低値; 営業利益率,0.1064,-0.1268,0.1411,-0.0043,1.7306,False,True,False,False,reported,RevenueFromContractWithCustomerExcludingAssessedTax,0.1286,-0.1936,False,17.3,67.8
UBER,"UBER TECHNOLOGIES, INC.",USD,2025,2,営業赤字; FCFマイナス; ROIC; ROIC最低値; 営業利益率,0.117,-0.1275,0.107,0.3139,1.6175,False,False,False,False,reported,Revenues,0.1469,-0.1556,False,20.3,23.8
TALO,Talos Energy Inc.,USD,2025,2,営業赤字; ROIC; ROIC最低値; 営業利益率; FCF転換,-0.1304,-0.1304,-0.3148,0.0936,,False,True,False,False,reported,Revenues,-0.146,-0.146,False,10.7,0.0
CCL,Carnival Corporation Ltd.,USD,2025,2,営業赤字; FCFマイナス; ROIC; ROIC最低値; FCF転換,0.091,-0.1315,0.1684,0.9327,,False,False,False,False,reported,RevenueFromContractWithCustomerExcludingAssessedTax,0.0958,-0.1675,False,5.0,1.5
DASH,"DOORDASH, INC.",USD,2025,2,営業赤字; ROIC; ROIC最低値; 営業利益率; FCF転換,0.0569,-0.1315,0.0527,0.2943,,False,True,False,False,reported,RevenueFromContractWithCustomerExcludingAssessedTax,0.1262,-0.3924,False,54.9,55.0
PAYD,PAID INC,USD,2025,2,営業赤字; FCFマイナス; ROIC; ROIC最低値; 営業利益率,-0.0933,-0.1332,-0.0316,0.086,3.7285,False,False,False,False,reported,RevenueFromContractWithCustomerExcludingAssessedTax,-0.1167,-5.6166,False,20.0,0.0
INSP,"Inspire Medical Systems, Inc.",USD,2025,2,営業赤字; FCFマイナス; ROIC; ROIC最低値; 営業利益率,0.0515,-0.1374,0.0559,0.406,1.6324,False,False,False,False,reported,RevenueFromContractWithCustomerExcludingAssessedTax,0.0851,-2.1591,False,39.5,0.0
VSAT,"VIASAT, INC.",USD,2026,2,営業赤字; ROIC; ROIC最低値; 営業利益率; FCF転換,0.0181,-0.1383,0.0233,0.1771,,False,True,False,False,reported,RevenueFromContractWithCustomerExcludingAssessedTax,0.0287,-0.2209,False,37.0,34.4
OSPN,OneSpan Inc.,USD,2025,2,営業赤字; FCFマイナス; 売上CAGR; ROIC; ROIC最低値,0.1408,-0.1433,0.1992,0.0319,1.0499,False,False,False,False,reported,RevenueFromContractWithCustomerExcludingAssessedTax+RevenueF,0.1901,-0.1999,False,25.9,38.2
LIVE,Live Ventures Incorporated,USD,2025,2,営業赤字; FCFマイナス; ROIC; ROIC最低値; 営業利益率,0.1213,-0.1479,0.0329,0.1299,1.1938,False,False,False,False,reported,RevenueFromContractWithCustomerExcludingAssessedTax+Revenues,0.1213,-0.1479,False,0.0,64.2
SSL,Sasol Limited,ZAR,2025,2,営業赤字; FCFマイナス; ROIC; ROIC最低値; 営業利益率,0.0971,-0.1502,0.0755,0.0539,2.7533,False,False,False,False,reported,Revenue,0.1327,-0.2197,False,26.8,0.0
CXM,"Sprinklr, Inc.",USD,2026,2,営業赤字; FCFマイナス; ROIC; ROIC最低値; 営業利益率,0.0536,-0.1523,0.0469,0.1487,9.546,False,False,False,False,reported,RevenueFromContractWithCustomerExcludingAssessedTax,0.074,-0.4042,False,27.5,8.4
CVNA,CARVANA CO.,USD,2025,2,営業赤字; FCFマイナス; ROIC最低値; 営業利益率; FCF転換,0.1755,-0.153,0.0927,0.1222,-7.4058,False,False,True,False,derived,RevenueFromContractWithCustomerExcludingAssessedTax,0.2418,-0.1621,False,27.4,0.0
CLSK,"CleanSpark, Inc.",USD,2025,2,営業赤字; FCFマイナス; ROIC; ROIC最低値; FCF転換,0.1158,-0.1532,0.4162,1.1015,-780.3133,False,False,False,False,reported,Revenues,0.1182,-0.1601,False,2.0,6.1
CRWS,"Crown Crafts, Inc.",USD,2026,2,営業赤字; 売上CAGR; ROIC; ROIC最低値; 営業利益率,0.017,-0.1575,0.0134,-0.0149,2.9506,False,True,False,False,reported,RevenueFromContractWithCustomerIncludingAssessedTax,0.0171,-0.159,False,0.4,0.0
EL,Estee Lauder Companies Inc,USD,2025,2,営業赤字; 売上CAGR; ROIC; ROIC最低値; 営業利益率,-0.1603,-0.1603,-0.0548,-0.0305,1.4065,False,True,False,False,reported,RevenueFromContractWithCustomerExcludingAssessedTax,-0.1603,-0.1603,False,0.0,55.2
GLBE,Global-E Online Ltd.,USD,2025,2,営業赤字; ROIC; ROIC最低値; 営業利益率; FCF転換,0.0607,-0.1611,0.0745,0.4074,,False,True,False,False,reported,Revenues,0.0924,-0.2268,False,34.3,40.2
CNC,CENTENE CORPORATION,USD,2025,2,営業赤字; FCFマイナス; ROIC; ROIC最低値; 営業利益率,-0.1612,-0.1612,-0.0437,0.1029,10.4341,False,False,False,False,reported,RevenueFromContractWithCustomerExcludingAssessedTax,-0.3535,-0.3535,False,54.4,29.0
BJRI,"BJ’S RESTAURANTS, INC.",USD,2025,2,営業赤字; FCFマイナス; ROIC; ROIC最低値; 営業利益率,0.0811,-0.1663,0.0331,0.1578,3.5875,False,False,False,False,reported,RevenueFromContractWithCustomerExcludingAssessedTax,0.0856,-0.1902,False,5.3,1.0
VST,Vistra Corp.,USD,2025,2,営業赤字; FCFマイナス; 売上CAGR; ROIC最低値; 営業利益率,0.2183,-0.1675,0.1084,-0.0016,2.1291,False,False,False,False,reported,RevenueFromContractWithCustomerExcludingAssessedTax,0.2464,-0.1824,False,11.4,40.7
TEAM,Atlassian Corporation,USD,2025,2,営業赤字; ROIC; ROIC最低値; 営業利益率; FCF転換,-0.0441,-0.1687,-0.025,0.257,,False,True,False,False,reported,RevenueFromContractWithCustomerExcludingAssessedTax,,,True,125.9,55.9
MKSI,MKS INC,USD,2025,2,営業赤字; ROIC; ROIC最低値; 営業利益率; FCF転換,0.0603,-0.1691,0.1343,0.0744,,False,True,False,False,reported,RevenueFromContractWithCustomerExcludingAssessedTax,0.0603,-0.1691,False,0.0,37.2
TEVA,TEVA PHARMACEUTICAL INDUSTRIES LIMITED,USD,2025,2,営業赤字; 売上CAGR; ROIC最低値; 営業利益率; FCF転換,0.1755,-0.1755,0.125,0.0211,,False,True,False,False,reported,RevenueFromContractWithCustomerExcludingAssessedTax,0.277,-0.2448,False,36.6,164.8
MNDY,monday.com Ltd.,USD,2025,2,営業赤字; ROIC; ROIC最低値; 営業利益率; FCF転換,-0.0011,-0.1767,-0.0014,0.414,,False,True,False,False,reported,Revenues,,,True,133.6,0.0
MOMO,Hello Group Inc.,CNY,2025,2,営業赤字; 売上CAGR; ROIC; ROIC最低値; 営業利益率,0.0965,-0.1783,0.1307,-0.0817,2.68,False,True,False,False,reported,RevenueFromContractWithCustomerExcludingAssessedTax,0.1897,-0.3764,False,49.1,5.4
SNAP,Snap Inc.,USD,2025,2,営業赤字; ROIC; ROIC最低値; 営業利益率; FCF転換,-0.0723,-0.1792,-0.0897,0.0956,,False,True,False,False,reported,RevenueFromContractWithCustomerExcludingAssessedTax,-0.1461,-0.4624,False,50.5,29.6
ESTC,Elastic N.V.,USD,2026,2,営業赤字; ROIC; ROIC最低値; 営業利益率; FCF転換,-0.0143,-0.1792,-0.0192,0.1917,,False,True,False,False,reported,RevenueFromContractWithCustomerExcludingAssessedTax,-0.0554,-1.1339,False,74.2,19.3
ASH,ASHLAND INC.,USD,2025,2,営業赤字; 売上CAGR; ROIC; ROIC最低値; 営業利益率,-0.1862,-0.1862,-0.4249,-0.0359,1.4268,False,True,False,False,reported,RevenueFromContractWithCustomerExcludingAssessedTax,-0.1992,-0.1992,False,6.5,21.4
MAX,"MediaAlpha, Inc.",USD,2025,2,営業赤字; ROIC; ROIC最低値; 営業利益率; FCF転換,0.1109,-0.1923,0.0199,0.1462,,False,True,True,False,reported,RevenueFromContractWithCustomerExcludingAssessedTax,0.1579,-0.2149,False,29.7,30.3
QTWO,"Q2 Holdings, Inc.",USD,2025,2,営業赤字; ROIC; ROIC最低値; 営業利益率; FCF転換,0.0476,-0.1975,0.0502,0.1236,,False,True,False,False,reported,RevenueFromContractWithCustomerExcludingAssessedTax,,,True,65.4,77.5
TENB,"TENABLE HOLDINGS, INC.",USD,2025,2,営業赤字; ROIC; ROIC最低値; 営業利益率; FCF転換,-0.0222,-0.1978,-0.0092,0.1658,,False,True,False,False,reported,RevenueFromContractWithCustomerExcludingAssessedTax,,,True,123.2,213.8
MATV,"Mativ Holdings, Inc.",USD,2025,2,営業赤字; ROIC; ROIC最低値; 営業利益率; FCF転換,-0.2002,-0.2002,-0.1935,0.2088,,False,True,False,False,reported,RevenueFromContractWithCustomerExcludingAssessedTax,-0.212,-0.212,False,5.6,3.8
GHG,GreenTree Hospitality Group Ltd.,CNY,2025,2,営業赤字; 売上CAGR; ROIC; ROIC最低値; 営業利益率,0.0244,-0.2009,0.0516,-0.1358,4.343,False,True,False,False,reported,Revenues,0.2479,-0.3738,False,90.1,1.4
F,Ford Motor Co,USD,2025,2,営業赤字; FCFマイナス; ROIC; ROIC最低値; 営業利益率,-0.2015,-0.2015,-0.049,0.0826,1.9886,False,False,False,False,reported,RevenueFromContractWithCustomerExcludingAssessedTax,,,True,107.1,1.3
MBLY,Mobileye Global Inc.,USD,2025,2,営業赤字; ROIC; ROIC最低値; 営業利益率; FCF転換,-0.0293,-0.2108,-0.2323,0.0812,,False,True,False,False,reported,RevenueFromContractWithCustomerExcludingAssessedTax,-0.0387,-0.2633,False,24.5,69.0
FVRR,Fiverr International Ltd.,USD,2025,2,営業赤字; ROIC; ROIC最低値; 営業利益率; FCF転換,-0.0023,-0.2216,-0.0027,0.0969,,False,True,False,False,reported,Revenues,,,True,59.0,30.7
SMTI,SANARA MEDTECH INC.,USD,2025,2,営業赤字; FCFマイナス; ROIC最低値; 営業利益率; FCF転換,0.9717,-0.2364,0.0708,0.4376,-0.3439,False,False,False,False,reported,RevenueFromContractWithCustomerExcludingAssessedTax,,,True,279.2,0.0
COIN,"Coinbase Global, Inc.",USD,2025,2,営業赤字; FCFマイナス; 売上CAGR; ROIC; ROIC最低値,0.0535,-0.2414,0.1999,-0.0217,1.7313,False,False,False,False,reported,Revenues,0.1183,-0.4818,False,54.7,19.7
EXTR,"EXTREME NETWORKS, INC.",USD,2025,2,営業赤字; 売上CAGR; ROIC; ROIC最低値; 営業利益率,0.055,-0.242,0.0149,0.0309,20.752,False,True,False,False,reported,RevenueFromContractWithCustomerExcludingAssessedTax,0.055,-0.242,False,0.0,164.0
APEI,"AMERICAN PUBLIC EDUCATION, INC.",USD,2025,2,営業赤字; ROIC; ROIC最低値; 営業利益率; FCF転換,0.0972,-0.245,0.0739,0.1157,,False,True,False,False,reported,RevenueFromContractWithCustomerExcludingAssessedTax,0.0972,-0.245,False,0.0,15.3
CDR-PB,"CEDAR REALTY TRUST, INC.",USD,2025,2,営業赤字; FCFマイナス; 売上CAGR; ROIC; ROIC最低値,0.0431,-0.2519,0.269,-0.0673,13.8896,False,False,False,False,reported,RevenueFromContractWithCustomerExcludingAssessedTax,0.0446,-0.2565,False,3.5,0.0
RPAY,Repay Holdings Corp,USD,2025,2,営業赤字; ROIC; ROIC最低値; 営業利益率; FCF転換,-0.2632,-0.2632,-0.8236,0.0898,,False,True,False,False,reported,RevenueFromContractWithCustomerExcludingAssessedTax,-0.3102,-0.3102,False,15.1,62.1
UPLD,"UPLAND SOFTWARE, INC.",USD,2025,2,営業赤字; 売上CAGR; ROIC; ROIC最低値; 営業利益率,0.019,-0.2972,0.0204,-0.0795,0.8056,False,True,True,False,reported,RevenueFromContractWithCustomerExcludingAssessedTax,0.0226,-0.3751,False,16.0,141.1
AUPH,Aurinia Pharmaceuticals Inc.,USD,2025,2,営業赤字; FCFマイナス; ROIC; ROIC最低値; FCF転換,0.1426,-0.298,0.3706,0.5784,,False,False,False,False,reported,RevenueFromContractWithCustomerExcludingAssessedTax,0.1654,-0.577,False,13.8,0.0
NEON,Neonode Inc.,USD,2025,2,営業赤字; FCFマイナス; 売上CAGR; ROIC最低値; FCF転換,0.2359,-0.3146,3.5747,-0.229,,False,False,False,True,reported,Revenues+RevenueFromContractWithCustomerIncludingAssessedTax,0.2359,-0.3146,False,0.0,0.0
LZ,"LegalZoom.com, Inc.",USD,2025,2,営業赤字; ROIC; ROIC最低値; 営業利益率; FCF転換,0.1148,-0.3402,0.033,0.0708,,False,True,False,False,reported,RevenueFromContractWithCustomerExcludingAssessedTax,,,True,118.2,81.9
BRLT,"Brilliant Earth Group, Inc.",USD,2025,2,営業赤字; 売上CAGR; ROIC; ROIC最低値; 営業利益率,-0.3453,-0.3453,-0.0123,0.0357,68.1388,False,True,False,False,reported,RevenueFromContractWithCustomerExcludingAssessedTax,,,True,642.9,0.0
WDH,Waterdrop Inc.,CNY,2025,2,営業赤字; FCFマイナス; ROIC; ROIC最低値; 営業利益率,0.0569,-0.3704,0.0932,0.0554,3.2601,False,False,False,False,reported,RevenueFromContractWithCustomerExcludingAssessedTax,0.0708,-1.2405,False,19.7,1.6
SPT,"SPROUT SOCIAL, INC.",USD,2025,2,営業赤字; ROIC; ROIC最低値; 営業利益率; FCF転換,-0.1688,-0.3796,-0.095,0.2493,,False,True,False,False,reported,RevenueFromContractWithCustomerExcludingAssessedTax,,,True,46.8,82.2
GSAT,"GLOBALSTAR, INC.",USD,2025,2,営業赤字; ROIC; ROIC最低値; 営業利益率; FCF転換,0.007,-0.3907,0.0272,0.2174,,False,True,False,False,reported,RevenueFromContractWithCustomerExcludingAssessedTax,0.015,-0.421,False,53.3,0.0
YEXT,"YEXT, INC.",USD,2026,2,営業赤字; 売上CAGR; ROIC最低値; 営業利益率; FCF転換,0.2208,-0.4,0.0998,0.0341,,False,True,False,False,reported,RevenueFromContractWithCustomerExcludingAssessedTax,,,True,96.7,69.5
PRVA,"Privia Health Group, Inc.",USD,2025,2,営業赤字; ROIC; ROIC最低値; 営業利益率; FCF転換,0.0367,-0.4024,0.0161,0.2175,,False,True,False,False,reported,RevenueFromContractWithCustomerIncludingAssessedTax,0.105,-1.616,False,65.1,28.5
CPNG,"COUPANG, INC.",USD,2025,2,営業赤字; FCFマイナス; ROIC; ROIC最低値; 営業利益率,0.0709,-0.4214,0.0137,0.1704,22.3103,False,False,False,False,reported,RevenueFromContractWithCustomerExcludingAssessedTax,,,True,119.9,0.0
SOGP,Sound Group Inc.,CNY,2025,2,営業赤字; FCFマイナス; ROIC最低値; 営業利益率; FCF転換,0.4274,-0.4294,0.0699,0.1,,False,False,False,False,reported,Revenues,,,True,163.3,0.0
HKHC,HORIZON KINETICS HOLDING CORPORATION,USD,2025,2,営業赤字; FCFマイナス; ROIC; ROIC最低値; FCF転換,0.0258,-0.4466,0.1521,0.251,-0.1083,False,False,False,False,reported,RevenueFromContractWithCustomerExcludingAssessedTax,0.0258,-0.4466,False,0.0,6.9
SLP,"Simulations Plus, Inc.",USD,2025,2,営業赤字; ROIC; ROIC最低値; 営業利益率; FCF転換,-0.4477,-0.4477,-0.8933,0.1425,,False,True,False,False,reported,RevenueFromContractWithCustomerExcludingAssessedTax+Revenues,-0.6044,-0.6044,False,25.9,35.0
ZS,"ZSCALER, INC.",USD,2025,2,営業赤字; ROIC; ROIC最低値; 営業利益率; FCF転換,-0.0564,-0.4512,-0.0481,0.4117,,False,True,False,False,reported,RevenueFromContractWithCustomerExcludingAssessedTax,,,True,132.8,23.2
CLVT,CLARIVATE PLC,USD,2025,2,営業赤字; ROIC; ROIC最低値; 営業利益率; FCF転換,0.0117,-0.4552,0.0291,0.0695,,False,True,False,False,reported,RevenueFromContractWithCustomerExcludingAssessedTax,0.0125,-0.4804,False,6.8,32.4
CAKE,THE CHEESECAKE FACTORY INCORPORATED,USD,2025,2,営業赤字; FCFマイナス; ROIC; ROIC最低値; 営業利益率,0.1483,-0.4826,0.0499,0.1728,3.3445,False,False,False,False,reported,RevenueFromContractWithCustomerIncludingAssessedTax,0.1892,-0.662,False,21.6,0.1
ZDPY,"ZONED PROPERTIES, INC.",USD,2025,2,営業赤字; ROIC; ROIC最低値; 営業利益率; FCF転換,-0.4856,-0.4856,-0.4554,0.3461,,False,True,False,False,reported,RevenueFromContractWithCustomerIncludingAssessedTax,-0.4856,-0.4856,False,0.0,0.0
HOUR,"Hour Loop, Inc.",USD,2025,2,営業赤字; FCFマイナス; ROIC最低値; 営業利益率; FCF転換,0.278,-0.5328,0.0173,0.2272,-1.0784,False,False,False,True,reported,RevenueFromContractWithCustomerExcludingAssessedTax,0.278,-0.5328,False,0.0,0.0
TEO,TELECOM ARGENTINA SA,ARS,2025,2,営業赤字; ROIC; ROIC最低値; 営業利益率; FCF転換,0.0333,-0.5471,0.054,0.3403,,False,True,False,False,reported,RevenueFromContractsWithCustomers,0.0359,-0.6139,False,7.4,41.6
INVX,"INNOVEX INTERNATIONAL, INC.",USD,2025,2,営業赤字; FCFマイナス; ROIC; ROIC最低値; 営業利益率,0.0991,-0.5484,0.1356,0.3577,1.6908,False,False,False,False,reported,RevenueFromContractWithCustomerExcludingAssessedTax,0.0991,-0.5484,False,0.0,0.0
BMBL,Bumble Inc.,USD,2025,2,営業赤字; ROIC; ROIC最低値; 営業利益率; FCF転換,-0.5495,-0.5495,-0.8344,0.0614,,False,True,False,False,reported,RevenueFromContractWithCustomerExcludingAssessedTax,-0.6478,-0.6478,False,15.2,63.2
TRVG,trivago N.V.,EUR,2025,2,営業赤字; ROIC; ROIC最低値; 営業利益率; FCF転換,0.0057,-0.5753,0.0028,0.1101,,False,True,False,False,reported,RevenueFromContractWithCustomerIncludingAssessedTax,0.006,-0.6518,False,5.6,6.5
SNOW,SNOWFLAKE INC.,USD,2026,2,営業赤字; ROIC; ROIC最低値; 営業利益率; FCF転換,-0.5893,-0.5893,-0.3064,0.4,,False,True,False,False,reported,RevenueFromContractWithCustomerExcludingAssessedTax,,,True,209.4,62.1
DH,Definitive Healthcare Corp.,USD,2025,2,営業赤字; ROIC; ROIC最低値; 営業利益率; FCF転換,-0.3258,-0.6604,-0.9286,0.098,,False,True,False,False,reported,Revenues,-0.4882,-1.0025,False,33.3,36.3
KNSA,"Kiniksa Pharmaceuticals International, p",USD,2025,2,営業赤字; FCFマイナス; ROIC; ROIC最低値; 営業利益率,0.1075,-0.6687,0.114,1.0476,0.9757,False,False,False,False,reported,RevenueFromContractWithCustomerExcludingAssessedTax,0.3973,-43.6327,False,73.0,0.0
NAGE,"Niagen Bioscience, Inc.",USD,2025,2,営業赤字; FCFマイナス; ROIC最低値; 営業利益率; FCF転換,0.168,-0.6741,0.1258,0.177,,False,False,False,False,reported,Revenues,0.168,-0.6741,False,0.0,0.0
ZETA,ZETA GLOBAL HOLDINGS CORP.,USD,2025,2,営業赤字; ROIC; ROIC最低値; 営業利益率; FCF転換,0.0042,-0.7159,0.0041,0.2989,,False,True,False,False,reported,RevenueFromContractWithCustomerExcludingAssessedTax,0.0062,-1.1527,False,31.9,52.7
VAL,Valaris Limited,USD,2025,2,営業赤字; FCFマイナス; ROIC; ROIC最低値; FCF転換,0.0885,-0.7828,0.2014,0.1351,,False,False,False,False,reported,Revenues,0.1031,-0.8457,False,14.1,0.0
AXIL,"AXIL Brands, Inc.",USD,2025,2,営業赤字; FCFマイナス; ROIC; ROIC最低値; 営業利益率,0.095,-0.9042,0.0442,1.0023,1.1356,False,False,False,False,reported,Revenues,,,True,49.4,0.0
VXRT,"VAXART, INC.",USD,2025,2,営業赤字; FCFマイナス; ROIC最低値; 営業利益率; FCF転換,0.1626,-1.1391,0.0762,3.0384,,False,False,False,False,reported,Revenues+RevenueFromContractWithCustomerIncludingAssessedTax,0.1835,-1.6149,False,11.4,5.1
HNRG,HALLADOR ENERGY CO,USD,2025,2,営業赤字; FCFマイナス; ROIC最低値; 営業利益率; FCF転換,0.2545,-1.1835,0.1301,0.1734,,False,False,False,False,reported,Revenues,0.2688,-1.2453,False,5.3,0.0
SPRO,"Spero Therapeutics, Inc.",USD,2025,2,営業赤字; FCFマイナス; ROIC; ROIC最低値; FCF転換,0.0845,-1.2565,0.5017,0.4229,,False,False,False,False,reported,RevenueFromContractWithCustomerExcludingAssessedTax,,,True,68.2,0.0
TGTX,"TG THERAPEUTICS, INC.",USD,2025,2,営業赤字; FCFマイナス; ROIC; ROIC最低値; FCF転換,0.109,-1.3295,0.2001,2.0982,,False,False,False,False,reported,RevenueFromContractWithCustomerExcludingAssessedTax,,,True,15.9,0.0
MLAB,"MESA LABORATORIES, INC.",USD,2026,2,営業赤字; ROIC; ROIC最低値; 営業利益率; FCF転換,0.0785,-1.4783,0.0743,0.0782,,False,True,False,False,reported,RevenueFromContractWithCustomerExcludingAssessedTax,0.0918,-1.8343,False,14.5,100.3
MRDN,Meridian Holdings Inc./NV,USD,2025,2,営業赤字; ROIC; ROIC最低値; 営業利益率; FCF転換,-1.6322,-1.6322,-0.5259,1.4325,,False,True,False,False,reported,Revenues,-1.6322,-1.6322,False,0.0,0.0
RSI,"Rush Street Interactive, Inc.",USD,2025,2,営業赤字; FCFマイナス; ROIC最低値; 営業利益率; FCF転換,0.4691,-1.7591,0.0771,0.2347,,False,False,False,False,reported,RevenueFromContractWithCustomerExcludingAssessedTax,,,True,232.6,0.0
ARWR,"ARROWHEAD PHARMACEUTICALS, INC.",USD,2025,2,営業赤字; FCFマイナス; ROIC最低値; 営業利益率; FCF転換,0.1667,-2.5606,0.1186,0.565,,False,False,False,False,reported,RevenueFromContractWithCustomerExcludingAssessedTax,,,True,148.7,0.0
CELH,"CELSIUS HOLDINGS, INC.",USD,2025,2,営業赤字; FCFマイナス; ROIC; ROIC最低値; 営業利益率,0.0943,-3.1095,0.0561,0.682,2.3163,False,False,False,False,reported,RevenueFromContractWithCustomerExcludingAssessedTax+Revenues,,,True,33.8,77.7
TDOC,"TELADOC HEALTH, INC.",USD,2025,2,営業赤字; ROIC; ROIC最低値; 営業利益率; FCF転換,-0.1499,-4.6738,-0.1039,0.0562,,False,True,False,False,reported,RevenueFromContractWithCustomerExcludingAssessedTax,-0.3436,-7.7622,False,56.4,20.4
FTK,FLOTEK INDUSTRIES INC/CN,USD,2025,2,営業赤字; FCFマイナス; ROIC最低値; 営業利益率; FCF転換,0.1624,-10.7791,0.098,0.5643,,False,False,False,False,reported,RevenueFromContractWithCustomerExcludingAssessedTax,,,True,5.1,0.0
MSGM,Motorsport Games Inc.,USD,2025,2,営業赤字; FCFマイナス; 売上CAGR; ROIC最低値; FCF転換,0.3788,-18.0418,0.2876,-0.0696,,False,False,False,False,reported,RevenueFromContractWithCustomerExcludingAssessedTax,,,True,73.7,0.0
STLD,"Steel Dynamics, Inc.",USD,2025,1,FCFマイナス; 売上CAGR; ROIC; ROIC最低値; 営業利益率; FCF転換,0.0885,0.0885,0.0812,-0.0032,0.5787,True,False,False,False,reported,RevenueFromContractWithCustomerExcludingAssessedTax,0.094,0.094,False,5.8,3.6
UIS,UNISYS CORP,USD,2025,1,FCFマイナス; 売上CAGR; ROIC; ROIC最低値; 営業利益率; FCF転換,0.1484,0.0829,0.0403,-0.0129,,True,False,True,False,reported,Revenues,,,True,99.0,46.4
KOP,KOPPERS HOLDINGS INC.,USD,2025,1,FCFマイナス; 売上CAGR; ROIC; ROIC最低値; 営業利益率; FCF転換,0.0888,0.0825,0.0893,0.0286,0.318,True,False,False,False,reported,RevenueFromContractWithCustomerExcludingAssessedTax,0.0888,0.0825,False,0.0,22.1
SHOE,"Shoe Carnival, Inc.",USD,2026,1,FCFマイナス; 売上CAGR; ROIC; ROIC最低値; 営業利益率; FCF転換,0.0765,0.0765,0.0588,-0.0389,0.543,True,False,False,False,reported,Revenues,0.0944,0.0944,False,19.0,2.6
SXT,Sensient Technologies Corp,USD,2025,1,FCFマイナス; 売上CAGR; ROIC; ROIC最低値; 営業利益率; FCF転換,0.086,0.0721,0.1285,0.0396,0.3845,True,False,False,False,reported,RevenueFromContractWithCustomerExcludingAssessedTax,0.0877,0.0734,False,1.9,23.1
OI,"O-I GLASS, INC.",USD,2025,1,FCFマイナス; 売上CAGR; ROIC; ROIC最低値; 営業利益率; FCF転換,0.0807,0.0692,0.0985,0.0027,0.1873,True,False,False,False,derived,RevenueFromContractWithCustomerIncludingAssessedTax,0.092,0.0789,False,12.2,24.0
ARW,"ARROW ELECTRONICS, INC.",USD,2025,1,FCFマイナス; 売上CAGR; ROIC; ROIC最低値; 営業利益率; FCF転換,0.0672,0.0672,0.0266,-0.0274,0.4195,True,False,False,False,reported,Revenues,0.0694,0.0694,False,3.2,21.9
ASX,"ASE Technology Holding Co., Ltd.",TWD,2025,1,FCFマイナス; 売上CAGR; ROIC; ROIC最低値; 営業利益率; FCF転換,0.0704,0.0668,0.0797,0.0315,0.4284,True,False,False,False,reported,Revenue,0.0839,0.0796,False,16.0,9.1
FSI,FLEXIBLE SOLUTIONS INTERNATIONAL INC.,USD,2025,1,FCFマイナス; 売上CAGR; ROIC; ROIC最低値; 営業利益率; FCF転換,0.0838,0.0657,0.1195,0.0285,0.2569,True,False,False,False,reported,RevenueFromContractWithCustomerExcludingAssessedTax,0.0838,0.0702,False,0.0,5.8
KE,"KIMBALL ELECTRONICS, INC.",USD,2025,1,FCFマイナス; 売上CAGR; ROIC; ROIC最低値; 営業利益率; FCF転換,0.0631,0.0631,0.0306,0.0358,0.0508,True,False,False,False,reported,RevenueFromContractWithCustomerExcludingAssessedTax,0.0748,0.0748,False,15.6,1.1
KMT,KENNAMETAL INC,USD,2025,1,FCFマイナス; 売上CAGR; ROIC; ROIC最低値; 営業利益率; FCF転換,0.0881,0.0607,0.0728,0.0166,0.5433,True,False,False,False,reported,Revenues,0.0989,0.0687,False,10.9,22.0
BG,BUNGE GLOBAL SA,USD,2025,1,FCFマイナス; 売上CAGR; ROIC; ROIC最低値; 営業利益率; FCF転換,0.0577,0.0577,0.0748,0.002,-0.9597,True,False,False,False,derived,RevenueFromContractWithCustomerExcludingAssessedTax,0.0652,0.0652,False,11.5,0.0
NMRK,"NEWMARK GROUP, INC.",USD,2025,1,FCFマイナス; 売上CAGR; ROIC; ROIC最低値; 営業利益率; FCF転換,0.0867,0.0549,0.0845,0.0261,0.6196,True,False,False,False,reported,RevenueFromContractWithCustomerExcludingAssessedTax,0.0971,0.0605,False,10.7,37.6
XPO,"XPO, Inc.",USD,2025,1,FCFマイナス; 売上CAGR; ROIC; ROIC最低値; 営業利益率; FCF転換,0.1013,0.053,0.0804,0.0316,0.0174,True,False,False,False,reported,RevenueFromContractWithCustomerExcludingAssessedTax,0.1079,0.0557,False,6.1,30.3
SWBI,"Smith & Wesson Brands, Inc.",USD,2026,1,FCFマイナス; 売上CAGR; ROIC; ROIC最低値; 営業利益率; FCF転換,0.0613,0.0507,0.0558,-0.1176,0.3893,True,False,False,False,reported,RevenueFromContractWithCustomerExcludingAssessedTax,0.0662,0.0543,False,7.5,5.1
TSEM,TOWER SEMICONDUCTOR LTD.,USD,2025,1,FCFマイナス; 売上CAGR; ROIC; ROIC最低値; 営業利益率; FCF転換,0.0498,0.0498,0.124,0.0095,0.3427,True,False,False,False,reported,Revenues,0.0795,0.0795,False,37.4,0.2
JAKK,"JAKKS Pacific, Inc.",USD,2025,1,FCFマイナス; 売上CAGR; ROIC; ROIC最低値; 営業利益率; FCF転換,0.0451,0.0451,0.1255,-0.3465,0.0018,True,False,False,False,reported,RevenueFromContractWithCustomerExcludingAssessedTax,0.057,0.057,False,21.0,14.1
CYH,"COMMUNITY HEALTH SYSTEMS, INC.",USD,2025,1,FCFマイナス; 売上CAGR; ROIC; ROIC最低値; 営業利益率; FCF転換,0.1308,0.045,0.1192,0.0024,-4.7353,True,False,True,False,reported,Revenues,0.1347,0.0452,False,2.9,36.9
APT,"Alpha Pro Tech, Ltd.",USD,2025,1,FCFマイナス; 売上CAGR; ROIC; ROIC最低値; 営業利益率; FCF転換,0.0485,0.0438,0.0649,-0.0365,0.5578,True,False,False,False,reported,RevenueFromContractWithCustomerIncludingAssessedTax,0.0667,0.0625,False,27.2,0.1
MLR,"MILLER INDUSTRIES, INC.",USD,2025,1,FCFマイナス; 売上CAGR; ROIC; ROIC最低値; 営業利益率; FCF転換,0.0436,0.0436,0.0294,0.0245,0.2394,True,False,False,False,derived,RevenueFromContractWithCustomerIncludingAssessedTax,0.0436,0.0436,False,0.0,4.8
AVT,"AVNET, INC.",USD,2025,1,FCFマイナス; 売上CAGR; ROIC; ROIC最低値; 営業利益率; FCF転換,0.0529,0.042,0.0232,0.0325,-0.0399,True,False,False,False,reported,RevenueFromContractWithCustomerExcludingAssessedTax,0.0543,0.0436,False,2.5,10.9
MOS,MOSAIC CO,USD,2025,1,FCFマイナス; 売上CAGR; ROIC; ROIC最低値; 営業利益率; FCF転換,0.0505,0.0398,0.0682,-0.0062,0.5785,True,False,False,False,reported,RevenueFromContractWithCustomerExcludingAssessedTax,0.0516,0.0407,False,2.2,7.8
FLXS,"FLEXSTEEL INDUSTRIES, INC.",USD,2025,1,FCFマイナス; 売上CAGR; ROIC; ROIC最低値; 営業利益率; FCF転換,0.1253,0.0397,0.0603,-0.0204,0.6808,True,False,False,False,reported,RevenueFromContractWithCustomerExcludingAssessedTax,0.1644,0.0404,False,23.8,0.0
ACU,ACME UNITED CORP,USD,2025,1,FCFマイナス; 売上CAGR; ROIC; ROIC最低値; 営業利益率; FCF転換,0.0899,0.0384,0.0749,0.0193,0.6214,True,False,False,False,reported,Revenues,0.0924,0.0403,False,2.8,7.7
BHE,"BENCHMARK ELECTRONICS, INC.",USD,2025,1,FCFマイナス; 売上CAGR; ROIC; ROIC最低値; 営業利益率; FCF転換,0.0458,0.038,0.0277,0.0405,0.3277,True,False,False,False,reported,RevenueFromContractWithCustomerExcludingAssessedTax,0.0608,0.0504,False,24.6,14.7
MHUAF,MEIHUA INTERNATIONAL MEDICAL TECHNOLOGIE,USD,2025,1,FCFマイナス; 売上CAGR; ROIC; ROIC最低値; 営業利益率; FCF転換,0.0331,0.0331,0.1341,-0.1221,0.06,True,False,False,False,reported,Revenues,0.0331,0.0331,False,0.0,0.0
CALY,Callaway Golf Company,USD,2025,1,FCFマイナス; 売上CAGR; ROIC; ROIC最低値; 営業利益率; FCF転換,0.0366,0.0281,0.0622,-0.0995,,True,False,False,False,reported,RevenueFromContractWithCustomerExcludingAssessedTax,0.0544,0.0303,False,32.7,22.4
ADMQ,"ADM ENDEAVORS, INC.",USD,2025,1,FCFマイナス; 売上CAGR; ROIC; ROIC最低値; 営業利益率; FCF転換,0.0538,0.0268,0.0436,-0.0376,-2.6892,True,False,False,False,reported,RevenueFromContractWithCustomerExcludingAssessedTax,0.0538,0.0268,False,0.0,19.1
EPC,EDGEWELL PERSONAL CARE COMPANY,USD,2025,1,FCFマイナス; 売上CAGR; ROIC; ROIC最低値; 営業利益率; FCF転換,0.026,0.026,0.0434,0.0159,-0.6445,True,False,False,False,reported,Revenues,0.026,0.026,False,0.0,38.7
SCL,STEPAN COMPANY,USD,2025,1,FCFマイナス; 売上CAGR; ROIC; ROIC最低値; 営業利益率; FCF転換,0.0332,0.0248,0.0337,-0.0015,-0.6722,True,False,False,False,reported,RevenueFromContractWithCustomerExcludingAssessedTax,0.0357,0.0266,False,7.1,4.9
SDSYA,SOUTH DAKOTA SOYBEAN PROCESSORS LLC,USD,2025,1,FCFマイナス; 売上CAGR; ROIC; ROIC最低値; 営業利益率; FCF転換,0.0233,0.0233,0.0346,-0.0388,-1.5174,True,False,False,False,reported,RevenueFromContractWithCustomerExcludingAssessedTax,0.0236,0.0236,False,1.4,0.0
BZH,"BEAZER HOMES USA, INC.",USD,2025,1,FCFマイナス; 売上CAGR; ROIC; ROIC最低値; 営業利益率; FCF転換,0.0232,0.0232,0.0154,0.026,0.1228,True,False,False,False,reported,RevenueFromContractWithCustomerExcludingAssessedTax,0.0232,0.0232,False,0.0,0.9
CPHC,Canterbury Park Holding Corp,USD,2025,1,FCFマイナス; 売上CAGR; ROIC; ROIC最低値; 営業利益率; FCF転換,0.0232,0.0232,0.0413,-0.0035,0.5972,True,False,False,False,reported,RevenueFromContractWithCustomerIncludingAssessedTax,0.0291,0.0291,False,20.3,0.0
NL,"NL INDUSTRIES, INC.",USD,2025,1,FCFマイナス; 売上CAGR; ROIC; ROIC最低値; 営業利益率; FCF転換,0.0235,0.0229,0.0674,0.0297,0.5049,True,False,False,False,reported,RevenueFromContractWithCustomerExcludingAssessedTax,0.034,0.034,False,30.8,7.6
NRG,"NRG Energy, Inc",USD,2025,1,FCFマイナス; 売上CAGR; ROIC; ROIC最低値; 営業利益率; FCF転換,0.0804,0.0222,0.0608,0.0318,0.3846,True,False,False,False,reported,RevenueFromContractWithCustomerExcludingAssessedTax,0.1086,0.0231,False,26.0,27.7
HZO,MARINEMAX INC,USD,2025,1,FCFマイナス; 売上CAGR; ROIC; ROIC最低値; 営業利益率; FCF転換,0.0202,0.0202,0.0147,0.0286,0.0088,True,False,False,False,reported,RevenueFromContractWithCustomerExcludingAssessedTax,0.0232,0.0232,False,12.8,39.6
LGIH,"LGI HOMES, INC.",USD,2025,1,FCFマイナス; 売上CAGR; ROIC; ROIC最低値; 営業利益率; FCF転換,0.0168,0.0168,0.0468,-0.1353,-0.5632,True,False,False,False,reported,Revenues,0.0168,0.0168,False,0.0,0.3
SENEA,SENECA FOODS CORPORATION,USD,2025,1,FCFマイナス; 売上CAGR; ROIC; ROIC最低値; 営業利益率; FCF転換,0.0559,0.0167,0.0493,0.0184,-0.0568,True,False,False,False,reported,RevenueFromContractWithCustomerIncludingAssessedTax,0.0582,0.0168,False,3.9,0.0
ZJYL,Jin Medical International Ltd.,USD,2025,1,FCFマイナス; 売上CAGR; ROIC; ROIC最低値; 営業利益率; FCF転換,0.0162,0.0162,0.0294,-0.0009,0.4016,True,False,False,False,reported,Revenues,0.0649,0.0649,False,75.0,0.0
OEC,ORION S.A.,USD,2025,1,FCFマイナス; 売上CAGR; ROIC; ROIC最低値; 営業利益率; FCF転換,0.0159,0.0159,0.0152,0.0396,-0.2345,True,False,False,False,reported,RevenueFromContractWithCustomerExcludingAssessedTax,0.0167,0.0167,False,4.4,0.0
ARTW,ARTS WAY MANUFACTURING CO INC,USD,2025,1,FCFマイナス; 売上CAGR; ROIC; ROIC最低値; 営業利益率; FCF転換,0.0145,0.0145,0.0126,-0.0205,-1.4849,True,False,False,False,reported,Revenues,0.0145,0.0145,False,0.0,0.0
CURLF,"CURALEAF HOLDINGS, INC.",USD,2025,1,FCFマイナス; 売上CAGR; ROIC; ROIC最低値; 営業利益率; FCF転換,0.0154,0.0137,0.0201,0.0148,,True,False,False,False,reported,RevenueFromContractWithCustomerExcludingAssessedTax,0.0154,0.0137,False,0.0,48.7
GT,GOODYEAR TIRE & RUBBER CO /OH/,USD,2025,1,FCFマイナス; 売上CAGR; ROIC; ROIC最低値; 営業利益率; FCF転換,0.0225,0.0133,0.0149,0.0113,,True,False,False,False,derived,RevenueFromContractWithCustomerExcludingAssessedTax,0.0246,0.0143,False,8.4,0.4
GLBS,GLOBUS MARITIME LTD,USD,2025,1,FCFマイナス; 売上CAGR; ROIC; ROIC最低値; 営業利益率; FCF転換,0.0157,0.0114,0.1021,0.0047,-2.5665,True,False,False,False,reported,Revenue,0.0177,0.0142,False,11.5,0.0
KMX,"CARMAX, INC.",USD,2026,1,FCFマイナス; 売上CAGR; ROIC; ROIC最低値; 営業利益率; FCF転換,0.0119,0.0105,0.0136,-0.0509,-0.2112,True,False,False,False,derived,RevenueFromContractWithCustomerExcludingAssessedTax,0.012,0.0107,False,0.5,0.0
VTSI,"VIRTRA, INC.",USD,2025,1,FCFマイナス; 売上CAGR; ROIC; ROIC最低値; 営業利益率; FCF転換,0.0076,0.0076,0.0195,-0.0215,-0.0982,True,False,False,False,reported,RevenueFromContractWithCustomerExcludingAssessedTax,0.0128,0.0128,False,40.8,0.0
WERN,"WERNER ENTERPRISES, INC.",USD,2025,1,FCFマイナス; 売上CAGR; ROIC; ROIC最低値; 営業利益率; FCF転換,0.0044,0.0044,0.0039,0.0213,-0.5906,True,False,False,False,reported,Revenues,0.0045,0.0045,False,2.8,6.1
HLMN,Hillman Solutions Corp.,USD,2025,1,FCFマイナス; 売上CAGR; ROIC; ROIC最低値; 営業利益率; FCF転換,0.0475,0.004,0.0734,0.0214,,True,False,False,False,reported,RevenueFromContractWithCustomerExcludingAssessedTax,0.0482,0.004,False,1.4,43.8
CVLG,"COVENANT LOGISTICS GROUP, INC.",USD,2025,1,FCFマイナス; 売上CAGR; ROIC; ROIC最低値; 営業利益率; FCF転換,0.0033,0.0033,0.0025,0.0272,-0.4706,True,False,False,False,reported,RevenueFromContractWithCustomerIncludingAssessedTax,0.0033,0.0033,False,0.7,11.5
KTCC,KEY TRONIC CORPORATION,USD,2025,1,FCFマイナス; 売上CAGR; ROIC; ROIC最低値; 営業利益率; FCF転換,0.0019,0.0019,0.0012,-0.0255,-19.0983,True,False,False,False,reported,Revenues,0.002,0.002,False,0.6,0.0
SLNG,"STABILIS SOLUTIONS, INC.",USD,2025,1,FCFマイナス; 売上CAGR; ROIC; ROIC最低値; 営業利益率; FCF転換,0.0513,0.0018,0.0707,-0.0034,,True,False,False,False,derived,RevenueFromContractWithCustomerExcludingAssessedTax,0.057,0.0018,False,10.0,5.8
ARAY,ACCURAY INCORPORATED,USD,2025,1,FCFマイナス; 売上CAGR; ROIC; ROIC最低値; 営業利益率; FCF転換,0.0284,0.0018,0.0171,0.0371,,True,False,False,False,reported,RevenueFromContractWithCustomerExcludingAssessedTax,0.0386,0.0027,False,26.4,26.6
MNTK,"MONTAUK RENEWABLES, INC.",USD,2025,1,FCFマイナス; 売上CAGR; ROIC; ROIC最低値; 営業利益率; FCF転換,0.0017,0.0017,0.0048,0.0446,-0.6146,True,False,False,False,reported,RevenueFromContractWithCustomerExcludingAssessedTax,0.0018,0.0018,False,6.1,0.0
VSH,"Vishay Intertechnology, Inc.",USD,2025,1,FCFマイナス; 売上CAGR; ROIC; ROIC最低値; 営業利益率; FCF転換,0.0148,0.0015,0.0185,-0.0135,0.1966,True,False,False,False,reported,Revenues,0.0178,0.0019,False,16.9,5.9
AWX,AVALON HOLDINGS CORPORATION,USD,2025,1,FCFマイナス; 売上CAGR; ROIC; ROIC最低値; 営業利益率; FCF転換,0.0239,0.0013,0.0242,0.0438,-3.643,True,False,False,False,reported,RevenueFromContractWithCustomerExcludingAssessedTax,0.0254,0.0013,False,6.1,0.0
TECK,TECK RESOURCES LIMITED,CAD,2025,1,営業赤字; FCFマイナス; 売上CAGR; ROIC; ROIC最低値; FCF転換,0.0612,-0.0002,0.209,-0.0419,0.4519,False,False,False,False,reported,RevenueFromContractsWithCustomers,0.074,-0.0003,False,17.3,1.5
JCSE,JE CLEANTECH HOLDINGS LIMITED,SGD,2025,1,営業赤字; FCFマイナス; ROIC; ROIC最低値; 営業利益率; FCF転換,0.0244,-0.0014,0.0301,0.0828,0.0703,False,False,False,False,reported,RevenueFromContractWithCustomerExcludingAssessedTax,0.049,-0.0022,False,50.2,0.0
TRT,TRIO-TECH INTERNATIONAL,USD,2025,1,営業赤字; FCFマイナス; 売上CAGR; ROIC; ROIC最低値; 営業利益率,0.0058,-0.0017,0.007,0.0296,1.4625,False,False,False,False,reported,RevenueFromContractWithCustomerIncludingAssessedTax,0.0111,-0.0032,False,48.1,0.0
FLL,FULL HOUSE RESORTS INC,USD,2025,1,営業赤字; FCFマイナス; ROIC; ROIC最低値; 営業利益率; FCF転換,0.0052,-0.0017,0.0103,0.1382,,False,False,False,False,reported,RevenueFromContractWithCustomerExcludingAssessedTax,0.0057,-0.0018,False,8.5,4.1
VICR,VICOR CORPORATION,USD,2025,1,営業赤字; FCFマイナス; 売上CAGR; ROIC; ROIC最低値; FCF転換,0.0908,-0.0018,0.2007,0.0321,0.5884,False,False,False,False,reported,RevenueFromContractWithCustomerExcludingAssessedTax,0.2094,-0.0035,False,56.6,0.0
KTOS,"Kratos Defense & Security Solutions, Inc",USD,2025,1,営業赤字; FCFマイナス; ROIC; ROIC最低値; 営業利益率; FCF転換,0.0101,-0.0019,0.019,0.135,,False,False,False,False,reported,RevenueFromContractWithCustomerExcludingAssessedTax,0.0141,-0.0021,False,28.1,29.8
ELSE,"Electro-Sensors, Inc.",USD,2025,1,営業赤字; FCFマイナス; 売上CAGR; ROIC; ROIC最低値; 営業利益率,0.0001,-0.0022,0.0002,0.0419,0.8731,False,False,False,False,reported,RevenueFromContractWithCustomerIncludingAssessedTax,0.0004,-0.0077,False,71.5,0.0
VSEC,VSE CORPORATION,USD,2025,1,営業赤字; FCFマイナス; ROIC; ROIC最低値; 営業利益率; FCF転換,0.0409,-0.003,0.0806,0.2329,-1.1529,False,False,False,False,reported,RevenueFromContractWithCustomerExcludingAssessedTax,0.0426,-0.003,False,4.0,37.0
BIOX,BIOCERES CROP SOLUTIONS CORP.,USD,2025,1,営業赤字; FCFマイナス; ROIC; ROIC最低値; 営業利益率; FCF転換,-0.0042,-0.0042,-0.0067,0.1246,,False,False,False,False,reported,Revenue,-0.0045,-0.0045,False,7.7,26.5
LXU,"LSB INDUSTRIES, INC.",USD,2025,1,営業赤字; FCFマイナス; 売上CAGR; ROIC; ROIC最低値; 営業利益率,0.0471,-0.0045,0.0931,0.0255,1.4152,False,False,False,False,reported,RevenueFromContractWithCustomerExcludingAssessedTax,0.0557,-0.0055,False,15.4,0.0
TAIT,TAITRON COMPONENTS INCORPORATED,USD,2024,1,営業赤字; FCFマイナス; 売上CAGR; ROIC; ROIC最低値; 営業利益率,-0.005,-0.005,-0.0251,-0.1132,0.8464,False,False,False,False,reported,Revenues,-0.0114,-0.0114,False,56.7,0.0
LBRDA,LIBERTY BROADBAND CORPORATION,USD,2024,1,営業赤字; FCFマイナス; ROIC; ROIC最低値; 営業利益率; FCF転換,-0.0032,-0.0056,-0.0492,1.1127,-0.2066,False,False,False,False,reported,RevenueFromContractWithCustomerExcludingAssessedTax,-0.0032,-0.0057,False,0.7,6.0
LILA,Liberty Latin America Ltd.,USD,2025,1,営業赤字; 売上CAGR; ROIC; ROIC最低値; 営業利益率; FCF転換,0.0097,-0.0066,0.0244,-0.0198,,False,True,False,False,reported,RevenueFromContractWithCustomerIncludingAssessedTax,0.0106,-0.0071,False,8.9,34.1
LBTYA,Liberty Global Ltd.,USD,2025,1,営業赤字; FCFマイナス; 売上CAGR; ROIC; ROIC最低値; 営業利益率,-0.001,-0.0071,-0.0048,-0.1706,1.0084,False,False,False,False,reported,RevenueFromContractWithCustomerExcludingAssessedTax,-0.0011,-0.0079,False,11.8,19.1
AESI,Atlas Energy Solutions Inc.,USD,2025,1,営業赤字; FCFマイナス; ROIC; ROIC最低値; 営業利益率; FCF転換,-0.0071,-0.0071,-0.01,0.5876,-0.2869,False,False,False,False,reported,RevenueFromContractWithCustomerExcludingAssessedTax,-0.0071,-0.0071,False,0.0,0.0
UNFI,"UNITED NATURAL FOODS, INC.",USD,2025,1,営業赤字; FCFマイナス; 売上CAGR; ROIC; ROIC最低値; 営業利益率,-0.0072,-0.0072,-0.001,0.0421,4.356,False,False,False,False,reported,RevenueFromContractWithCustomerExcludingAssessedTax,-0.0073,-0.0073,False,1.3,0.6
ENIC,ENEL CHILE S.A.,CLP,2024,1,営業赤字; FCFマイナス; ROIC; ROIC最低値; 営業利益率; FCF転換,0.0594,-0.0081,0.0955,0.1126,0.3152,False,False,False,False,reported,Revenue,0.0644,-0.009,False,7.7,17.9
JRSH,"Jerash Holdings (US), Inc.",USD,2026,1,営業赤字; FCFマイナス; 売上CAGR; ROIC; ROIC最低値; 営業利益率,0.0772,-0.0082,0.0381,0.0378,1.3713,False,False,False,False,reported,Revenues,0.0926,-0.0101,False,16.6,0.8
ICUI,ICU MEDICAL INC/DE,USD,2025,1,営業赤字; FCFマイナス; ROIC; ROIC最低値; 営業利益率; FCF転換,0.0099,-0.0091,0.0192,0.141,,False,False,False,False,reported,Revenues,0.0099,-0.0091,False,0.0,44.0
NPKI,NPK International Inc.,USD,2025,1,営業赤字; FCFマイナス; 売上CAGR; ROIC; ROIC最低値; FCF転換,0.1004,-0.0121,0.1689,-0.1807,,False,False,False,False,reported,RevenueFromContractWithCustomerExcludingAssessedTax,0.1018,-0.0126,False,1.4,20.7
PHI,PLDT Inc.,PHP,2024,1,営業赤字; FCFマイナス; 売上CAGR; ROIC; ROIC最低値; FCF転換,0.1067,-0.0123,0.2328,0.0462,0.0509,False,False,False,False,reported,Revenue,0.1097,-0.0133,False,2.7,16.8
BDN,BRANDYWINE REALTY TRUST,USD,2025,1,営業赤字; 売上CAGR; ROIC; ROIC最低値; 営業利益率; FCF転換,0.0266,-0.0129,0.055,-0.0012,,False,True,False,False,reported,Revenues,0.0277,-0.0135,False,4.1,0.0
GFS,GLOBALFOUNDRIES Inc.,USD,2025,1,営業赤字; FCFマイナス; 売上CAGR; ROIC; ROIC最低値; 営業利益率,0.0485,-0.0143,0.1174,0.0077,1.0796,False,False,False,False,reported,Revenue,0.0563,-0.0175,False,13.9,0.0
BIDU,"Baidu, Inc.",CNY,2025,1,営業赤字; FCFマイナス; 売上CAGR; ROIC; ROIC最低値; 営業利益率,-0.0146,-0.0146,-0.0451,0.0091,0.7494,False,False,False,False,reported,RevenueFromContractWithCustomerExcludingAssessedTax,-0.023,-0.023,False,36.6,11.7
GDRX,"GoodRx Holdings, Inc.",USD,2025,1,営業赤字; 売上CAGR; ROIC; ROIC最低値; 営業利益率; FCF転換,0.0626,-0.015,0.1098,0.0168,,False,True,False,False,reported,RevenueFromContractWithCustomerExcludingAssessedTax,0.082,-0.0286,False,23.7,39.0
CTOS,"Custom Truck One Source, Inc.",USD,2025,1,営業赤字; FCFマイナス; ROIC; ROIC最低値; 営業利益率; FCF転換,0.0402,-0.0153,0.0864,0.1638,,False,False,False,False,reported,RevenueFromContractWithCustomerExcludingAssessedTax,0.0403,-0.0155,False,0.3,28.7
PK,Park Hotels & Resorts Inc.,USD,2025,1,営業赤字; FCFマイナス; ROIC; ROIC最低値; 営業利益率; FCF転換,-0.0037,-0.0154,-0.013,0.1687,,False,False,False,False,reported,RevenueFromContractWithCustomerExcludingAssessedTax,-0.0039,-0.0167,False,3.3,0.0
VFC,V. F. CORPORATION,USD,2026,1,営業赤字; FCFマイナス; 売上CAGR; ROIC; ROIC最低値; 営業利益率,0.0848,-0.0155,0.06,-0.051,2.7007,False,False,False,False,reported,RevenueFromContractWithCustomerExcludingAssessedTax,0.1002,-0.017,False,15.3,10.9
TSN,"TYSON FOODS, INC.",USD,2025,1,営業赤字; FCFマイナス; 売上CAGR; ROIC; ROIC最低値; 営業利益率,0.0457,-0.0156,0.0202,0.0372,0.8507,False,False,False,False,reported,Revenues,0.0488,-0.016,False,6.5,49.9
BEKE,KE Holdings Inc.,CNY,2025,1,営業赤字; FCFマイナス; 売上CAGR; ROIC; ROIC最低値; 営業利益率,0.0251,-0.016,0.0223,0.0403,2.5252,False,False,False,False,reported,RevenueFromContractWithCustomerExcludingAssessedTax,0.0874,-0.0625,False,71.3,7.0
CEG,CONSTELLATION ENERGY CORPORATION,USD,2025,1,営業赤字; FCFマイナス; ROIC; ROIC最低値; 営業利益率; FCF転換,0.1115,-0.0161,0.1362,0.0705,-2.4806,False,False,False,False,reported,RevenueFromContractWithCustomerExcludingAssessedTax,0.1338,-0.0166,False,16.7,0.0
NBR,NABORS INDUSTRIES LTD,USD,2025,1,営業赤字; FCFマイナス; ROIC; ROIC最低値; 営業利益率; FCF転換,0.1374,-0.0166,0.1479,0.1209,,False,False,False,False,reported,RevenueFromContractWithCustomerExcludingAssessedTax,0.2106,-0.0223,False,34.7,0.0
EVCM,EverCommerce Inc.,USD,2025,1,営業赤字; 売上CAGR; ROIC; ROIC最低値; 営業利益率; FCF転換,0.0377,-0.0167,0.1006,0.047,,False,True,False,False,reported,RevenueFromContractWithCustomerExcludingAssessedTax,0.0421,-0.0179,False,10.5,72.1
GCO,Genesco Inc.,USD,2026,1,営業赤字; FCFマイナス; 売上CAGR; ROIC; ROIC最低値; 営業利益率,0.024,-0.0176,0.0071,0.0014,0.7689,False,False,False,False,reported,RevenueFromContractWithCustomerExcludingAssessedTax,0.024,-0.0176,False,0.0,1.7
APWC,ASIA PACIFIC WIRE & CABLE CORPORATION LI,USD,2024,1,営業赤字; FCFマイナス; ROIC; ROIC最低値; 営業利益率; FCF転換,0.043,-0.0185,0.0212,0.108,-4.4519,False,False,False,False,reported,Revenue,0.0527,-0.0233,False,18.5,0.0
SHEN,Shenandoah Telecommunications Company,USD,2025,1,営業赤字; FCFマイナス; ROIC; ROIC最低値; 営業利益率; FCF転換,-0.0122,-0.0193,-0.0649,0.0991,-1.0185,False,False,False,False,reported,RevenueFromContractWithCustomerExcludingAssessedTax,-0.0124,-0.0206,False,1.8,0.0
XIFR,"XPLR INFRASTRUCTURE, LP",USD,2025,1,営業赤字; FCFマイナス; ROIC; ROIC最低値; 営業利益率; FCF転換,-0.0086,-0.0199,-0.1566,0.1326,-0.2739,False,False,False,False,reported,Revenues,-0.0091,-0.0203,False,5.6,0.0
TV,"Grupo Televisa, S.A.B.",MXN,2024,1,営業赤字; FCFマイナス; 売上CAGR; ROIC; ROIC最低値; 営業利益率,-0.0217,-0.0217,-0.0453,-0.0312,1.1632,False,False,False,False,reported,Revenue,-0.0396,-0.0396,False,45.1,0.0
HUN,Huntsman Corporation,USD,2025,1,営業赤字; FCFマイナス; 売上CAGR; ROIC; ROIC最低値; 営業利益率,-0.0217,-0.0217,-0.0231,-0.0722,1.2727,False,False,False,False,reported,RevenueFromContractWithCustomerExcludingAssessedTax,-0.0239,-0.0239,False,9.0,13.2
CMCO,Columbus McKinnon Corporation,USD,2026,1,営業赤字; FCFマイナス; ROIC; ROIC最低値; 営業利益率; FCF転換,-0.0246,-0.0246,-0.1,0.0712,,False,False,False,False,reported,RevenueFromContractWithCustomerExcludingAssessedTax,-0.0252,-0.0252,False,2.5,36.8
KWY,KINGSWAY CORPORATION,USD,2025,1,営業赤字; FCFマイナス; ROIC; ROIC最低値; 営業利益率; FCF転換,-0.0255,-0.0255,-0.0178,0.1455,-2.0368,False,False,True,False,reported,RevenueFromContractWithCustomerExcludingAssessedTax,-0.0288,-0.0528,False,11.4,93.2
AHT,"ASHFORD HOSPITALITY TRUST, INC.",USD,2025,1,営業赤字; FCFマイナス; ROIC; ROIC最低値; 営業利益率; FCF転換,0.0484,-0.0255,0.1054,0.0821,,False,False,True,False,reported,RevenueFromContractWithCustomerExcludingAssessedTax,0.0501,-0.03,False,3.5,0.0
CRK,"COMSTOCK RESOURCES, INC.",USD,2025,1,営業赤字; FCFマイナス; 売上CAGR; ROIC; ROIC最低値; FCF転換,0.0935,-0.0257,0.2909,0.0466,-0.4301,False,False,False,False,reported,RevenueFromContractWithCustomerExcludingAssessedTax,0.0939,-0.0257,False,0.4,6.2
STRT,STRATTEC SECURITY CORP,USD,2025,1,営業赤字; FCFマイナス; 売上CAGR; ROIC; ROIC最低値; 営業利益率,0.0812,-0.026,0.0403,0.0388,1.4201,False,False,False,False,reported,RevenueFromContractWithCustomerExcludingAssessedTax,0.1314,-0.0293,False,38.2,0.0
AAL,AMERICAN AIRLINES GROUP INC.,USD,2025,1,営業赤字; FCFマイナス; ROIC; ROIC最低値; 営業利益率; FCF転換,0.0472,-0.0279,0.0269,0.1628,,False,False,True,False,reported,RevenueFromContractWithCustomerExcludingAssessedTax,0.0589,-0.0469,False,19.9,16.7
WAFU,Wah Fu Education Group Ltd.,USD,2025,1,営業赤字; FCFマイナス; 売上CAGR; ROIC; ROIC最低値; 営業利益率,-0.0289,-0.0289,-0.0634,-0.0768,1.6761,False,False,False,False,reported,Revenues,-0.0289,-0.0289,False,0.0,0.0
DCO,DUCOMMUN INCORPORATED,USD,2025,1,営業赤字; FCFマイナス; ROIC; ROIC最低値; 営業利益率; FCF転換,-0.0292,-0.0292,-0.0433,0.0632,-0.1305,False,False,False,False,reported,RevenueFromContractWithCustomerExcludingAssessedTax,-0.0306,-0.0306,False,4.7,25.3
MEC,"Mayville Engineering Company, Inc.",USD,2025,1,営業赤字; FCFマイナス; 売上CAGR; ROIC; ROIC最低値; 営業利益率,-0.0126,-0.0294,-0.007,0.047,2.6327,False,False,False,False,reported,RevenueFromContractWithCustomerExcludingAssessedTax,-0.0127,-0.0295,False,0.6,58.3
TSQ,"Townsquare Media, Inc.",USD,2025,1,営業赤字; 売上CAGR; ROIC; ROIC最低値; 営業利益率; FCF転換,0.0918,-0.0297,0.1034,0.0056,,False,True,True,False,reported,RevenueFromContractWithCustomerExcludingAssessedTax,0.093,-0.0337,False,1.3,38.8
AIRT,"Air T, Inc.",USD,2026,1,営業赤字; FCFマイナス; ROIC; ROIC最低値; 営業利益率; FCF転換,-0.0307,-0.0307,-0.0342,0.1658,-0.3439,False,False,True,False,reported,RevenueFromContractWithCustomerExcludingAssessedTax+Revenues,-0.0332,-0.0332,False,7.4,4.1
RYZ,Ryerson Holding Corp,USD,2025,1,営業赤字; FCFマイナス; 売上CAGR; ROIC; ROIC最低値; 営業利益率,-0.0322,-0.0322,-0.0067,-0.0526,0.9867,False,False,False,False,reported,RevenueFromContractWithCustomerExcludingAssessedTax,-0.0334,-0.0334,False,3.6,21.4
SHAK,SHAKE SHACK INC.,USD,2025,1,営業赤字; FCFマイナス; ROIC; ROIC最低値; 営業利益率; FCF転換,0.0639,-0.0323,0.0432,0.1822,-0.6771,False,False,False,False,reported,RevenueFromContractWithCustomerExcludingAssessedTax,0.1196,-0.0615,False,46.6,0.0
PACK,RANPAK HOLDINGS CORP.,USD,2025,1,営業赤字; 売上CAGR; ROIC; ROIC最低値; 営業利益率; FCF転換,-0.0205,-0.0334,-0.0615,0.0072,,False,True,False,False,reported,Revenues,-0.022,-0.0356,False,6.7,48.9
KODK,EASTMAN KODAK CO,USD,2025,1,営業赤字; FCFマイナス; 売上CAGR; ROIC; ROIC最低値; 営業利益率,0.0,-0.0351,0.0,-0.0181,1.6731,False,False,False,False,reported,RevenueFromContractWithCustomerExcludingAssessedTax,0.0,-0.054,False,53.0,1.5
KRO,"KRONOS WORLDWIDE, INC.",USD,2025,1,営業赤字; FCFマイナス; 売上CAGR; ROIC; ROIC最低値; 営業利益率,-0.022,-0.0354,-0.0196,-0.0105,0.8851,False,False,False,False,reported,RevenueFromContractWithCustomerExcludingAssessedTax,-0.0226,-0.042,False,2.5,0.0
BOC,Boston Omaha Corporation,USD,2025,1,営業赤字; FCFマイナス; ROIC; ROIC最低値; 営業利益率; FCF転換,-0.0055,-0.0357,-0.0343,0.1903,-2.7276,False,False,False,False,reported,Revenues,-0.0061,-0.0418,False,10.1,32.3
LUCK,LUCKY STRIKE ENTERTAINMENT CORPORATION,USD,2025,1,営業赤字; FCFマイナス; ROIC; ROIC最低値; 営業利益率; FCF転換,0.1071,-0.0358,0.1142,0.3204,,False,False,True,False,reported,Revenues,0.1071,-0.0358,False,0.0,83.4
LCUT,"LIFETIME BRANDS, INC.",USD,2025,1,営業赤字; 売上CAGR; ROIC; ROIC最低値; 営業利益率; FCF転換,-0.036,-0.036,-0.0146,-0.0691,,False,True,False,False,reported,RevenueFromContractWithCustomerExcludingAssessedTax,-0.0367,-0.0367,False,2.1,0.0
SODI,SOLITRON DEVICES INC,USD,2026,1,営業赤字; FCFマイナス; ROIC; ROIC最低値; 営業利益率; FCF転換,0.0003,-0.037,0.0953,0.0841,0.0309,False,False,False,False,reported,RevenueFromContractWithCustomerIncludingAssessedTax+Revenues,0.0003,-0.0486,False,0.1,0.0
TATT,TAT TECHNOLOGIES LTD,USD,2025,1,営業赤字; FCFマイナス; ROIC; ROIC最低値; 営業利益率; FCF転換,0.079,-0.0382,0.1057,0.2292,-1.7928,False,False,False,False,reported,Revenues,0.1086,-0.0452,False,27.3,0.0
TAC,TRANSALTA CORPORATION,CAD,2025,1,営業赤字; FCFマイナス; 売上CAGR; ROIC; ROIC最低値; 営業利益率,0.0222,-0.039,0.0582,-0.0304,6.5251,False,False,False,False,reported,Revenue,0.0231,-0.0485,False,4.1,10.3
RAYA,ERAYAK Power Solution Group Inc.,USD,2025,1,営業赤字; FCFマイナス; ROIC; ROIC最低値; 営業利益率; FCF転換,-0.0276,-0.039,-0.0718,0.0524,-3.439,False,False,False,False,reported,Revenues,-0.0306,-0.039,False,9.7,0.0
ORN,"ORION GROUP HOLDINGS, INC.",USD,2025,1,営業赤字; FCFマイナス; ROIC; ROIC最低値; 営業利益率; FCF転換,0.0692,-0.0393,0.0171,0.0911,,False,False,False,False,reported,RevenueFromContractWithCustomerExcludingAssessedTax,0.0698,-0.042,False,1.0,0.0
ICHR,"Ichor Holdings, Ltd.",USD,2025,1,営業赤字; FCFマイナス; 売上CAGR; ROIC; ROIC最低値; 営業利益率,-0.0394,-0.0394,-0.0414,-0.0359,1.5691,False,False,False,False,reported,RevenueFromContractWithCustomerExcludingAssessedTax,-0.045,-0.045,False,12.5,42.6
GDS,GDS Holdings Limited,CNY,2025,1,営業赤字; FCFマイナス; ROIC; ROIC最低値; 営業利益率; FCF転換,-0.0009,-0.0395,-0.0049,0.0996,,False,False,False,False,reported,RevenueFromContractWithCustomerExcludingAssessedTax,-0.0009,-0.0395,False,0.0,10.0
FRPT,"FRESHPET, INC.",USD,2025,1,営業赤字; FCFマイナス; ROIC; ROIC最低値; 営業利益率; FCF転換,0.0495,-0.0398,0.0687,0.2686,-12.3017,False,False,False,False,reported,RevenueFromContractWithCustomerExcludingAssessedTax,0.0642,-0.0467,False,23.0,0.0
RXO,"RXO, INC.",USD,2025,1,営業赤字; FCFマイナス; ROIC; ROIC最低値; 営業利益率; FCF転換,-0.0401,-0.0401,-0.0138,0.052,,False,False,False,False,reported,RevenueFromContractWithCustomerExcludingAssessedTax,-0.0405,-0.0405,False,1.1,71.3
SJM,THE J. M. SMUCKER COMPANY,USD,2026,1,営業赤字; 売上CAGR; ROIC; ROIC最低値; 営業利益率; FCF転換,0.0235,-0.0406,0.0398,0.0314,,False,True,False,False,reported,RevenueFromContractWithCustomerIncludingAssessedTax,0.0235,-0.0406,False,0.0,43.1
VYX,NCR VOYIX CORPORATION,USD,2025,1,営業赤字; FCFマイナス; 売上CAGR; ROIC; ROIC最低値; 営業利益率,0.01,-0.0407,0.0097,-0.0764,2.3904,False,False,False,False,reported,RevenueFromContractWithCustomerExcludingAssessedTax,0.0113,-0.0451,False,11.3,74.2
FSTR,L.B. Foster Company,USD,2025,1,営業赤字; FCFマイナス; 売上CAGR; ROIC; ROIC最低値; 営業利益率,0.0986,-0.0415,0.0405,0.0126,4.6761,False,False,False,False,reported,RevenueFromContractWithCustomerIncludingAssessedTax,0.1011,-0.0424,False,2.5,18.9
ADNT,Adient plc,USD,2025,1,営業赤字; FCFマイナス; 売上CAGR; ROIC; ROIC最低値; 営業利益率,0.0232,-0.043,0.0036,0.0153,1.014,False,False,False,False,derived,RevenueFromContractWithCustomerExcludingAssessedTax,0.0232,-0.043,False,0.0,102.2
BILL,"BILL HOLDINGS, INC.",USD,2025,1,営業赤字; FCFマイナス; ROIC; ROIC最低値; 営業利益率; FCF転換,-0.0113,-0.043,-0.0551,0.574,,False,False,False,False,reported,RevenueFromContractWithCustomerExcludingAssessedTax,-0.0187,-0.0804,False,39.4,42.6
NEXA,NEXA RESOURCES S.A.,USD,2025,1,営業赤字; FCFマイナス; 売上CAGR; ROIC; ROIC最低値; FCF転換,0.1483,-0.0434,0.1659,0.0344,,False,False,False,False,reported,Revenue,0.1845,-0.0521,False,19.7,0.0
MRMD,MARIMED INC.,USD,2025,1,営業赤字; FCFマイナス; ROIC; ROIC最低値; 営業利益率; FCF転換,-0.0445,-0.0445,-0.0176,0.071,,False,False,False,False,reported,RevenueFromContractWithCustomerExcludingAssessedTax,-0.0445,-0.0445,False,0.0,48.0
AVO,"MISSION PRODUCE, INC.",USD,2025,1,営業赤字; FCFマイナス; ROIC; ROIC最低値; 営業利益率; FCF転換,0.0754,-0.0457,0.0469,0.1176,0.3101,False,False,False,False,reported,RevenueFromContractWithCustomerExcludingAssessedTax,0.0833,-0.0498,False,9.5,5.8
QRHC,Quest Resource Holding Corporation,USD,2025,1,営業赤字; FCFマイナス; ROIC; ROIC最低値; 営業利益率; FCF転換,-0.0461,-0.0461,-0.0246,0.1259,,False,False,False,False,reported,RevenueFromContractWithCustomerExcludingAssessedTax,-0.0465,-0.0465,False,1.0,76.8
GIII,G III APPAREL GROUP LTD /DE/,USD,2026,1,営業赤字; FCFマイナス; 売上CAGR; ROIC; ROIC最低値; 営業利益率,0.0483,-0.0463,0.0365,0.0168,2281.1986,False,False,False,False,reported,RevenueFromContractWithCustomerIncludingAssessedTax,0.0628,-0.0515,False,23.0,0.0
GROY,Gold Royalty Corp.,USD,2025,1,営業赤字; FCFマイナス; ROIC; ROIC最低値; 営業利益率; FCF転換,0.0017,-0.047,0.0987,2.0028,,False,False,False,False,reported,Revenue,0.0018,-0.0471,False,2.0,0.0
BAK,BRASKEM SA,BRL,2024,1,営業赤字; FCFマイナス; ROIC; ROIC最低値; 営業利益率; FCF転換,-0.0176,-0.0477,-0.0139,0.0723,,False,False,True,False,reported,Revenue,-0.0269,-0.0814,False,34.6,0.0
TRCK,"TRACK GROUP, INC.",USD,2025,1,営業赤字; 売上CAGR; ROIC; ROIC最低値; 営業利益率; FCF転換,0.0315,-0.0479,0.0353,-0.0293,,False,True,True,False,reported,RevenueFromContractWithCustomerIncludingAssessedTax,0.0315,-0.0479,False,0.0,26.6
JBLU,JETBLUE AIRWAYS CORP,USD,2025,1,営業赤字; FCFマイナス; ROIC; ROIC最低値; 営業利益率; FCF転換,-0.0274,-0.0483,-0.0406,0.1069,,False,False,False,False,reported,RevenueFromContractWithCustomerExcludingAssessedTax,-0.0344,-0.0714,False,20.3,0.0
CLPS,CLPS Incorporation,USD,2025,1,営業赤字; FCFマイナス; ROIC; ROIC最低値; 営業利益率; FCF転換,-0.0484,-0.0484,-0.0327,0.0688,-4.3355,False,False,False,False,reported,Revenues,-0.0723,-0.0723,False,33.1,0.0
TREE,"LendingTree, Inc.",USD,2025,1,営業赤字; 売上CAGR; ROIC; ROIC最低値; 営業利益率; FCF転換,0.0755,-0.0491,0.058,0.0043,,False,True,False,False,reported,Revenues,0.0857,-0.0593,False,12.0,56.2
HTLD,HEARTLAND EXPRESS INC,USD,2025,1,営業赤字; FCFマイナス; ROIC; ROIC最低値; 営業利益率; FCF転換,-0.0496,-0.0496,-0.0713,0.0732,-0.3468,False,False,False,False,reported,Revenues,-0.0506,-0.0506,False,2.0,35.3
TTI,"TETRA Technologies, Inc.",USD,2025,1,営業赤字; FCFマイナス; ROIC; ROIC最低値; 営業利益率; FCF転換,0.0951,-0.0496,0.0878,0.129,-0.0384,False,False,False,False,derived,RevenueFromContractWithCustomerIncludingAssessedTax,0.1129,-0.0568,False,15.8,0.0
ANIP,"ANI PHARMACEUTICALS, INC",USD,2025,1,営業赤字; FCFマイナス; ROIC; ROIC最低値; 営業利益率; FCF転換,0.1033,-0.0506,0.1258,0.4218,,False,False,False,False,reported,RevenueFromContractWithCustomerExcludingAssessedTax,0.1555,-0.0603,False,33.6,7.4
CRSR,"Corsair Gaming, Inc.",USD,2025,1,営業赤字; 売上CAGR; ROIC; ROIC最低値; 営業利益率; FCF転換,0.0022,-0.0507,0.0014,-0.0622,,False,True,False,False,reported,RevenueFromContractWithCustomerExcludingAssessedTax,0.0022,-0.0507,False,0.0,47.4
LGL,LGL GROUP INC,USD,2025,1,営業赤字; FCFマイナス; ROIC; ROIC最低値; 営業利益率; FCF転換,0.0045,-0.0508,0.1015,0.1413,0.143,False,False,False,False,reported,RevenueFromContractWithCustomerExcludingAssessedTax,,,True,95.5,0.0
PDFS,PDF SOLUTIONS INC,USD,2025,1,営業赤字; FCFマイナス; ROIC; ROIC最低値; 営業利益率; FCF転換,0.0275,-0.0524,0.0431,0.185,,False,False,False,False,derived,RevenueFromContractWithCustomerIncludingAssessedTax,0.0326,-0.145,False,15.6,35.1
TTSH,"TILE SHOP HOLDINGS, INC.",USD,2025,1,営業赤字; FCFマイナス; 売上CAGR; ROIC; ROIC最低値; 営業利益率,-0.0526,-0.0526,-0.0173,-0.0237,1.8984,False,False,False,False,reported,RevenueFromContractWithCustomerExcludingAssessedTax,-0.0596,-0.0596,False,11.6,0.0
GPRE,Green Plains Inc.,USD,2025,1,営業赤字; FCFマイナス; ROIC; ROIC最低値; 営業利益率; FCF転換,-0.0469,-0.0556,-0.3558,0.2169,,False,False,False,False,reported,RevenueFromContractWithCustomerExcludingAssessedTax,-0.0559,-0.0812,False,16.1,0.0
BATL,Battalion Oil Corp,USD,2025,1,営業赤字; 売上CAGR; ROIC; ROIC最低値; 営業利益率; FCF転換,-0.0307,-0.0573,-0.0402,-0.1271,,False,True,True,False,reported,RevenueFromContractWithCustomerExcludingAssessedTax,-0.0367,-0.0653,False,16.4,0.0
BNTX,BioNTech SE,EUR,2025,1,営業赤字; FCFマイナス; 売上CAGR; ROIC; ROIC最低値; 営業利益率,-0.0577,-0.0577,-0.4895,-0.3764,1.0254,False,False,False,False,reported,RevenueFromContractsWithCustomers,-0.0961,-0.1076,False,39.9,1.9
BWIN,"The Baldwin Insurance Group, Inc.",USD,2025,1,営業赤字; FCFマイナス; ROIC; ROIC最低値; 営業利益率; FCF転換,0.0953,-0.0589,0.0495,0.2738,,False,False,False,False,reported,RevenueFromContractWithCustomerExcludingAssessedTax,0.1194,-0.074,False,20.2,247.6
ATRO,ASTRONICS CORPORATION,USD,2025,1,営業赤字; FCFマイナス; ROIC; ROIC最低値; 営業利益率; FCF転換,0.1272,-0.0594,0.0886,0.1798,,False,False,False,False,reported,RevenueFromContractWithCustomerExcludingAssessedTax,0.1272,-0.0594,False,0.0,13.3
ALGT,ALLEGIANT TRAVEL COMPANY,USD,2025,1,営業赤字; FCFマイナス; ROIC; ROIC最低値; 営業利益率; FCF転換,0.0103,-0.0601,0.016,0.1016,,False,False,False,False,reported,RevenueFromContractWithCustomerExcludingAssessedTax,0.0143,-0.0798,False,28.2,0.0
LEAT,LEATT CORPORATION,USD,2025,1,営業赤字; 売上CAGR; ROIC; ROIC最低値; 営業利益率; FCF転換,0.0736,-0.0603,0.0648,-0.0386,0.4317,False,True,False,False,reported,Revenues,0.1054,-0.0883,False,30.2,0.0
SMHI,SEACOR Marine Holdings Inc.,USD,2025,1,営業赤字; FCFマイナス; ROIC; ROIC最低値; 営業利益率; FCF転換,0.0181,-0.0609,0.0602,0.0745,,False,False,False,False,reported,RevenueFromContractWithCustomerIncludingAssessedTax,0.0204,-0.0646,False,11.5,0.0
BALY,BALLY'S CORPORATION,USD,2024,1,営業赤字; FCFマイナス; ROIC; ROIC最低値; 営業利益率; FCF転換,-0.0609,-0.0609,-0.1054,0.6012,,False,False,False,False,reported,RevenueFromContractWithCustomerExcludingAssessedTax,-0.0642,-0.0642,False,5.1,53.7
SKYH,Sky Harbour Group Corporation,USD,2025,1,営業赤字; FCFマイナス; ROIC; ROIC最低値; 営業利益率; FCF転換,-0.0616,-0.0616,-1.0177,1.0439,,False,False,False,False,reported,Revenues,-0.0616,-0.0616,False,0.0,0.0
YGMZF,MingZhu Logistics Holdings Limited,USD,2024,1,営業赤字; FCFマイナス; ROIC; ROIC最低値; 営業利益率; FCF転換,-0.0623,-0.0623,-0.0998,0.2111,,False,False,False,False,reported,Revenues,-0.0632,-0.0632,False,1.4,0.0
PRKA,"Parks! America, Inc.",USD,2025,1,営業赤字; FCFマイナス; 売上CAGR; ROIC; ROIC最低値; FCF転換,0.0882,-0.0626,0.1968,-0.0264,0.6214,False,False,False,False,reported,RevenueFromContractWithCustomerExcludingAssessedTax,0.1117,-0.0774,False,21.0,0.0
VCYT,"VERACYTE, INC.",USD,2025,1,営業赤字; FCFマイナス; ROIC; ROIC最低値; 営業利益率; FCF転換,0.0349,-0.0649,0.1117,0.2389,,False,False,False,False,reported,RevenueFromContractWithCustomerExcludingAssessedTax,0.0509,-0.0819,False,31.5,58.6
COHU,COHU INC,USD,2025,1,営業赤字; FCFマイナス; 売上CAGR; ROIC; ROIC最低値; 営業利益率,-0.051,-0.0654,-0.154,-0.1547,1.8369,False,False,False,False,reported,RevenueFromContractWithCustomerIncludingAssessedTax,-0.0922,-0.0938,False,44.7,26.2
ATRC,"AtriCure, Inc.",USD,2025,1,営業赤字; FCFマイナス; ROIC; ROIC最低値; 営業利益率; FCF転換,-0.0135,-0.0656,-0.0177,0.1815,,False,False,False,False,reported,RevenueFromContractWithCustomerExcludingAssessedTax,-0.0193,-0.0859,False,30.2,42.4
NTIP,"NETWORK-1 TECHNOLOGIES, INC.",USD,2025,1,営業赤字; FCFマイナス; 売上CAGR; ROIC; ROIC最低値; 営業利益率,-0.066,-0.066,-22.04,-0.5704,3.0705,False,False,False,False,reported,Revenues,-0.9698,-0.9698,False,93.2,0.0
RYAM,Rayonier Advanced Materials Inc,USD,2025,1,営業赤字; 売上CAGR; ROIC; ROIC最低値; 営業利益率; FCF転換,0.0096,-0.0668,0.0028,0.0103,,False,True,False,False,reported,RevenueFromContractWithCustomerExcludingAssessedTax,0.0124,-0.0741,False,22.3,0.0
JOYY,JOYY INC,USD,2025,1,営業赤字; 売上CAGR; ROIC; ROIC最低値; 営業利益率; FCF転換,0.0067,-0.0675,0.0263,-0.051,0.4279,False,True,False,False,reported,RevenueFromContractWithCustomerIncludingAssessedTax,0.0079,-0.0798,False,15.1,33.5
ALOT,"AstroNova, Inc.",USD,2026,1,営業赤字; FCFマイナス; ROIC; ROIC最低値; 営業利益率; FCF転換,0.0097,-0.0676,0.008,0.0639,,False,False,False,False,reported,RevenueFromContractWithCustomerExcludingAssessedTax,0.0101,-0.0712,False,4.1,17.7
MSC,STUDIO CITY INTERNATIONAL HOLDINGS LIMIT,USD,2025,1,営業赤字; FCFマイナス; ROIC; ROIC最低値; 営業利益率; FCF転換,0.0217,-0.0677,0.1008,0.5967,,False,False,False,False,reported,Revenues,0.0227,-0.0804,False,4.3,0.0
AMS,AMERICAN SHARED HOSPITAL SERVICES,USD,2025,1,営業赤字; FCFマイナス; ROIC; ROIC最低値; 営業利益率; FCF転換,-0.0686,-0.0686,-0.1278,0.1235,-0.5143,False,False,False,False,reported,RevenueFromContractWithCustomerExcludingAssessedTax,-0.0749,-0.0749,False,8.4,3.1
KIDS,OrthoPediatrics Corp,USD,2025,1,営業赤字; FCFマイナス; ROIC; ROIC最低値; 営業利益率; FCF転換,-0.0691,-0.0691,-0.166,0.246,,False,False,False,False,reported,RevenueFromContractWithCustomerExcludingAssessedTax,-0.08,-0.0824,False,13.6,24.4
STRS,Stratus Properties Inc.,USD,2025,1,営業赤字; FCFマイナス; 売上CAGR; ROIC; ROIC最低値; FCF転換,0.0417,-0.0699,0.3607,0.0145,-2.5727,False,False,False,False,reported,Revenues,0.0655,-0.0836,False,36.3,0.0
VCEL,VERICEL CORPORATION,USD,2025,1,営業赤字; FCFマイナス; ROIC; ROIC最低値; 営業利益率; FCF転換,0.0246,-0.0701,0.04,0.1591,,False,False,False,False,reported,RevenueFromContractWithCustomerExcludingAssessedTax,0.0402,-0.1853,False,38.8,0.0
SPHR,SPHERE ENTERTAINMENT CO.,USD,2025,1,営業赤字; FCFマイナス; ROIC; ROIC最低値; 営業利益率; FCF転換,-0.0592,-0.0712,-0.1884,0.1144,,False,False,False,False,reported,RevenueFromContractWithCustomerExcludingAssessedTax,-0.071,-0.0835,False,16.6,11.3
DHX,"DHI Group, Inc.",USD,2025,1,営業赤字; 売上CAGR; ROIC; ROIC最低値; 営業利益率; FCF転換,-0.0722,-0.0722,-0.089,0.0161,,False,True,False,False,reported,Revenues,-0.0739,-0.0739,False,2.3,96.9
VTRS,Viatris Inc,USD,2025,1,営業赤字; 売上CAGR; ROIC; ROIC最低値; 営業利益率; FCF転換,-0.0722,-0.0722,-0.1869,-0.0543,,False,True,False,False,reported,RevenueFromContractWithCustomerExcludingAssessedTax,-0.0758,-0.0758,False,4.7,23.2
JYNT,Joint Corp,USD,2025,1,営業赤字; 売上CAGR; ROIC; ROIC最低値; 営業利益率; FCF転換,-0.0479,-0.0723,-0.0166,-0.0899,,False,True,False,False,reported,RevenueFromContractWithCustomerIncludingAssessedTax,,,True,156.8,0.0
NCNO,"nCino, Inc.",USD,2026,1,営業赤字; FCFマイナス; ROIC; ROIC最低値; 営業利益率; FCF転換,0.0028,-0.0725,0.0063,0.214,,False,False,False,False,reported,RevenueFromContractWithCustomerExcludingAssessedTax,0.003,-0.0788,False,8.4,102.1
MMI,"MARCUS & MILLICHAP, INC.",USD,2025,1,営業赤字; FCFマイナス; 売上CAGR; ROIC; ROIC最低値; 営業利益率,-0.018,-0.0727,-0.0182,-0.1264,1.219,False,False,False,False,reported,RevenueFromContractWithCustomerExcludingAssessedTax,-0.0211,-0.0984,False,15.0,6.3
OCG,Oriental Culture Holding LTD,USD,2025,1,営業赤字; FCFマイナス; 売上CAGR; ROIC; ROIC最低値; 営業利益率,-0.047,-0.0752,-2.0348,-0.5266,1.5676,False,False,False,False,reported,Revenues,-0.1036,-0.1391,False,54.7,0.0
RFIL,"R F INDUSTRIES, LTD.",USD,2025,1,営業赤字; FCFマイナス; ROIC; ROIC最低値; 営業利益率; FCF転換,0.0401,-0.0754,0.0222,0.0884,,False,False,False,False,reported,RevenueFromContractWithCustomerIncludingAssessedTax,0.0468,-0.086,False,14.4,23.0
BRAG,Bragg Gaming Group Inc.,EUR,2025,1,営業赤字; FCFマイナス; ROIC; ROIC最低値; 営業利益率; FCF転換,-0.067,-0.0757,-0.0501,0.1613,,False,False,False,False,reported,Revenue,-0.075,-0.0999,False,10.6,49.8
MLCO,MELCO RESORTS & ENTERTAINMENT LIMITED,USD,2025,1,営業赤字; FCFマイナス; ROIC; ROIC最低値; 営業利益率; FCF転換,0.0862,-0.0776,0.1163,0.2656,,False,False,True,False,reported,Revenues,0.1059,-0.1021,False,18.6,0.4
SVA,SINOVAC BIOTECH LTD,USD,2025,1,営業赤字; FCFマイナス; 売上CAGR; ROIC; ROIC最低値; 営業利益率,-0.0785,-0.0785,-1.2697,-0.6243,0.9349,False,False,False,True,reported,RevenueFromContractWithCustomerExcludingAssessedTax,,,True,121.0,0.3
MTW,MANITOWOC CO INC,USD,2025,1,営業赤字; FCFマイナス; ROIC; ROIC最低値; 営業利益率; FCF転換,0.0362,-0.0788,0.024,0.0683,,False,False,False,False,reported,RevenueFromContractWithCustomerExcludingAssessedTax,0.0388,-0.0847,False,6.6,6.8
PBF,PBF ENERGY INC.,USD,2025,1,営業赤字; FCFマイナス; 売上CAGR; ROIC; ROIC最低値; 営業利益率,-0.0057,-0.0789,-0.0019,0.0185,0.8593,False,False,False,False,reported,RevenueFromContractWithCustomerExcludingAssessedTax,-0.0062,-0.0854,False,7.1,0.0
PAR,PAR Technology Corporation,USD,2025,1,営業赤字; FCFマイナス; ROIC; ROIC最低値; 営業利益率; FCF転換,-0.0453,-0.0797,-0.151,0.2131,,False,False,False,False,reported,RevenueFromContractWithCustomerExcludingAssessedTax,-0.0485,-0.089,False,6.7,74.9
IPGP,IPG PHOTONICS CORP,USD,2025,1,営業赤字; FCFマイナス; 売上CAGR; ROIC; ROIC最低値; 営業利益率,0.0049,-0.0813,0.0131,-0.0895,1.5336,False,False,False,False,reported,RevenueFromContractWithCustomerExcludingAssessedTax,0.008,-0.1503,False,39.4,3.4
TWLO,TWILIO INC.,USD,2025,1,営業赤字; FCFマイナス; ROIC; ROIC最低値; 営業利益率; FCF転換,0.0141,-0.0825,0.0311,0.1556,,False,False,False,False,reported,RevenueFromContractWithCustomerExcludingAssessedTax,0.0197,-0.1288,False,28.0,60.0
MBUU,"MALIBU BOATS, INC.",USD,2025,1,営業赤字; FCFマイナス; 売上CAGR; ROIC; ROIC最低値; 営業利益率,0.0322,-0.0834,0.0269,-0.0338,1.053,False,False,False,False,reported,RevenueFromContractWithCustomerExcludingAssessedTax,0.0346,-0.0879,False,6.9,9.6
CKX,"CKX Lands, Inc.",USD,2025,1,営業赤字; FCFマイナス; 売上CAGR; ROIC; ROIC最低値; FCF転換,0.1341,-0.0836,4.3422,0.0302,0.5823,False,False,False,True,reported,Revenues,0.1341,-0.0836,False,0.0,0.0
WLK,Westlake Corporation,USD,2025,1,営業赤字; FCFマイナス; 売上CAGR; ROIC; ROIC最低値; 営業利益率,-0.0867,-0.0867,-0.1413,-0.0132,1.3301,False,False,False,False,reported,Revenues,-0.1089,-0.1089,False,20.4,9.1
KRUS,"KURA SUSHI USA, INC.",USD,2025,1,営業赤字; FCFマイナス; ROIC; ROIC最低値; 営業利益率; FCF転換,-0.0163,-0.0869,-0.0168,0.4448,,False,False,False,False,reported,RevenueFromContractWithCustomerExcludingAssessedTax,-0.0223,-0.1565,False,27.0,0.0
WTTR,"SELECT WATER SOLUTIONS, INC.",USD,2025,1,営業赤字; FCFマイナス; ROIC; ROIC最低値; 営業利益率; FCF転換,0.0282,-0.0874,0.0205,0.1648,0.2754,False,False,False,False,reported,RevenueFromContractWithCustomerExcludingAssessedTax,0.0289,-0.1023,False,2.2,0.0
RDWR,RADWARE LTD.,USD,2025,1,営業赤字; FCFマイナス; 売上CAGR; ROIC; ROIC最低値; 営業利益率,0.0258,-0.0881,0.0378,0.0131,15.26,False,False,False,False,reported,Revenues,0.0395,-0.1968,False,34.6,19.5
PRM,"PERIMETER SOLUTIONS, INC.",USD,2025,1,営業赤字; FCFマイナス; ROIC; ROIC最低値; 営業利益率; FCF転換,-0.0881,-0.0881,-0.3078,0.1775,,False,False,False,False,reported,RevenueFromContractWithCustomerExcludingAssessedTax,-0.1075,-0.1075,False,18.1,59.1
BTCS,BTCS Inc.,USD,2025,1,営業赤字; FCFマイナス; ROIC; ROIC最低値; 営業利益率; FCF転換,-0.0013,-0.0887,-0.0141,0.9201,,False,False,False,False,derived,RevenueFromContractWithCustomerExcludingAssessedTax,-0.0013,-0.1003,False,1.1,0.0
HFFG,HF FOODS GROUP INC.,USD,2025,1,営業赤字; FCFマイナス; ROIC; ROIC最低値; 営業利益率; FCF転換,-0.0846,-0.0888,-0.0269,0.1142,,False,False,False,False,reported,RevenueFromContractWithCustomerExcludingAssessedTax,-0.0846,-0.0888,False,0.0,0.0
TRUP,"TRUPANION, INC.",USD,2025,1,営業赤字; FCFマイナス; ROIC; ROIC最低値; 営業利益率; FCF転換,0.0221,-0.0906,0.0096,0.1979,,False,False,False,False,reported,Revenues,0.0875,-0.2341,False,74.8,7.9
PAMT,PAMT CORP,USD,2025,1,営業赤字; FCFマイナス; 売上CAGR; ROIC; ROIC最低値; 営業利益率,-0.093,-0.093,-0.1071,-0.041,1.6091,False,False,False,False,reported,RevenueFromContractWithCustomerIncludingAssessedTax,-0.1099,-0.1099,False,15.4,0.0
CCOI,"COGENT COMMUNICATIONS HOLDINGS, INC.",USD,2025,1,営業赤字; FCFマイナス; ROIC; ROIC最低値; 営業利益率; FCF転換,-0.0479,-0.093,-0.1036,0.1341,-0.3392,False,False,True,False,reported,RevenueFromContractWithCustomerIncludingAssessedTax,-0.0526,-0.1055,False,8.9,0.0
CLF,CLEVELAND-CLIFFS INC.,USD,2025,1,営業赤字; FCFマイナス; 売上CAGR; ROIC; ROIC最低値; 営業利益率,-0.0933,-0.0933,-0.0848,-0.0232,1.4445,False,False,False,False,reported,Revenues,-0.0937,-0.0937,False,0.4,13.6
CTKB,"CYTEK BIOSCIENCES, INC.",USD,2025,1,営業赤字; FCFマイナス; ROIC; ROIC最低値; 営業利益率; FCF転換,-0.0934,-0.0934,-0.2004,0.1202,,False,False,False,False,reported,RevenueFromContractWithCustomerExcludingAssessedTax,-0.1272,-0.1272,False,26.6,4.9
LAKE,"Lakeland Industries, Inc.",USD,2026,1,営業赤字; FCFマイナス; ROIC; ROIC最低値; 営業利益率; FCF転換,-0.0935,-0.0935,-0.0805,0.1294,,False,False,False,False,reported,Revenues,-0.0935,-0.0935,False,0.0,11.7
TBRG,"TruBridge, Inc.",USD,2025,1,営業赤字; FCFマイナス; ROIC; ROIC最低値; 営業利益率; FCF転換,0.048,-0.0947,0.0601,0.0544,,False,False,False,False,reported,RevenueFromContractWithCustomerExcludingAssessedTax,0.0518,-0.0956,False,7.3,50.4
WEST,WESTROCK COFFEE COMPANY,USD,2025,1,営業赤字; FCFマイナス; ROIC; ROIC最低値; 営業利益率; FCF転換,-0.095,-0.095,-0.0382,0.1424,,False,False,True,False,reported,RevenueFromContractWithCustomerExcludingAssessedTax,-0.1094,-0.1094,False,13.2,30.7
RHEP,"Regional Health Properties, Inc.",USD,2025,1,営業赤字; FCFマイナス; ROIC; ROIC最低値; 営業利益率; FCF転換,0.0375,-0.0964,0.0313,0.188,,False,False,True,False,reported,Revenues,0.041,-0.0978,False,8.6,4.5
RDI,"READING INTERNATIONAL, INC.",USD,2025,1,営業赤字; FCFマイナス; ROIC; ROIC最低値; 営業利益率; FCF転換,-0.0251,-0.0968,-0.0261,0.0992,,False,False,True,False,reported,Revenues,-0.0268,-0.1281,False,6.3,14.7
BAX,BAXTER INTERNATIONAL INC,USD,2025,1,営業赤字; 売上CAGR; ROIC; ROIC最低値; 営業利益率; FCF転換,-0.0156,-0.0984,-0.0274,-0.0191,,False,True,False,False,reported,RevenueFromContractWithCustomerExcludingAssessedTax,-0.0179,-0.106,False,12.6,31.7
TRLV,TRULIEVE CANNABIS CORP.,USD,2025,1,営業赤字; FCFマイナス; ROIC; ROIC最低値; 営業利益率; FCF転換,0.0886,-0.0988,0.1215,0.061,,False,False,False,False,reported,RevenueFromContractWithCustomerExcludingAssessedTax,0.1107,-0.1115,False,20.0,37.8
LTRX,"LANTRONIX, INC.",USD,2025,1,営業赤字; FCFマイナス; ROIC; ROIC最低値; 営業利益率; FCF転換,-0.1009,-0.1009,-0.0895,0.1452,,False,False,False,False,reported,RevenueFromContractWithCustomerExcludingAssessedTax,-0.1316,-0.1316,False,23.3,36.1
SJ,SCIENJOY HOLDING CORPORATION,CNY,2025,1,営業赤字; 売上CAGR; ROIC; ROIC最低値; 営業利益率; FCF転換,-0.1013,-0.1013,-0.0635,-0.0713,,False,True,False,False,reported,RevenueFromContractWithCustomerIncludingAssessedTax+Revenues,-0.2083,-0.2083,False,51.4,0.0
CNEY,CN ENERGY GROUP. INC.,USD,2025,1,営業赤字; FCFマイナス; ROIC; ROIC最低値; 営業利益率; FCF転換,-0.085,-0.1018,-0.3085,0.1571,,False,False,False,False,reported,Revenues,-0.085,-0.1018,False,0.0,0.0
DAN,Dana Incorporated,USD,2025,1,営業赤字; FCFマイナス; 売上CAGR; ROIC; ROIC最低値; 営業利益率,0.0755,-0.1037,0.0185,-0.0431,23.0,False,False,False,False,reported,RevenueFromContractWithCustomerExcludingAssessedTax,0.1114,-0.1642,False,32.2,0.0
ALB,Albemarle Corporation,USD,2025,1,営業赤字; FCFマイナス; ROIC; ROIC最低値; 営業利益率; FCF転換,-0.0228,-0.1041,-0.0714,0.1149,-0.403,False,False,False,False,reported,Revenues,-0.0261,-0.1142,False,12.7,11.8
ALYAF,ALITHYA GROUP INC.,CAD,2025,1,営業赤字; FCFマイナス; ROIC; ROIC最低値; 営業利益率; FCF転換,0.0357,-0.1051,0.0274,0.1327,,False,False,False,False,reported,Revenue,0.0378,-0.1111,False,5.6,63.3
NFE,New Fortress Energy Inc.,USD,2025,1,営業赤字; FCFマイナス; ROIC; ROIC最低値; 営業利益率; FCF転換,-0.1059,-0.1059,-0.9499,0.061,,False,False,False,False,reported,RevenueFromContractWithCustomerExcludingAssessedTax,-0.1088,-0.1088,False,2.7,0.0
MYPS,"PLAYSTUDIOS, Inc.",USD,2025,1,営業赤字; 売上CAGR; ROIC; ROIC最低値; 営業利益率; FCF転換,-0.0829,-0.1061,-0.1018,-0.049,,False,True,False,False,reported,RevenueFromContractWithCustomerExcludingAssessedTax,-0.1537,-0.1916,False,46.1,22.9
ULCC,"Frontier Group Holdings, Inc.",USD,2025,1,営業赤字; FCFマイナス; ROIC; ROIC最低値; 営業利益率; FCF転換,-0.1065,-0.1065,-0.04,0.1595,,False,False,False,False,reported,RevenueFromContractWithCustomerExcludingAssessedTax,-0.2712,-3.555,False,60.7,0.0
INNV,InnovAge Holding Corp.,USD,2025,1,営業赤字; FCFマイナス; ROIC; ROIC最低値; 営業利益率; FCF転換,-0.0798,-0.1069,-0.0349,0.0756,,False,False,False,False,reported,RevenueFromContractWithCustomerExcludingAssessedTax,-0.1245,-0.2038,False,35.9,48.2
LBRT,Liberty Energy Inc.,USD,2025,1,営業赤字; FCFマイナス; ROIC; ROIC最低値; 営業利益率; FCF転換,0.0247,-0.1072,0.0181,0.1284,0.4989,False,False,False,False,reported,Revenues,0.025,-0.1088,False,1.2,0.0
GWRE,"Guidewire Software, Inc.",USD,2025,1,営業赤字; FCFマイナス; ROIC; ROIC最低値; 営業利益率; FCF転換,0.0223,-0.1085,0.0342,0.1278,,False,False,False,False,reported,RevenueFromContractWithCustomerExcludingAssessedTax,0.1054,-0.3314,False,78.9,27.0
HY,"HYSTER-YALE, INC.",USD,2025,1,営業赤字; FCFマイナス; ROIC; ROIC最低値; 営業利益率; FCF転換,-0.0147,-0.109,-0.0059,0.0522,,False,False,False,False,reported,Revenues,-0.0147,-0.109,False,0.0,4.7
SMG,Scotts Miracle-Gro Co,USD,2025,1,営業赤字; FCFマイナス; 売上CAGR; ROIC最低値; 営業利益率; FCF転換,0.162,-0.11,0.1051,-0.0876,,False,False,True,False,reported,RevenueFromContractWithCustomerExcludingAssessedTax,0.1651,-0.1131,False,1.9,13.9
INCR,INTERCURE LTD.,ILS,2024,1,営業赤字; FCFマイナス; ROIC; ROIC最低値; 営業利益率; FCF転換,-0.0915,-0.1102,-0.2814,0.3843,,False,False,False,False,reported,Revenue,-0.1058,-0.1278,False,13.6,38.7
PRLB,"Proto Labs, Inc.",USD,2025,1,営業赤字; 売上CAGR; ROIC; ROIC最低値; 営業利益率; FCF転換,0.0294,-0.111,0.0471,0.0223,,False,True,False,False,reported,RevenueFromContractWithCustomerIncludingAssessedTax,0.0363,-0.1254,False,19.0,40.7
MWG,Multi Ways Holdings Limited,USD,2025,1,営業赤字; FCFマイナス; ROIC; ROIC最低値; 営業利益率; FCF転換,0.0269,-0.1114,0.0172,0.0759,0.0289,False,False,False,False,reported,RevenueFromContractWithCustomerExcludingAssessedTax,0.0294,-0.1648,False,8.4,0.0
SONO,"SONOS, INC.",USD,2025,1,営業赤字; FCFマイナス; 売上CAGR; ROIC; ROIC最低値; 営業利益率,-0.1122,-0.1122,-0.035,-0.0425,3.661,False,False,False,False,reported,RevenueFromContractWithCustomerExcludingAssessedTax,,,True,49.2,23.3
BANL,CBL INTERNATIONAL LIMITED,USD,2025,1,営業赤字; FCFマイナス; ROIC; ROIC最低値; 営業利益率; FCF転換,-0.0966,-0.1148,-0.0045,0.1332,-5.4404,False,False,False,False,reported,RevenueFromContractWithCustomerExcludingAssessedTax,-0.182,-0.182,False,46.9,0.0
EVO,Evotec SE,EUR,2024,1,営業赤字; FCFマイナス; ROIC; ROIC最低値; 営業利益率; FCF転換,-0.1182,-0.1182,-0.1788,0.1231,,False,False,False,False,reported,Revenue,-0.2026,-0.2026,False,41.7,29.7
FSLY,"FASTLY, INC.",USD,2025,1,営業赤字; FCFマイナス; ROIC; ROIC最低値; 営業利益率; FCF転換,-0.075,-0.1182,-0.1907,0.152,,False,False,False,False,reported,RevenueFromContractWithCustomerIncludingAssessedTax,-0.1055,-0.1703,False,28.9,53.5
SWAG,"STRAN & COMPANY, INC.",USD,2025,1,営業赤字; FCFマイナス; ROIC; ROIC最低値; 営業利益率; FCF転換,-0.0507,-0.1222,-0.0168,0.3079,,False,False,False,False,reported,Revenues,-0.0603,-0.1697,False,16.0,0.0
UPC,Universe Pharmaceuticals INC,USD,2025,1,営業赤字; FCFマイナス; ROIC; ROIC最低値; 営業利益率; FCF転換,-0.0364,-0.1234,-0.1633,3.3923,,False,False,False,False,reported,Revenues,-0.0364,-0.1234,False,0.0,0.0
SABR,Sabre Corporation,USD,2025,1,営業赤字; FCFマイナス; ROIC; ROIC最低値; 営業利益率; FCF転換,0.0704,-0.1236,0.1066,0.1318,,False,False,True,False,reported,RevenueFromContractWithCustomerExcludingAssessedTax,0.0925,-0.1605,False,23.9,71.9
SKAS,"SAKER AVIATION SERVICES, INC.",USD,2025,1,営業赤字; FCFマイナス; 売上CAGR; ROIC; ROIC最低値; 営業利益率,-0.1242,-0.1242,-1.0843,-0.1478,0.9756,False,False,False,False,reported,RevenueFromContractWithCustomerIncludingAssessedTax,-0.2152,-0.2152,False,42.3,0.0
NEO,"NEOGENOMICS, INC.",USD,2025,1,営業赤字; FCFマイナス; ROIC; ROIC最低値; 営業利益率; FCF転換,-0.1094,-0.1248,-0.1593,0.107,,False,False,False,False,reported,RevenueFromContractWithCustomerIncludingAssessedTax,-0.1352,-0.1695,False,19.1,62.7
FUFU,BitFuFu Inc.,USD,2025,1,営業赤字; FCFマイナス; ROIC; ROIC最低値; 営業利益率; FCF転換,-0.1255,-0.1255,-0.0498,0.4672,-12.8232,False,False,False,False,reported,Revenues,-0.1255,-0.1255,False,0.0,0.0
GSM,Ferroglobe PLC,USD,2025,1,営業赤字; FCFマイナス; 売上CAGR; ROIC; ROIC最低値; 営業利益率,-0.1267,-0.1267,-0.1,-0.0692,2.1701,False,False,False,False,reported,RevenueFromContractsWithCustomers,-0.1486,-0.1486,False,14.8,1.5
OCC,OPTICAL CABLE CORPORATION,USD,2025,1,営業赤字; FCFマイナス; ROIC; ROIC最低値; 営業利益率; FCF転換,-0.0216,-0.128,-0.0062,0.0542,-0.3534,False,False,False,False,reported,RevenueFromContractWithCustomerIncludingAssessedTax,-0.0219,-0.1295,False,1.4,0.0
GEVO,"GEVO, INC.",USD,2025,1,営業赤字; FCFマイナス; ROIC; ROIC最低値; 営業利益率; FCF転換,-0.0253,-0.1289,-0.1259,3.1662,,False,False,False,False,reported,RevenueFromContractWithCustomerExcludingAssessedTax,-0.029,-0.3023,False,12.9,0.0
SITM,SITIME Corp,USD,2025,1,営業赤字; FCFマイナス; ROIC; ROIC最低値; 営業利益率; FCF転換,-0.0458,-0.1301,-0.205,0.1054,,False,False,False,False,reported,RevenueFromContractWithCustomerExcludingAssessedTax,-0.0458,-0.1301,False,0.0,0.0
AHCO,AdaptHealth Corp.,USD,2025,1,営業赤字; FCFマイナス; ROIC; ROIC最低値; 営業利益率; FCF転換,0.0221,-0.1311,0.028,0.0723,,False,False,False,False,reported,RevenueFromContractWithCustomerExcludingAssessedTax,0.0221,-0.1311,False,0.0,78.1
NC,"NACCO INDUSTRIES, INC.",USD,2025,1,営業赤字; FCFマイナス; ROIC; ROIC最低値; 営業利益率; FCF転換,0.0328,-0.1325,0.0793,0.0964,0.297,False,False,False,False,reported,RevenueFromContractWithCustomerExcludingAssessedTax,0.0361,-0.1664,False,9.4,0.0
DXLG,"DESTINATION XL GROUP, INC.",USD,2026,1,営業赤字; FCFマイナス; 売上CAGR; ROIC; ROIC最低値; 営業利益率,-0.1327,-0.1327,-0.0417,-0.0366,0.97,False,False,False,False,reported,RevenueFromContractWithCustomerExcludingAssessedTax,-0.181,-0.181,False,26.7,0.0
LFST,"LifeStance Health Group, Inc.",USD,2025,1,営業赤字; FCFマイナス; ROIC; ROIC最低値; 営業利益率; FCF転換,0.0106,-0.1328,0.017,0.2086,,False,False,False,False,reported,Revenues,0.0123,-0.1454,False,13.8,71.8
NINE,"Nine Energy Service, Inc.",USD,2025,1,営業赤字; FCFマイナス; ROIC; ROIC最低値; 営業利益率; FCF転換,0.008,-0.1339,0.0042,0.1261,,False,False,True,False,reported,Revenues,0.0086,-0.1444,False,7.9,0.0
PRGO,Perrigo Company plc,USD,2025,1,営業赤字; 売上CAGR; ROIC; ROIC最低値; 営業利益率; FCF転換,-0.1348,-0.1348,-0.2639,0.0068,,False,True,False,False,reported,RevenueFromContractWithCustomerExcludingAssessedTax,-0.1348,-0.1348,False,0.0,31.2
FET,"FORUM ENERGY TECHNOLOGIES, INC.",USD,2025,1,営業赤字; FCFマイナス; ROIC; ROIC最低値; 営業利益率; FCF転換,0.0558,-0.1349,0.0381,0.0998,,False,False,False,False,reported,RevenueFromContractWithCustomerExcludingAssessedTax,0.0607,-0.1478,False,8.1,0.0
FLGT,"Fulgent Genetics, Inc.",USD,2025,1,営業赤字; FCFマイナス; 売上CAGR; ROIC; ROIC最低値; 営業利益率,-0.0647,-0.136,-0.2823,-0.2449,1.6087,False,False,False,False,reported,RevenueFromContractWithCustomerExcludingAssessedTax,-0.0928,-0.1487,False,30.2,2.3
GRAB,GRAB HOLDINGS LIMITED,USD,2025,1,営業赤字; FCFマイナス; ROIC; ROIC最低値; 営業利益率; FCF転換,0.0058,-0.1361,0.0193,0.4948,,False,False,False,False,reported,Revenue,0.0096,-0.2498,False,39.1,0.0
AAP,"ADVANCE AUTO PARTS, INC.",USD,2026,1,営業赤字; FCFマイナス; 売上CAGR; ROIC; ROIC最低値; 営業利益率,-0.0061,-0.1423,-0.005,-0.0395,1.0165,False,False,False,False,reported,RevenueFromContractWithCustomerExcludingAssessedTax,-0.0137,-0.2695,False,55.7,10.7
CSTL,"CASTLE BIOSCIENCES, INC.",USD,2025,1,営業赤字; FCFマイナス; ROIC; ROIC最低値; 営業利益率; FCF転換,-0.0718,-0.1442,-0.1244,0.383,,False,False,False,False,reported,RevenueFromContractWithCustomerExcludingAssessedTax,-0.1974,-0.4096,False,63.6,2.3
AIOT,"POWERFLEET, INC.",USD,2026,1,営業赤字; FCFマイナス; ROIC; ROIC最低値; 営業利益率; FCF転換,0.0321,-0.1446,0.0441,0.37,,False,False,False,False,reported,RevenueFromContractWithCustomerExcludingAssessedTax,0.0347,-0.2001,False,7.6,85.5
ZUMZ,ZUMIEZ INC,USD,2026,1,営業赤字; FCFマイナス; 売上CAGR; ROIC; ROIC最低値; 営業利益率,0.0415,-0.1449,0.0183,-0.0588,1.518,False,False,False,False,reported,RevenueFromContractWithCustomerExcludingAssessedTax,0.0823,-0.2818,False,49.5,4.8
BYRN,Byrna Technologies Inc.,USD,2025,1,営業赤字; FCFマイナス; ROIC; ROIC最低値; 営業利益率; FCF転換,0.1422,-0.1454,0.1002,0.2938,-6.4662,False,False,False,False,reported,RevenueFromContractWithCustomerExcludingAssessedTax,0.186,-0.282,False,23.5,3.4
BGSF,"BGSF, INC.",USD,2025,1,営業赤字; 売上CAGR; ROIC; ROIC最低値; 営業利益率; FCF転換,-0.1462,-0.1462,-0.0954,-0.1807,,False,True,False,False,reported,Revenues,-0.1462,-0.1462,False,0.0,2.2
SSP,THE E.W. SCRIPPS COMPANY,USD,2025,1,営業赤字; 売上CAGR; ROIC; ROIC最低値; 営業利益率; FCF転換,0.0378,-0.1463,0.0856,-0.0149,,False,True,False,False,reported,RevenueFromContractWithCustomerExcludingAssessedTax,0.0381,-0.1475,False,0.7,50.0
CVV,CVD EQUIPMENT CORPORATION,USD,2025,1,営業赤字; FCFマイナス; ROIC; ROIC最低値; 営業利益率; FCF転換,-0.0606,-0.1467,-0.0741,0.119,,False,False,False,False,reported,RevenueFromContractWithCustomerIncludingAssessedTax,-0.0933,-0.3145,False,35.1,0.0
XTNT,"Xtant Medical Holdings, Inc.",USD,2025,1,営業赤字; FCFマイナス; ROIC; ROIC最低値; 営業利益率; FCF転換,0.0928,-0.1467,0.0544,0.2477,,False,False,False,False,reported,RevenueFromContractWithCustomerExcludingAssessedTax,0.1281,-0.2265,False,27.5,9.8
UUUU,ENERGY FUELS INC.,USD,2025,1,営業赤字; FCFマイナス; ROIC; ROIC最低値; 営業利益率; FCF転換,-0.1178,-0.1477,-1.5345,1.1331,,False,False,False,False,reported,Revenues,-0.1302,-0.1999,False,9.5,0.0
SOFI,"SoFi Technologies, Inc.",USD,2025,1,営業赤字; FCFマイナス; ROIC; ROIC最低値; 営業利益率; FCF転換,-0.1011,-0.148,-2.1674,0.2575,,False,False,False,False,derived,RevenueFromContractWithCustomerExcludingAssessedTax,-0.1907,-0.3605,False,47.0,13.3
TOUR,Tuniu Corp,CNY,2025,1,営業赤字; FCFマイナス; ROIC; ROIC最低値; 営業利益率; FCF転換,0.0086,-0.1489,0.0194,0.079,,False,False,False,False,reported,RevenueFromContractWithCustomerExcludingAssessedTax,,,True,103.0,0.0
GEOS,GEOSPACE TECHNOLOGIES CORP,USD,2025,1,営業赤字; FCFマイナス; ROIC; ROIC最低値; 営業利益率; FCF転換,-0.071,-0.1502,-0.1018,0.0993,,False,False,False,False,reported,RevenueFromContractWithCustomerExcludingAssessedTax,-0.0899,-0.1747,False,21.0,1.0
SPCB,SUPERCOM LTD.,USD,2025,1,営業赤字; FCFマイナス; ROIC; ROIC最低値; 営業利益率; FCF転換,-0.0041,-0.1518,-0.0115,0.228,,False,False,False,False,reported,Revenues,-0.005,-0.1689,False,19.5,11.2
WFG,WEST FRASER TIMBER CO. LTD.,USD,2025,1,営業赤字; FCFマイナス; 売上CAGR; ROIC; ROIC最低値; 営業利益率,-0.1525,-0.1525,-0.2173,-0.1511,1.1943,False,False,False,False,reported,Revenue,-0.1577,-0.1577,False,3.3,23.9
PUMP,ProPetro Holding Corp.,USD,2025,1,営業赤字; FCFマイナス; ROIC; ROIC最低値; 営業利益率; FCF転換,0.0054,-0.1531,0.005,0.0976,,False,False,False,False,reported,RevenueFromContractWithCustomerExcludingAssessedTax,0.0059,-0.1643,False,9.8,0.1
LSAK,"LESAKA TECHNOLOGIES, INC.",USD,2025,1,営業赤字; FCFマイナス; ROIC; ROIC最低値; 営業利益率; FCF転換,-0.0591,-0.1542,-0.0411,0.4986,,False,False,False,False,reported,RevenueFromContractWithCustomerExcludingAssessedTax,-0.0749,-0.5498,False,21.1,55.0
YIBO,Planet Image International Limited,USD,2025,1,営業赤字; FCFマイナス; 売上CAGR; ROIC; ROIC最低値; 営業利益率,-0.1547,-0.1547,-0.0731,0.0234,1.1268,False,False,False,False,reported,Revenues,-0.1588,-0.1588,False,2.6,0.0
ALKT,"ALKAMI TECHNOLOGY, INC.",USD,2025,1,営業赤字; FCFマイナス; ROIC; ROIC最低値; 営業利益率; FCF転換,-0.117,-0.1549,-0.1209,0.3067,,False,False,False,False,reported,RevenueFromContractWithCustomerExcludingAssessedTax,-0.1419,-0.941,False,17.5,111.4
BTBD,"BT BRANDS, INC.",USD,2025,1,営業赤字; FCFマイナス; ROIC; ROIC最低値; 営業利益率; FCF転換,-0.0338,-0.1566,-0.027,0.1339,,False,False,True,False,reported,Revenues,-0.0586,-0.2091,False,42.3,0.0
LINK,"INTERLINK ELECTRONICS, INC.",USD,2025,1,営業赤字; FCFマイナス; ROIC; ROIC最低値; 営業利益率; FCF転換,-0.1567,-0.1567,-0.1538,0.1229,,False,False,False,False,reported,RevenueFromContractWithCustomerExcludingAssessedTax,-0.2224,-0.2224,False,29.5,0.0
INIS,RADNOSTIX INC.,USD,2025,1,営業赤字; FCFマイナス; ROIC; ROIC最低値; 営業利益率; FCF転換,-0.1343,-0.1578,-0.0732,0.0785,,False,False,False,False,reported,RevenueFromContractWithCustomerExcludingAssessedTax,-0.1922,-0.2607,False,30.1,24.6
AXGN,"AXOGEN, INC.",USD,2025,1,営業赤字; FCFマイナス; ROIC; ROIC最低値; 営業利益率; FCF転換,-0.035,-0.16,-0.0349,0.1532,,False,False,False,False,reported,Revenues,-0.0457,-0.274,False,23.4,0.0
CANG,Cango Inc.,CNY,2024,1,営業赤字; FCFマイナス; 売上CAGR; ROIC; ROIC最低値; FCF転換,0.0336,-0.1602,0.2224,-0.2088,-0.3618,False,False,False,False,reported,Revenues+RevenueFromContractWithCustomerExcludingAssessedTax,0.0836,-0.3183,False,59.9,0.0
EDN,EDENOR,ARS,2024,1,営業赤字; FCFマイナス; ROIC; ROIC最低値; 営業利益率; FCF転換,0.0205,-0.1603,0.0206,0.661,-0.5584,False,False,False,False,reported,Revenue,0.0208,-0.162,False,1.5,0.0
CLNE,CLEAN ENERGY FUELS CORP.,USD,2025,1,営業赤字; FCFマイナス; ROIC; ROIC最低値; 営業利益率; FCF転換,-0.1606,-0.1606,-0.3763,0.1354,,False,False,False,False,reported,RevenueFromContractWithCustomerExcludingAssessedTax,-0.2004,-0.2004,False,19.9,0.0
MDIA,MediaCo Holding Inc.,USD,2025,1,営業赤字; FCFマイナス; ROIC; ROIC最低値; 営業利益率; FCF転換,-0.1636,-0.1636,-0.1857,0.337,,False,False,True,False,reported,RevenueFromContractWithCustomerExcludingAssessedTax,-0.1709,-0.1709,False,4.3,0.0
OPRX,OptimizeRx Corp,USD,2025,1,営業赤字; FCFマイナス; ROIC; ROIC最低値; 営業利益率; FCF転換,0.072,-0.1648,0.1069,0.1559,,False,False,False,False,reported,Revenues,0.088,-0.1868,False,18.2,55.2
RCON,"Recon Technology, Ltd",CNY,2025,1,営業赤字; FCFマイナス; ROIC; ROIC最低値; 営業利益率; FCF転換,-0.0969,-0.1649,-0.8647,0.0844,,False,False,False,False,reported,RevenueFromContractWithCustomerExcludingAssessedTax+Revenues,,,True,21.9,0.0
BA,THE BOEING COMPANY,USD,2025,1,営業赤字; FCFマイナス; ROIC; ROIC最低値; 営業利益率; FCF転換,0.0499,-0.1659,0.0479,0.0947,,False,False,True,False,reported,Revenues,0.0882,-0.3423,False,43.4,25.5
JANX,"Janux Therapeutics, Inc.",USD,2025,1,営業赤字; FCFマイナス; ROIC; ROIC最低値; 営業利益率; FCF転換,-0.1302,-0.1674,-15.7667,0.2877,,False,False,False,False,reported,RevenueFromContractWithCustomerIncludingAssessedTax,,,True,101.0,0.0
EAF,GRAFTECH INTERNATIONAL LTD,USD,2025,1,営業赤字; FCFマイナス; 売上CAGR; ROIC; ROIC最低値; 営業利益率,-0.0729,-0.1688,-0.1529,-0.2177,2.8166,False,False,True,False,reported,RevenueFromContractWithCustomerExcludingAssessedTax,-0.0729,-0.1688,False,0.0,0.0
AVPT,"AvePoint, Inc.",USD,2025,1,営業赤字; FCFマイナス; ROIC; ROIC最低値; 営業利益率; FCF転換,0.0545,-0.1688,0.0787,0.2159,,False,False,False,False,reported,RevenueFromContractWithCustomerExcludingAssessedTax,,,True,100.5,7.9
JVA,"COFFEE HOLDING CO., INC.",USD,2025,1,営業赤字; FCFマイナス; ROIC; ROIC最低値; 営業利益率; FCF転換,0.0616,-0.1701,0.0224,0.1078,-12.0752,False,False,False,False,reported,RevenueFromContractWithCustomerExcludingAssessedTax,0.0633,-0.1893,False,2.5,0.0
CRON,CRONOS GROUP INC.,USD,2025,1,営業赤字; FCFマイナス; ROIC; ROIC最低値; 営業利益率; FCF転換,-0.0126,-0.1725,-0.1187,0.2275,,False,False,False,False,reported,RevenueFromContractWithCustomerExcludingAssessedTax,-0.0524,-0.6935,False,76.0,6.1
ACVA,ACV Auctions Inc.,USD,2025,1,営業赤字; FCFマイナス; ROIC; ROIC最低値; 営業利益率; FCF転換,-0.1162,-0.1727,-0.0832,0.2065,,False,False,False,False,reported,Revenues,,,True,63.2,42.8
RSKD,Riskified Ltd.,USD,2025,1,営業赤字; FCFマイナス; ROIC; ROIC最低値; 営業利益率; FCF転換,-0.0912,-0.1747,-0.0988,0.1074,,False,False,False,False,reported,Revenues,-12.3394,-12.3394,False,99.3,0.0
INTJ,Intelligent Group Limited,HKD,2025,1,営業赤字; FCFマイナス; 売上CAGR; ROIC; ROIC最低値; 営業利益率,-0.175,-0.175,-1.082,-0.0485,29.6607,False,False,False,False,reported,Revenues,-0.175,-0.175,False,0.0,0.0
MLP,"MAUI LAND & PINEAPPLE COMPANY, INC.",USD,2025,1,営業赤字; FCFマイナス; ROIC; ROIC最低値; 営業利益率; FCF転換,-0.1086,-0.1751,-0.2337,0.1182,,False,False,False,False,reported,Revenues,-0.1294,-0.2456,False,16.0,0.0
FRSH,Freshworks Inc.,USD,2025,1,営業赤字; FCFマイナス; ROIC; ROIC最低値; 営業利益率; FCF転換,0.0101,-0.1753,0.0157,0.2262,,False,False,False,False,reported,RevenueFromContractWithCustomerExcludingAssessedTax,,,True,75.7,14.2
XMTR,"Xometry, Inc.",USD,2025,1,営業赤字; FCFマイナス; ROIC; ROIC最低値; 営業利益率; FCF転換,-0.1305,-0.1765,-0.0663,0.3317,,False,False,False,False,reported,RevenueFromContractWithCustomerExcludingAssessedTax,-0.6369,-1.1877,False,79.5,95.7
AMPG,"AmpliTech Group, Inc.",USD,2025,1,営業赤字; FCFマイナス; ROIC; ROIC最低値; 営業利益率; FCF転換,-0.176,-0.1776,-0.2905,0.4783,,False,False,False,False,reported,Revenues,-0.2074,-0.3664,False,15.2,14.3
BVS,BIOVENTUS INC.,USD,2025,1,営業赤字; FCFマイナス; ROIC; ROIC最低値; 営業利益率; FCF転換,0.0892,-0.1777,0.095,0.0715,,False,False,False,False,reported,RevenueFromContractWithCustomerExcludingAssessedTax,0.0999,-0.1853,False,10.7,1.6
ICCC,ImmuCell Corporation,USD,2025,1,営業赤字; FCFマイナス; ROIC; ROIC最低値; 営業利益率; FCF転換,0.0482,-0.1817,0.0597,0.0948,,False,False,False,False,reported,RevenueFromContractWithCustomerExcludingAssessedTax,0.056,-0.1891,False,14.1,0.4
CMCM,Cheetah Mobile Inc.,CNY,2025,1,営業赤字; FCFマイナス; ROIC; ROIC最低値; 営業利益率; FCF転換,-0.0882,-0.1817,-0.156,0.1004,,False,False,False,False,reported,RevenueFromContractWithCustomerExcludingAssessedTax,-1.549,-5.1379,False,94.3,0.0
SUGP,SU Group Holdings Ltd,HKD,2025,1,営業赤字; FCFマイナス; ROIC; ROIC最低値; 営業利益率; FCF転換,-0.1833,-0.1833,-0.1039,0.131,-0.1506,False,False,False,False,reported,Revenues,-0.1833,-0.1833,False,0.0,0.0
OFIX,ORTHOFIX MEDICAL INC.,USD,2025,1,営業赤字; FCFマイナス; ROIC; ROIC最低値; 営業利益率; FCF転換,-0.1429,-0.1836,-0.099,0.1535,,False,False,False,False,reported,RevenueFromContractWithCustomerExcludingAssessedTax,-0.1748,-0.1943,False,18.2,43.3
NTCT,"NETSCOUT SYSTEMS, INC.",USD,2026,1,営業赤字; 売上CAGR; ROIC; ROIC最低値; 営業利益率; FCF転換,0.0526,-0.1861,0.1278,0.0011,,False,True,False,False,reported,RevenueFromContractWithCustomerExcludingAssessedTax,0.0816,-0.2633,False,35.6,64.9
LIND,"LINDBLAD EXPEDITIONS HOLDINGS, INC.",USD,2025,1,営業赤字; FCFマイナス; ROIC; ROIC最低値; 営業利益率; FCF転換,0.095,-0.1878,0.059,0.5131,,False,False,True,False,reported,RevenueFromContractWithCustomerIncludingAssessedTax,0.2959,-0.2776,False,67.9,16.0
GBTG,"Global Business Travel Group, Inc.",USD,2025,1,営業赤字; FCFマイナス; ROIC; ROIC最低値; 営業利益率; FCF転換,0.0339,-0.1878,0.0478,0.3738,,False,False,False,False,reported,RevenueFromContractWithCustomerExcludingAssessedTax,0.0396,-0.2404,False,14.3,55.2
LCTC,"LIFELOC TECHNOLOGIES, INC.",USD,2025,1,営業赤字; FCFマイナス; ROIC; ROIC最低値; 営業利益率; FCF転換,-0.1882,-0.1882,-0.1363,0.0636,,False,False,False,False,reported,Revenues,-0.1882,-0.1882,False,0.0,0.0
RUN,Sunrun Inc.,USD,2025,1,営業赤字; FCFマイナス; ROIC; ROIC最低値; 営業利益率; FCF転換,-0.0056,-0.1889,-0.0427,0.1642,,False,False,False,False,reported,RevenueFromContractWithCustomerExcludingAssessedTax,-0.0056,-0.1889,False,0.0,0.0
NVST,ENVISTA HOLDINGS CORPORATION,USD,2025,1,営業赤字; 売上CAGR; ROIC; ROIC最低値; 営業利益率; FCF転換,0.0375,-0.1895,0.0795,0.0204,,False,True,False,False,reported,RevenueFromContractWithCustomerExcludingAssessedTax,0.0511,-0.2516,False,26.6,51.8
XRAY,DENTSPLY SIRONA Inc.,USD,2025,1,営業赤字; 売上CAGR; ROIC; ROIC最低値; 営業利益率; FCF転換,-0.0931,-0.1899,-0.1147,-0.0343,,False,True,False,False,reported,RevenueFromContractWithCustomerExcludingAssessedTax,-0.1024,-0.2052,False,9.1,32.0
TACT,TRANSACT TECHNOLOGIES INC,USD,2025,1,営業赤字; FCFマイナス; ROIC; ROIC最低値; 営業利益率; FCF転換,-0.0359,-0.19,-0.0275,0.0692,,False,False,False,False,reported,RevenueFromContractWithCustomerExcludingAssessedTax,-0.1046,-0.3794,False,65.7,8.4
SND,"Smart Sand, Inc.",USD,2025,1,営業赤字; FCFマイナス; ROIC; ROIC最低値; 営業利益率; FCF転換,-0.0139,-0.1902,-0.0135,0.2707,,False,False,False,False,reported,Revenues,-0.0153,-0.2107,False,8.9,0.0
PD,"PAGERDUTY, INC.",USD,2026,1,営業赤字; FCFマイナス; ROIC; ROIC最低値; 営業利益率; FCF転換,0.0068,-0.1902,0.0119,0.1502,,False,False,False,False,reported,RevenueFromContractWithCustomerExcludingAssessedTax,0.0226,-3.3907,False,69.7,20.4
S,"SENTINELONE, INC",USD,2026,1,営業赤字; FCFマイナス; ROIC; ROIC最低値; 営業利益率; FCF転換,-0.1766,-0.192,-0.3209,0.487,,False,False,False,False,reported,RevenueFromContractWithCustomerExcludingAssessedTax,,,True,43.7,63.5
INDI,"INDIE SEMICONDUCTOR, INC.",USD,2025,1,営業赤字; FCFマイナス; ROIC; ROIC最低値; 営業利益率; FCF転換,-0.1712,-0.1944,-0.7094,0.4557,,False,False,False,False,reported,RevenueFromContractWithCustomerExcludingAssessedTax,-0.2153,-0.5801,False,20.4,41.1
XPEV,XPeng Inc.,CNY,2025,1,営業赤字; FCFマイナス; ROIC; ROIC最低値; 営業利益率; FCF転換,-0.0564,-0.1985,-0.0361,0.3827,,False,False,False,False,reported,Revenues,-0.12,-0.4013,False,53.0,0.0
RELY,"Remitly Global, Inc.",USD,2025,1,営業赤字; FCFマイナス; ROIC; ROIC最低値; 営業利益率; FCF転換,0.0704,-0.1992,0.0474,0.3741,,False,False,False,False,reported,RevenueFromContractWithCustomerExcludingAssessedTax,0.1875,-0.5328,False,62.4,0.0
KIQSF,KELSO TECHNOLOGIES INC.,USD,2025,1,営業赤字; FCFマイナス; ROIC; ROIC最低値; 営業利益率; FCF転換,0.075,-0.2004,0.0411,0.0978,,False,False,False,False,reported,Revenue,0.082,-0.2784,False,8.5,0.0
BBXIB,"BBX Capital, Inc.",USD,2024,1,営業赤字; FCFマイナス; ROIC; ROIC最低値; 営業利益率; FCF転換,-0.2007,-0.2007,-0.2093,0.1548,,False,False,False,False,reported,RevenueFromContractWithCustomerExcludingAssessedTax,-0.3122,-0.3122,False,35.7,20.2
COUR,"COURSERA, INC.",USD,2025,1,営業赤字; FCFマイナス; ROIC; ROIC最低値; 営業利益率; FCF転換,-0.0962,-0.2017,-0.1022,0.1621,,False,False,False,False,reported,RevenueFromContractWithCustomerExcludingAssessedTax,,,True,124.7,0.0
AMC,"AMC ENTERTAINMENT HOLDINGS, INC.",USD,2025,1,営業赤字; FCFマイナス; ROIC; ROIC最低値; 営業利益率; FCF転換,-0.0064,-0.2019,-0.0036,0.1768,,False,False,True,False,reported,RevenueFromContractWithCustomerExcludingAssessedTax,-0.008,-0.3591,False,20.0,112.7
SLDP,"SOLID POWER, INC.",USD,2025,1,営業赤字; FCFマイナス; ROIC; ROIC最低値; 営業利益率; FCF転換,-0.1916,-0.2028,-4.6366,0.6828,,False,False,False,False,reported,Revenues,,,True,60.3,0.0
VRNS,"VARONIS SYSTEMS, INC.",USD,2025,1,営業赤字; FCFマイナス; ROIC; ROIC最低値; 営業利益率; FCF転換,-0.1933,-0.204,-0.235,0.1244,,False,False,False,False,reported,RevenueFromContractWithCustomerIncludingAssessedTax,,,True,147.6,22.6
PCOR,"Procore Technologies, Inc.",USD,2025,1,営業赤字; FCFマイナス; ROIC; ROIC最低値; 営業利益率; FCF転換,-0.0778,-0.2055,-0.094,0.266,,False,False,False,False,reported,RevenueFromContractWithCustomerExcludingAssessedTax,-0.1989,-0.4292,False,60.9,45.5
SE,Sea Limited,USD,2025,1,営業赤字; FCFマイナス; ROIC; ROIC最低値; 営業利益率; FCF転換,0.1252,-0.2056,0.1012,0.1849,,False,False,False,False,reported,RevenueFromContractWithCustomerExcludingAssessedTax,,,True,84.4,0.8
PATH,"UiPath, Inc.",USD,2026,1,営業赤字; FCFマイナス; ROIC; ROIC最低値; 営業利益率; FCF転換,0.0215,-0.2059,0.0352,0.1591,,False,False,False,False,reported,RevenueFromContractWithCustomerExcludingAssessedTax,0.0735,-6.9702,False,70.7,6.0
CCRN,"Cross Country Healthcare, Inc.",USD,2025,1,営業赤字; FCFマイナス; 売上CAGR; ROIC; ROIC最低値; 営業利益率,-0.2066,-0.2066,-0.0801,-0.1095,1.4752,False,False,False,False,reported,RevenueFromContractWithCustomerExcludingAssessedTax,-0.3115,-0.3115,False,33.7,19.8
U,UNITY SOFTWARE INC.,USD,2025,1,営業赤字; FCFマイナス; ROIC; ROIC最低値; 営業利益率; FCF転換,-0.1169,-0.2067,-0.259,0.136,,False,False,False,False,reported,RevenueFromContractWithCustomerExcludingAssessedTax,-0.3203,-0.639,False,63.5,97.8
AVAV,AeroVironment Inc,USD,2026,1,営業赤字; FCFマイナス; ROIC; ROIC最低値; 営業利益率; FCF転換,-0.0479,-0.2085,-0.1573,0.4512,,False,False,False,False,reported,RevenueFromContractWithCustomerIncludingAssessedTax+RevenueF,-0.0546,-0.2594,False,12.3,48.6
EDU,NEW ORIENTAL EDUCATION & TECHNOLOGY GROU,USD,2025,1,営業赤字; FCFマイナス; 売上CAGR; ROIC; ROIC最低値; 営業利益率,0.0924,-0.2095,0.0874,0.0346,304.3557,False,False,False,False,reported,Revenues,0.1651,-0.3036,False,44.0,1.2
SNDL,SNDL Inc.,CAD,2025,1,営業赤字; FCFマイナス; ROIC; ROIC最低値; 営業利益率; FCF転換,-0.0046,-0.2103,-0.0067,1.0264,,False,False,False,False,reported,Revenue,-0.0059,-0.2693,False,23.0,11.3
SGST,"Strategic Storage Trust VI, Inc.",USD,2025,1,営業赤字; FCFマイナス; ROIC; ROIC最低値; 営業利益率; FCF転換,-0.2104,-0.2104,-0.1891,1.2195,,False,False,False,False,reported,Revenues,-0.3527,-0.3527,False,40.3,0.0
GBCS,"Selectis Health, Inc.",USD,2025,1,営業赤字; FCFマイナス; ROIC; ROIC最低値; 営業利益率; FCF転換,-0.0682,-0.212,-0.0378,0.0907,,False,False,True,False,reported,RevenueFromContractWithCustomerExcludingAssessedTax,-0.0722,-0.2219,False,5.6,5.9
LFCR,"LIFECORE BIOMEDICAL, INC.",USD,2025,1,営業赤字; FCFマイナス; ROIC; ROIC最低値; 営業利益率; FCF転換,-0.1008,-0.2121,-0.1338,0.0631,,False,False,True,False,reported,RevenueFromContractWithCustomerIncludingAssessedTax,-0.1073,-0.2773,False,6.1,10.3
CDZI,CADIZ INC,USD,2025,1,営業赤字; FCFマイナス; ROIC; ROIC最低値; 営業利益率; FCF転換,-0.2106,-0.2125,-1.5692,1.3191,,False,False,False,False,reported,Revenues,-0.2313,-0.2499,False,9.0,6.0
IVFH,"INNOVATIVE FOOD HOLDINGS, INC.",USD,2025,1,営業赤字; FCFマイナス; 売上CAGR; ROIC最低値; 営業利益率; FCF転換,0.3193,-0.2136,0.0434,-0.0062,,False,False,False,False,reported,Revenues,0.3723,-0.3963,False,14.2,0.0
RIG,Transocean Ltd.,USD,2025,1,営業赤字; FCFマイナス; ROIC; ROIC最低値; 営業利益率; FCF転換,-0.2159,-0.2159,-0.5894,0.116,,False,False,False,False,reported,RevenueFromContractWithCustomerExcludingAssessedTax,-0.2327,-0.2327,False,7.2,0.0
DSNY,DESTINY MEDIA TECHNOLOGIES INC.,USD,2025,1,営業赤字; FCFマイナス; 売上CAGR; ROIC; ROIC最低値; 営業利益率,-0.2162,-0.2162,-0.1466,0.0205,3.06,False,False,False,False,reported,Revenues,-0.4015,-0.4015,False,46.1,0.0
BILI,Bilibili Inc.,CNY,2025,1,営業赤字; FCFマイナス; ROIC; ROIC最低値; 営業利益率; FCF転換,0.0352,-0.2162,0.0371,0.1186,,False,False,False,False,reported,RevenueFromContractWithCustomerExcludingAssessedTax,0.135,-0.4193,False,73.9,11.2
CETX,"CEMTREX, INC.",USD,2025,1,営業赤字; FCFマイナス; ROIC; ROIC最低値; 営業利益率; FCF転換,0.0129,-0.2171,0.0067,0.154,,False,False,False,False,reported,RevenueFromContractWithCustomerExcludingAssessedTax,0.0154,-0.269,False,16.0,11.9
PTEN,PATTERSON UTI ENERGY INC,USD,2025,1,営業赤字; FCFマイナス; ROIC; ROIC最低値; 営業利益率; FCF転換,-0.0073,-0.2175,-0.0085,0.3709,,False,False,False,False,reported,RevenueFromContractWithCustomerExcludingAssessedTax,-0.008,-0.2284,False,9.4,11.0
AMBA,"AMBARELLA, INC.",USD,2026,1,営業赤字; 売上CAGR; ROIC; ROIC最低値; 営業利益率; FCF転換,-0.1096,-0.2181,-0.2112,0.0417,,False,True,False,False,reported,RevenueFromContractWithCustomerExcludingAssessedTax,-0.231,-0.3592,False,52.6,51.0
UAMY,UNITED STATES ANTIMONY CORPORATION,USD,2025,1,営業赤字; FCFマイナス; ROIC; ROIC最低値; 営業利益率; FCF転換,-0.0473,-0.2186,-0.2155,0.5003,,False,False,False,False,reported,Revenues,-0.0604,-0.7477,False,21.6,0.0
AAOI,"Applied Optoelectronics, Inc.",USD,2025,1,営業赤字; FCFマイナス; ROIC; ROIC最低値; 営業利益率; FCF転換,-0.0562,-0.219,-0.1198,0.2115,,False,False,False,False,reported,RevenueFromContractWithCustomerExcludingAssessedTax,-0.0768,-0.2974,False,26.8,0.0
MVST,"Microvast Holdings, Inc.",USD,2025,1,営業赤字; FCFマイナス; ROIC; ROIC最低値; 営業利益率; FCF転換,0.0107,-0.219,0.0163,0.2951,,False,False,False,False,reported,Revenues,0.0134,-0.6998,False,20.3,0.0
BWAY,Brainsway Ltd.,USD,2024,1,営業赤字; FCFマイナス; ROIC; ROIC最低値; 営業利益率; FCF転換,0.0176,-0.2207,0.0339,0.1678,,False,False,False,False,reported,Revenue,,,True,111.3,0.0
ZENVF,Zenvia Inc.,BRL,2024,1,営業赤字; FCFマイナス; ROIC; ROIC最低値; 営業利益率; FCF転換,0.0032,-0.2215,0.0034,0.2225,,False,False,False,False,reported,Revenue,0.0037,-0.2454,False,14.3,0.0
RVP,RETRACTABLE TECHNOLOGIES INC,USD,2025,1,営業赤字; FCFマイナス; 売上CAGR; ROIC; ROIC最低値; 営業利益率,-0.2222,-0.2222,-0.5534,-0.3287,1.1357,False,False,False,False,reported,RevenueFromContractWithCustomerExcludingAssessedTax,-0.2302,-0.2302,False,3.4,0.0
FIVN,"FIVE9, INC.",USD,2025,1,営業赤字; FCFマイナス; ROIC; ROIC最低値; 営業利益率; FCF転換,0.029,-0.2232,0.0251,0.1717,,False,False,False,False,reported,RevenueFromContractWithCustomerExcludingAssessedTax,,,True,88.7,46.6
FCEL,FUELCELL ENERGY INC,USD,2025,1,営業赤字; FCFマイナス; ROIC; ROIC最低値; 営業利益率; FCF転換,-0.2241,-0.2241,-1.2161,0.2279,,False,False,False,False,reported,RevenueFromContractWithCustomerExcludingAssessedTax,-0.38,-0.474,False,41.0,0.0
KDOZF,KIDOZ INC.,USD,2025,1,営業赤字; FCFマイナス; ROIC; ROIC最低値; 営業利益率; FCF転換,0.0389,-0.2257,0.0231,0.1023,,False,False,False,False,reported,RevenueFromContractWithCustomerExcludingAssessedTax,0.0805,-0.2836,False,51.7,38.2
SMRT,"SmartRent, Inc.",USD,2025,1,営業赤字; FCFマイナス; ROIC; ROIC最低値; 営業利益率; FCF転換,-0.2177,-0.2261,-0.42,0.0832,,False,False,False,False,reported,RevenueFromContractWithCustomerExcludingAssessedTax,-0.3961,-3.0333,False,45.0,39.8
KLXE,"KLX Energy Services Holdings, Inc.",USD,2025,1,営業赤字; FCFマイナス; ROIC; ROIC最低値; 営業利益率; FCF転換,-0.1332,-0.2267,-0.0476,0.0992,,False,False,True,False,reported,RevenueFromContractWithCustomerExcludingAssessedTax,-0.1376,-0.2592,False,3.2,0.0
DNUT,"Krispy Kreme, Inc.",USD,2025,1,営業赤字; FCFマイナス; ROIC; ROIC最低値; 営業利益率; FCF転換,-0.2277,-0.2277,-0.3082,0.0793,,False,False,False,False,reported,RevenueFromContractWithCustomerExcludingAssessedTax,-0.2338,-0.2338,False,2.6,43.8
SRTA,"STRATA CRITICAL MEDICAL, INC.",USD,2025,1,営業赤字; FCFマイナス; ROIC; ROIC最低値; 営業利益率; FCF転換,-0.0633,-0.2297,-0.1134,0.4055,,False,False,False,False,reported,RevenueFromContractWithCustomerExcludingAssessedTax,,,True,21.9,31.6
CREX,"CREATIVE REALITIES, INC.",USD,2025,1,営業赤字; FCFマイナス; ROIC; ROIC最低値; 営業利益率; FCF転換,-0.107,-0.2305,-0.1549,0.3274,,False,False,False,False,reported,RevenueFromContractWithCustomerIncludingAssessedTax,-0.1096,-0.3441,False,2.4,81.4
EVH,"Evolent Health, Inc.",USD,2025,1,営業赤字; FCFマイナス; ROIC; ROIC最低値; 営業利益率; FCF転換,-0.2338,-0.2338,-0.2186,0.199,,False,False,False,False,reported,RevenueFromContractWithCustomerExcludingAssessedTax,-0.2626,-0.2626,False,11.0,50.1
MUX,McEWEN INC.,USD,2025,1,営業赤字; FCFマイナス; ROIC; ROIC最低値; 営業利益率; FCF転換,0.0031,-0.236,0.0134,0.0967,,False,False,False,False,reported,Revenues,0.0035,-0.2473,False,10.7,0.0
FMC,FMC CORPORATION,USD,2025,1,営業赤字; FCFマイナス; 売上CAGR; ROIC; ROIC最低値; 営業利益率,-0.237,-0.237,-0.4696,-0.0895,1.6096,False,False,False,False,reported,RevenueFromContractWithCustomerExcludingAssessedTax,-0.2656,-0.2656,False,10.8,0.0
LPRO,OPEN LENDING CORPORATION,USD,2025,1,営業赤字; FCFマイナス; 売上CAGR; ROIC; ROIC最低値; 営業利益率,-0.0248,-0.2371,-0.0537,-0.1892,3.1296,False,False,False,False,reported,RevenueFromContractWithCustomerExcludingAssessedTax,,,True,110.6,0.0
CPSH,CPS TECHNOLOGIES CORP.,USD,2025,1,営業赤字; FCFマイナス; ROIC; ROIC最低値; 営業利益率; FCF転換,0.0142,-0.2385,0.0136,0.0977,0.0489,False,False,False,False,reported,RevenueFromContractWithCustomerExcludingAssessedTax,0.0308,-0.3393,False,53.7,0.0
ORIO,MOGO INC.,CAD,2024,1,営業赤字; FCFマイナス; ROIC; ROIC最低値; 営業利益率; FCF転換,-0.0361,-0.2392,-0.0521,0.1263,,False,False,False,False,reported,Revenue,,,True,10.5,47.2
NYAX,NAYAX LTD.,USD,2025,1,営業赤字; FCFマイナス; ROIC; ROIC最低値; 営業利益率; FCF転換,0.1284,-0.2394,0.0938,0.354,,False,False,False,False,reported,Revenue,,,True,138.3,0.0
GKOS,GLAUKOS Corp,USD,2025,1,営業赤字; FCFマイナス; ROIC; ROIC最低値; 営業利益率; FCF転換,-0.2403,-0.2403,-0.3933,0.1462,,False,False,False,False,reported,RevenueFromContractWithCustomerExcludingAssessedTax,-0.2789,-0.2789,False,13.8,10.2
SEER,"Seer, Inc.",USD,2025,1,営業赤字; FCFマイナス; ROIC; ROIC最低値; 営業利益率; FCF転換,-0.2376,-0.2414,-4.7045,0.2581,,False,False,False,False,reported,RevenueFromContractWithCustomerExcludingAssessedTax,-0.8393,-2.9827,False,71.7,0.0
HYFT,MindWalk Holdings Corp.,CAD,2025,1,営業赤字; FCFマイナス; ROIC; ROIC最低値; 営業利益率; FCF転換,-0.205,-0.242,-0.25,0.0817,,False,False,False,False,derived,Revenue,-0.3773,-0.3773,False,45.7,34.8
STLA,Stellantis N.V.,EUR,2025,1,営業赤字; FCFマイナス; 売上CAGR; ROIC; ROIC最低値; 営業利益率,-0.2429,-0.2429,-0.171,0.0068,1.6294,False,False,False,False,reported,Revenue,-0.3755,-0.3755,False,35.3,0.0
NXDR,"Nextdoor Holdings, Inc",USD,2025,1,営業赤字; FCFマイナス; ROIC; ROIC最低値; 営業利益率; FCF転換,-0.1318,-0.2437,-0.2792,0.076,-0.8658,False,False,False,False,reported,RevenueFromContractWithCustomerExcludingAssessedTax,-2.1436,-4.9572,False,93.9,0.3
IDYA,"IDEAYA Biosciences, Inc.",USD,2025,1,営業赤字; FCFマイナス; ROIC; ROIC最低値; 営業利益率; FCF転換,-0.123,-0.2439,-0.7284,0.6727,,False,False,False,False,reported,RevenueFromContractWithCustomerExcludingAssessedTax,,,True,62.5,0.0
ESTA,Establishment Labs Holdings Inc.,USD,2025,1,営業赤字; FCFマイナス; ROIC; ROIC最低値; 営業利益率; FCF転換,-0.1137,-0.248,-0.1848,0.1361,,False,False,True,False,reported,RevenueFromContractWithCustomerExcludingAssessedTax,-0.1137,-0.248,False,0.0,0.4
SLQT,"SelectQuote, Inc.",USD,2025,1,営業赤字; FCFマイナス; ROIC; ROIC最低値; 営業利益率; FCF転換,0.0735,-0.2492,0.0449,0.1319,,False,False,False,False,reported,RevenueFromContractWithCustomerExcludingAssessedTax,0.0769,-0.286,False,4.4,4.0
FATAQ,FAT Brands Inc.,USD,2024,1,営業赤字; FCFマイナス; ROIC; ROIC最低値; 営業利益率; FCF転換,-0.0514,-0.2506,-0.0881,1.3915,,False,False,True,False,reported,RevenueFromContractWithCustomerExcludingAssessedTax,-0.0514,-0.2506,False,0.0,35.6
GLAS,Glass House Brands Inc.,USD,2025,1,営業赤字; FCFマイナス; ROIC; ROIC最低値; 営業利益率; FCF転換,-0.0916,-0.2544,-0.0908,0.3027,,False,False,False,False,reported,Revenues,-0.0916,-0.2544,False,0.0,0.0
NET,"CLOUDFLARE, INC.",USD,2025,1,営業赤字; FCFマイナス; ROIC; ROIC最低値; 営業利益率; FCF転換,-0.1122,-0.2547,-0.0956,0.3481,,False,False,False,False,reported,RevenueFromContractWithCustomerExcludingAssessedTax,,,True,281.1,15.5
CPIX,CUMBERLAND PHARMACEUTICALS INC,USD,2025,1,営業赤字; FCFマイナス; ROIC; ROIC最低値; 営業利益率; FCF転換,-0.0887,-0.255,-0.0627,0.0617,,False,False,False,False,reported,RevenueFromContractWithCustomerExcludingAssessedTax,-0.1642,-1.0393,False,46.0,3.7
QVCDQ,"QVC, Inc.",USD,2025,1,営業赤字; 売上CAGR; ROIC; ROIC最低値; 営業利益率; FCF転換,-0.2562,-0.2562,-0.2432,-0.0755,,False,True,False,False,reported,RevenueFromContractWithCustomerExcludingAssessedTax,-0.3374,-0.3374,False,24.1,12.9
FF,FUTUREFUEL CORP.,USD,2025,1,営業赤字; FCFマイナス; 売上CAGR; ROIC; ROIC最低値; 営業利益率,-0.2574,-0.2574,-0.5535,-0.2612,1.5511,False,False,False,False,reported,RevenueFromContractWithCustomerExcludingAssessedTax,-0.376,-0.376,False,31.6,0.0
PRCT,PROCEPT BioRobotics Corporation,USD,2025,1,営業赤字; FCFマイナス; ROIC; ROIC最低値; 営業利益率; FCF転換,-0.1965,-0.2597,-0.3371,0.729,,False,False,False,False,reported,RevenueFromContractWithCustomerExcludingAssessedTax,-0.6264,-3.3495,False,68.6,0.0
EXFY,"Expensify, Inc.",USD,2025,1,営業赤字; 売上CAGR; ROIC; ROIC最低値; 営業利益率; FCF転換,-0.1072,-0.2599,-0.1268,-0.0013,,False,True,False,False,reported,RevenueFromContractWithCustomerExcludingAssessedTax,,,True,47.5,0.0
BRZE,"Braze, Inc.",USD,2026,1,営業赤字; FCFマイナス; ROIC; ROIC最低値; 営業利益率; FCF転換,-0.1833,-0.2628,-0.1961,0.327,,False,False,False,False,reported,RevenueFromContractWithCustomerExcludingAssessedTax,,,True,19.9,0.0
RSSS,"RESEARCH SOLUTIONS, INC.",USD,2025,1,営業赤字; FCFマイナス; ROIC; ROIC最低値; 営業利益率; FCF転換,0.1419,-0.264,0.051,0.1149,,False,False,False,False,reported,RevenueFromContractWithCustomerExcludingAssessedTax,,,True,87.8,0.0
GTLB,GITLAB INC.,USD,2026,1,営業赤字; FCFマイナス; ROIC; ROIC最低値; 営業利益率; FCF転換,-0.0562,-0.2645,-0.0738,0.3944,,False,False,False,False,reported,RevenueFromContractWithCustomerExcludingAssessedTax,,,True,23.2,1.8
JKS,"JinkoSolar Holding Co., Ltd.",CNY,2025,1,営業赤字; FCFマイナス; ROIC; ROIC最低値; 営業利益率; FCF転換,-0.2667,-0.2667,-0.136,0.1254,-56.3434,False,False,False,False,reported,RevenueFromContractWithCustomerIncludingAssessedTax,-3.2157,-3.2157,False,91.7,0.0
HAS,"HASBRO, INC.",USD,2025,1,営業赤字; 売上CAGR; ROIC; ROIC最低値; 営業利益率; FCF転換,0.0023,-0.267,0.0024,-0.075,,False,True,False,False,reported,RevenueFromContractWithCustomerExcludingAssessedTax,0.0023,-0.267,False,0.0,32.8
UCAR,U Power Limited,CNY,2025,1,営業赤字; FCFマイナス; ROIC; ROIC最低値; 営業利益率; FCF転換,-0.1698,-0.2678,-1.4168,0.5053,,False,False,False,False,reported,Revenues,-0.1848,-0.2759,False,8.1,0.0
ROKU,"Roku, Inc.",USD,2025,1,営業赤字; FCFマイナス; ROIC; ROIC最低値; 営業利益率; FCF転換,-0.0017,-0.2691,-0.0012,0.1441,,False,False,False,False,reported,RevenueFromContractWithCustomerExcludingAssessedTax,-0.013,-2.0835,False,87.2,11.6
SKKY,"SKKYNET CLOUD SYSTEMS, INC.",USD,2025,1,営業赤字; FCFマイナス; ROIC; ROIC最低値; 営業利益率; FCF転換,-0.005,-0.2719,-0.0025,0.0865,,False,False,False,False,reported,Revenues,,,True,138.9,0.0
WSTRF,WESTERN URANIUM & VANADIUM CORP.,USD,2025,1,営業赤字; FCFマイナス; ROIC; ROIC最低値; 営業利益率; FCF転換,-0.1899,-0.2738,-17.1253,0.1182,,False,False,False,False,reported,Revenues,-0.2332,-0.3355,False,18.5,0.0
BE,BLOOM ENERGY CORPORATION,USD,2025,1,営業赤字; FCFマイナス; ROIC; ROIC最低値; 営業利益率; FCF転換,0.017,-0.2741,0.0364,0.2189,,False,False,True,False,reported,RevenueFromContractWithCustomerExcludingAssessedTax,0.0617,-1.0473,False,72.5,0.0
ACNT,Ascent Industries Co.,USD,2025,1,営業赤字; FCFマイナス; 売上CAGR; ROIC; ROIC最低値; 営業利益率,-0.0638,-0.2753,-0.0938,-0.3121,17.4287,False,False,False,False,reported,RevenueFromContractWithCustomerExcludingAssessedTax,-0.1889,-0.2801,False,66.2,0.0
WTI,"W&T Offshore, Inc.",USD,2025,1,営業赤字; 売上CAGR; ROIC; ROIC最低値; 営業利益率; FCF転換,-0.2761,-0.2761,-0.1053,-0.0264,,False,True,True,False,reported,RevenueFromContractWithCustomerExcludingAssessedTax,-3.9717,-3.9717,False,93.0,0.0
TOST,"Toast, Inc.",USD,2025,1,営業赤字; FCFマイナス; ROIC; ROIC最低値; 営業利益率; FCF転換,0.1086,-0.2763,0.0475,0.3783,,False,False,False,False,reported,RevenueFromContractWithCustomerExcludingAssessedTax,,,True,63.7,5.3
ACB,AURORA CANNABIS INC,CAD,2025,1,営業赤字; FCFマイナス; ROIC; ROIC最低値; 営業利益率; FCF転換,0.0069,-0.2763,0.0144,0.0632,,False,False,False,False,reported,RevenueFromContractsWithCustomers,0.0091,-0.8161,False,24.4,7.7
DOUG,DOUGLAS ELLIMAN INC.,USD,2025,1,営業赤字; FCFマイナス; 売上CAGR; ROIC最低値; 営業利益率; FCF転換,0.1953,-0.279,0.044,-0.0653,,False,False,False,False,reported,RevenueFromContractWithCustomerExcludingAssessedTax,0.525,-1.1007,False,62.8,17.5
ODV,Osisko Development Corp.,CAD,2025,1,営業赤字; FCFマイナス; ROIC; ROIC最低値; 営業利益率; FCF転換,-0.0787,-0.2803,-2.3035,0.467,,False,False,False,False,reported,Revenue,-0.1621,-0.3026,False,51.5,0.0
SRPT,"Sarepta Therapeutics, Inc.",USD,2025,1,営業赤字; FCFマイナス; ROIC; ROIC最低値; 営業利益率; FCF転換,-0.2807,-0.2807,-0.3754,0.3209,,False,False,False,False,reported,RevenueFromContractWithCustomerExcludingAssessedTax,,,True,47.7,0.0
IOT,SAMSARA INC.,USD,2026,1,営業赤字; FCFマイナス; ROIC; ROIC最低値; 営業利益率; FCF転換,-0.0292,-0.2827,-0.0325,0.3942,,False,False,False,False,reported,RevenueFromContractWithCustomerExcludingAssessedTax,-0.0377,-4.1273,False,22.4,0.0
TXG,"10x Genomics, Inc.",USD,2025,1,営業赤字; FCFマイナス; ROIC; ROIC最低値; 営業利益率; FCF転換,-0.0605,-0.2829,-0.0949,0.07,,False,False,False,False,reported,RevenueFromContractWithCustomerExcludingAssessedTax,-0.0645,-0.2945,False,6.2,0.6
MRNA,"Moderna, Inc.",USD,2025,1,営業赤字; FCFマイナス; 売上CAGR; ROIC; ROIC最低値; 営業利益率,-0.2807,-0.2859,-1.5813,-0.4304,0.8421,False,False,False,False,reported,RevenueFromContractWithCustomerExcludingAssessedTax,-0.8518,-0.8518,False,67.0,0.0
ONC,BEONE MEDICINES LTD.,USD,2025,1,営業赤字; FCFマイナス; ROIC; ROIC最低値; 営業利益率; FCF転換,0.0657,-0.2873,0.0837,0.4599,,False,False,False,False,reported,RevenueFromContractWithCustomerExcludingAssessedTax,0.4241,-7.8603,False,84.5,0.0
AEHR,AEHR TEST SYSTEMS,USD,2025,1,営業赤字; FCFマイナス; ROIC; ROIC最低値; 営業利益率; FCF転換,-0.0365,-0.2886,-0.0963,0.3729,-0.0893,False,False,False,False,reported,RevenueFromContractWithCustomerExcludingAssessedTax,-0.0456,-0.4811,False,20.0,0.0
CMRC,"Commerce.com, Inc.",USD,2025,1,営業赤字; FCFマイナス; ROIC; ROIC最低値; 営業利益率; FCF転換,-0.0652,-0.2898,-0.0474,0.1171,,False,False,False,False,reported,RevenueFromContractWithCustomerExcludingAssessedTax,-0.2316,-1.3941,False,71.8,26.4
SYPR,"SYPRIS SOLUTIONS, INC.",USD,2025,1,営業赤字; FCFマイナス; ROIC; ROIC最低値; 営業利益率; FCF転換,-0.2934,-0.2934,-0.0551,0.0532,-15.8041,False,False,False,False,reported,RevenueFromContractWithCustomerIncludingAssessedTax,-0.2934,-0.2934,False,0.0,0.0
USIO,"Usio, Inc.",USD,2025,1,営業赤字; FCFマイナス; ROIC; ROIC最低値; 営業利益率; FCF転換,-0.0967,-0.2941,-0.0276,0.0836,,False,False,False,False,reported,RevenueFromContractWithCustomerExcludingAssessedTax,-0.1574,-0.4965,False,38.6,0.0
NVCR,NovoCure Limited,USD,2025,1,営業赤字; FCFマイナス; ROIC; ROIC最低値; 営業利益率; FCF転換,-0.2269,-0.2944,-0.2347,0.052,,False,False,False,False,reported,Revenues,,,True,83.6,0.0
CENX,Century Aluminum Company,USD,2025,1,営業赤字; FCFマイナス; 売上CAGR; ROIC最低値; 営業利益率; FCF転換,0.155,-0.2972,0.0625,0.0339,-1.6267,False,False,False,False,reported,RevenueFromContractWithCustomerExcludingAssessedTax,0.186,-0.3439,False,16.7,0.0
NOTVQ,"INOTIV, INC.",USD,2025,1,営業赤字; FCFマイナス; ROIC; ROIC最低値; 営業利益率; FCF転換,-0.0454,-0.2977,-0.0602,0.5469,,False,False,False,False,reported,RevenueFromContractWithCustomerExcludingAssessedTax+Revenues,-0.0473,-0.3058,False,4.0,17.5
TSSI,"TSS, INC.",USD,2025,1,営業赤字; FCFマイナス; ROIC; ROIC最低値; 営業利益率; FCF転換,0.0551,-0.298,0.0257,0.7303,0.2054,False,False,False,False,reported,RevenueFromContractWithCustomerExcludingAssessedTax,,,True,94.3,0.9
TMCI,"Treace Medical Concepts, Inc.",USD,2025,1,営業赤字; FCFマイナス; ROIC; ROIC最低値; 営業利益率; FCF転換,-0.2994,-0.2994,-0.2546,0.2251,,False,False,False,False,reported,Revenues,-0.4525,-0.8605,False,33.8,0.0
LIF,"Life360, Inc.",USD,2025,1,営業赤字; FCFマイナス; ROIC; ROIC最低値; 営業利益率; FCF転換,0.0271,-0.305,0.0385,0.4438,,False,False,False,False,reported,RevenueFromContractWithCustomerExcludingAssessedTax,0.2758,-1.3375,False,90.2,24.6
HAIN,"THE HAIN CELESTIAL GROUP, INC.",USD,2025,1,営業赤字; 売上CAGR; ROIC; ROIC最低値; 営業利益率; FCF転換,-0.3086,-0.3086,-0.2959,-0.0567,,False,True,False,False,reported,RevenueFromContractWithCustomerExcludingAssessedTax,-0.3235,-0.3235,False,4.6,42.4
HITI,HIGH TIDE INC.,CAD,2025,1,営業赤字; FCFマイナス; ROIC; ROIC最低値; 営業利益率; FCF転換,-0.0987,-0.3088,-0.0243,0.3457,,False,False,False,False,reported,RevenueFromContractsWithCustomers,-0.1683,-0.3572,False,41.4,0.0
SG,"SWEETGREEN, INC.",USD,2025,1,営業赤字; FCFマイナス; ROIC; ROIC最低値; 営業利益率; FCF転換,-0.3091,-0.3091,-0.205,0.1891,,False,False,False,False,reported,RevenueFromContractWithCustomerExcludingAssessedTax,-0.4123,-0.7287,False,25.0,7.8
TAOP,TAOPING INC.,USD,2025,1,営業赤字; FCFマイナス; ROIC; ROIC最低値; 営業利益率; FCF転換,-0.3098,-0.3098,-0.2996,0.1228,,False,False,False,False,reported,RevenueFromContractWithCustomerExcludingAssessedTax,-0.3406,-0.3558,False,9.1,0.0
POCI,"PRECISION OPTICS CORPORATION, INC.",USD,2025,1,営業赤字; FCFマイナス; ROIC; ROIC最低値; 営業利益率; FCF転換,-0.3105,-0.3105,-0.2908,0.1564,,False,False,False,False,reported,Revenues,-0.355,-0.355,False,12.6,62.5
IDN,"Intellicheck, Inc.",USD,2025,1,営業赤字; FCFマイナス; ROIC; ROIC最低値; 営業利益率; FCF転換,0.0415,-0.3108,0.0479,0.0844,,False,False,False,False,reported,RevenueFromContractWithCustomerExcludingAssessedTax,0.0777,-1.0968,False,46.6,39.1
LOCL,Local Bounti Corporation/DE,USD,2025,1,営業赤字; FCFマイナス; ROIC; ROIC最低値; 営業利益率; FCF転換,-0.1561,-0.3149,-1.2949,1.9507,,False,False,True,False,reported,RevenueFromContractWithCustomerExcludingAssessedTax,-0.1582,-2.1777,False,1.3,0.0
THRY,"THRYV HOLDINGS, INC.",USD,2025,1,営業赤字; 売上CAGR; ROIC; ROIC最低値; 営業利益率; FCF転換,0.095,-0.315,0.0722,-0.0837,,False,True,False,False,reported,RevenueFromContractWithCustomerExcludingAssessedTax,0.0972,-0.3269,False,2.3,53.8
ALHC,"ALIGNMENT HEALTHCARE, INC.",USD,2025,1,営業赤字; FCFマイナス; ROIC; ROIC最低値; 営業利益率; FCF転換,0.0232,-0.3168,0.0037,0.356,,False,False,False,False,reported,Revenues,,,True,120.3,6.4
ENOV,Enovis CORP,USD,2025,1,営業赤字; FCFマイナス; ROIC; ROIC最低値; 営業利益率; FCF転換,-0.3187,-0.3187,-0.5001,0.1205,,False,False,False,False,reported,RevenueFromContractWithCustomerExcludingAssessedTax,-0.323,-0.323,False,1.3,25.8
AMSC,American Superconductor Corporation,USD,2026,1,営業赤字; FCFマイナス; ROIC; ROIC最低値; 営業利益率; FCF転換,0.0163,-0.3188,0.0383,0.2888,,False,False,False,False,reported,RevenueFromContractWithCustomerIncludingAssessedTax,0.0218,-0.4462,False,25.3,31.6
UPST,"Upstart Holdings, Inc.",USD,2025,1,営業赤字; FCFマイナス; ROIC; ROIC最低値; 営業利益率; FCF転換,0.0422,-0.319,0.0408,0.0531,,False,False,False,False,reported,Revenues,0.0422,-0.319,False,0.0,8.4
HCAT,"HEALTH CATALYST, INC.",USD,2025,1,営業赤字; FCFマイナス; ROIC; ROIC最低値; 営業利益率; FCF転換,-0.3198,-0.3198,-0.517,0.0649,,False,False,False,False,reported,RevenueFromContractWithCustomerExcludingAssessedTax,-0.4212,-0.4434,False,24.1,52.6
ARRY,"ARRAY TECHNOLOGIES, INC.",USD,2025,1,営業赤字; FCFマイナス; ROIC; ROIC最低値; 営業利益率; FCF転換,-0.0495,-0.3207,-0.0226,0.1076,,False,False,True,False,reported,RevenueFromContractWithCustomerExcludingAssessedTax,-0.105,-0.9141,False,52.8,29.2
BOOM,DMC Global Inc.,USD,2025,1,営業赤字; FCFマイナス; ROIC; ROIC最低値; 営業利益率; FCF転換,-0.0003,-0.3222,-0.0002,0.2374,,False,False,False,False,reported,RevenueFromContractWithCustomerExcludingAssessedTax,-0.0003,-0.3372,False,10.9,0.0
HE,"HAWAIIAN ELECTRIC INDUSTRIES, INC.",USD,2025,1,営業赤字; 売上CAGR; ROIC; ROIC最低値; 営業利益率; FCF転換,0.0478,-0.3234,0.0762,0.0201,,False,True,False,False,reported,Revenues,0.0549,-0.3944,False,12.9,0.0
AVNS,"AVANOS MEDICAL, INC.",USD,2025,1,営業赤字; 売上CAGR; ROIC; ROIC最低値; 営業利益率; FCF転換,-0.0554,-0.325,-0.0878,0.0454,,False,True,False,False,reported,RevenueFromContractWithCustomerExcludingAssessedTax,-0.0617,-0.3659,False,10.2,44.9
EVC,ENTRAVISION COMMUNICATIONS CORP,USD,2025,1,営業赤字; 売上CAGR; ROIC; ROIC最低値; 営業利益率; FCF転換,-0.3251,-0.3251,-0.1863,-0.124,,False,True,False,False,reported,RevenueFromContractWithCustomerExcludingAssessedTax,-0.4726,-0.4726,False,31.2,3.6
LAW,"CS Disco, Inc.",USD,2025,1,営業赤字; FCFマイナス; ROIC; ROIC最低値; 営業利益率; FCF転換,-0.2968,-0.3306,-0.3068,0.0822,,False,False,False,False,reported,RevenueFromContractWithCustomerExcludingAssessedTax,-2.8141,-2.8141,False,89.5,4.6
KLNG,"KOIL ENERGY SOLUTIONS, INC.",USD,2025,1,営業赤字; FCFマイナス; ROIC; ROIC最低値; 営業利益率; FCF転換,-0.0325,-0.3343,-0.0153,0.0869,-8.3944,False,False,False,False,reported,Revenues,-0.0325,-0.3343,False,0.0,0.0
ETON,"Eton Pharmaceuticals, Inc.",USD,2025,1,営業赤字; FCFマイナス; ROIC; ROIC最低値; 営業利益率; FCF転換,-0.0118,-0.3347,-0.0106,0.3833,,False,False,False,False,reported,RevenueFromContractWithCustomerExcludingAssessedTax,,,True,45.7,0.0
QTRX,QUANTERIX CORPORATION,USD,2025,1,営業赤字; FCFマイナス; ROIC; ROIC最低値; 営業利益率; FCF転換,-0.3354,-0.3354,-0.9038,0.0587,,False,False,False,False,reported,RevenueFromContractWithCustomerExcludingAssessedTax,-0.5588,-4.2918,False,40.0,8.9
MRVI,"Maravai LifeSciences Holdings, Inc.",USD,2025,1,営業赤字; FCFマイナス; 売上CAGR; ROIC; ROIC最低値; 営業利益率,-0.3373,-0.3373,-1.1589,-0.3057,1.5391,False,False,False,False,reported,RevenueFromContractWithCustomerExcludingAssessedTax,-0.3373,-0.3373,False,0.0,25.7
IPM,Intelligent Protection Management Corp,USD,2025,1,営業赤字; FCFマイナス; ROIC; ROIC最低値; 営業利益率; FCF転換,-0.205,-0.34,-0.1999,0.1549,,False,False,False,False,reported,Revenues,-0.2961,-3.0859,False,30.8,25.0
RKLB,Rocket Lab Corp,USD,2025,1,営業赤字; FCFマイナス; ROIC; ROIC最低値; 営業利益率; FCF転換,-0.1049,-0.3419,-0.3803,0.7634,,False,False,False,False,reported,RevenueFromContractWithCustomerExcludingAssessedTax,-0.2557,-7.667,False,59.0,11.9
FTHM,FATHOM HOLDINGS INC.,USD,2025,1,営業赤字; FCFマイナス; ROIC; ROIC最低値; 営業利益率; FCF転換,-0.2861,-0.3423,-0.0371,0.0623,,False,False,False,False,reported,RevenueFromContractWithCustomerExcludingAssessedTax,-0.3304,-0.3889,False,13.4,41.1
SGHT,"SIGHT SCIENCES, INC.",USD,2025,1,営業赤字; FCFマイナス; ROIC; ROIC最低値; 営業利益率; FCF転換,-0.2812,-0.343,-0.4795,0.1212,,False,False,False,False,reported,RevenueFromContractWithCustomerExcludingAssessedTax,-2.3872,-9.9773,False,88.2,0.0
WKC,World Kinect Corporation,USD,2025,1,営業赤字; 売上CAGR; ROIC; ROIC最低値; 営業利益率; FCF転換,-0.3434,-0.3434,-0.0153,0.0418,,False,True,False,False,reported,Revenues,-0.4035,-0.4035,False,14.9,56.8
FOXF,Fox Factory Holding Corp.,USD,2026,1,営業赤字; 売上CAGR; ROIC; ROIC最低値; 営業利益率; FCF転換,-0.3461,-0.3461,-0.3564,0.0309,,False,True,False,False,reported,RevenueFromContractWithCustomerExcludingAssessedTax,-0.3461,-0.3461,False,0.0,7.0
STIM,"NEURONETICS, INC.",USD,2025,1,営業赤字; FCFマイナス; ROIC; ROIC最低値; 営業利益率; FCF転換,-0.2816,-0.3472,-0.2108,0.2815,,False,False,False,False,reported,RevenueFromContractWithCustomerExcludingAssessedTax,-0.4136,-2.9048,False,31.9,0.0
LSPD,LIGHTSPEED COMMERCE INC.,USD,2025,1,営業赤字; FCFマイナス; ROIC; ROIC最低値; 営業利益率; FCF転換,-0.3304,-0.3477,-0.6464,0.4845,,False,False,False,False,reported,RevenueFromContractsWithCustomers,-0.4974,-0.5115,False,33.6,48.0
RIOT,"Riot Platforms, Inc.",USD,2025,1,営業赤字; FCFマイナス; ROIC; ROIC最低値; 営業利益率; FCF転換,-0.172,-0.3518,-0.961,0.32,,False,False,False,False,reported,Revenues,-0.1873,-0.4397,False,8.2,0.0
ATEC,"Alphatec Holdings, Inc.",USD,2025,1,営業赤字; FCFマイナス; ROIC; ROIC最低値; 営業利益率; FCF転換,-0.1122,-0.3521,-0.1075,0.3314,,False,False,True,False,reported,RevenueFromContractWithCustomerIncludingAssessedTax,-0.1554,-0.4737,False,27.8,13.0
SIBN,"SI-BONE, INC.",USD,2025,1,営業赤字; FCFマイナス; ROIC; ROIC最低値; 営業利益率; FCF転換,-0.0828,-0.3528,-0.1111,0.2218,,False,False,False,False,reported,RevenueFromContractWithCustomerExcludingAssessedTax,-0.1032,-1.8212,False,19.8,0.0
HYLN,HYLIION HOLDINGS CORP.,USD,2025,1,営業赤字; FCFマイナス; ROIC; ROIC最低値; 営業利益率; FCF転換,-0.2697,-0.3543,-18.8642,1.0416,,False,False,False,False,reported,RevenueFromContractWithCustomerExcludingAssessedTax,-0.5197,-1.1383,False,48.1,0.0
FOCL,EDAP TMS SA,EUR,2024,1,営業赤字; FCFマイナス; ROIC; ROIC最低値; 営業利益率; FCF転換,-0.3568,-0.3568,-0.3203,0.1138,,False,False,False,False,reported,Revenues,-1.0378,-1.0378,False,65.6,5.3
IQST,iQSTEL Inc.,USD,2025,1,営業赤字; FCFマイナス; ROIC; ROIC最低値; 営業利益率; FCF転換,-0.1379,-0.3573,-0.0134,0.4877,,False,False,False,False,reported,Revenues,-0.1513,-0.4878,False,8.9,23.8
RIVN,"Rivian Automotive, Inc. / DE",USD,2025,1,営業赤字; FCFマイナス; ROIC; ROIC最低値; 営業利益率; FCF転換,-0.3135,-0.3604,-0.6655,2.1459,,False,False,False,False,reported,RevenueFromContractWithCustomerExcludingAssessedTax,-0.9594,-1.5645,False,67.3,0.0
ADV,Advantage Solutions Inc.,USD,2025,1,営業赤字; 売上CAGR; ROIC; ROIC最低値; 営業利益率; FCF転換,-0.0448,-0.3617,-0.0357,-0.0042,,False,True,False,False,reported,RevenueFromContractWithCustomerExcludingAssessedTax,-0.0503,-0.3753,False,10.8,19.7
QXL,QUANTUM X LABS INC.,USD,2024,1,営業赤字; 売上CAGR; ROIC; ROIC最低値; 営業利益率; FCF転換,-0.0748,-0.3631,-0.0311,-0.0833,,False,True,False,False,reported,RevenueFromContractWithCustomerExcludingAssessedTax,-0.075,-0.4075,False,0.3,12.3
VRME,"VERIFYME, INC.",USD,2025,1,営業赤字; FCFマイナス; ROIC; ROIC最低値; 営業利益率; FCF転換,-0.3644,-0.3644,-0.3092,1.0854,,False,False,False,False,reported,Revenues,-0.3644,-0.3644,False,0.0,0.0
NPCE,"NEUROPACE, INC.",USD,2025,1,営業赤字; FCFマイナス; ROIC; ROIC最低値; 営業利益率; FCF転換,-0.1657,-0.3675,-0.1634,0.2197,,False,False,False,False,reported,RevenueFromContractWithCustomerExcludingAssessedTax,-0.7657,-3.1346,False,78.4,0.0
TWST,Twist Bioscience Corporation,USD,2025,1,営業赤字; FCFマイナス; ROIC; ROIC最低値; 営業利益率; FCF転換,-0.2276,-0.3691,-0.3618,0.2988,,False,False,False,False,reported,RevenueFromContractWithCustomerIncludingAssessedTax,-0.4475,-1.1719,False,49.1,17.4
DWSN,DAWSON GEOPHYSICAL COMPANY,USD,2025,1,営業赤字; FCFマイナス; ROIC; ROIC最低値; 営業利益率; FCF転換,-0.0832,-0.3696,-0.022,0.3229,,False,False,False,False,reported,RevenueFromContractWithCustomerIncludingAssessedTax,-0.1248,-0.6269,False,33.4,0.0
MDB,"MONGODB, INC.",USD,2026,1,営業赤字; FCFマイナス; ROIC; ROIC最低値; 営業利益率; FCF転換,-0.0367,-0.3703,-0.0556,0.2958,,False,False,False,False,reported,RevenueFromContractWithCustomerExcludingAssessedTax,,,True,80.9,6.5
SKYT,"SkyWater Technology, Inc.",USD,2025,1,営業赤字; FCFマイナス; ROIC; ROIC最低値; 営業利益率; FCF転換,-0.009,-0.3741,-0.0058,0.332,-123.986,False,False,True,False,reported,Revenues,-0.01,-0.419,False,10.2,0.0
AFRM,"Affirm Holdings, Inc.",USD,2025,1,営業赤字; FCFマイナス; ROIC; ROIC最低値; 営業利益率; FCF転換,-0.0225,-0.3744,-0.0783,0.2691,,False,False,False,False,reported,RevenueFromContractWithCustomerExcludingAssessedTax,-0.0402,-0.5777,False,44.1,17.4
FDMT,"4D Molecular Therapeutics, Inc.",USD,2025,1,営業赤字; FCFマイナス; ROIC; ROIC最低値; 営業利益率; FCF転換,-0.2493,-0.3758,-1.8724,0.4743,,False,False,False,False,reported,RevenueFromContractWithCustomerExcludingAssessedTax,-1.2236,-4.8881,False,79.6,0.0
PRCH,"Porch Group, Inc.",USD,2025,1,営業赤字; FCFマイナス; ROIC; ROIC最低値; 営業利益率; FCF転換,0.0785,-0.3759,0.0873,0.2147,,False,False,True,False,reported,RevenueFromContractWithCustomerExcludingAssessedTax,0.0929,-1.418,False,15.6,52.1
RENT,"RENT THE RUNWAY, INC.",USD,2026,1,営業赤字; FCFマイナス; ROIC; ROIC最低値; 営業利益率; FCF転換,-0.377,-0.377,-1.3128,0.2578,,False,False,True,False,reported,RevenueFromContractWithCustomerExcludingAssessedTax,-0.648,-1.1798,False,41.8,0.0
BKSY,BlackSky Technology Inc.,USD,2025,1,営業赤字; FCFマイナス; ROIC; ROIC最低値; 営業利益率; FCF転換,-0.1286,-0.3781,-0.4401,0.3298,,False,False,False,False,reported,RevenueFromContractWithCustomerExcludingAssessedTax,-0.2265,-1.1108,False,43.2,3.6
MIND,"MIND TECHNOLOGY, INC",USD,2026,1,営業赤字; FCFマイナス; ROIC; ROIC最低値; 営業利益率; FCF転換,0.0545,-0.3797,0.0698,0.1538,,False,False,False,False,reported,RevenueFromContractWithCustomerExcludingAssessedTax,0.1009,-0.4569,False,46.0,0.0
NEPH,"NEPHROS, INC.",USD,2025,1,営業赤字; FCFマイナス; ROIC; ROIC最低値; 営業利益率; FCF転換,0.0887,-0.3856,0.061,0.1645,,False,False,False,False,reported,RevenueFromContractWithCustomerExcludingAssessedTax,0.1885,-0.6527,False,52.9,7.4
LEDS,SEMILEDS CORPORATION,USD,2025,1,営業赤字; FCFマイナス; ROIC; ROIC最低値; 営業利益率; FCF転換,-0.2816,-0.3867,-0.0372,0.736,,False,False,False,False,reported,RevenueFromContractWithCustomerExcludingAssessedTax,-0.667,-0.667,False,57.8,0.0
LESL,"LESLIE’S, INC.",USD,2025,1,営業赤字; FCFマイナス; 売上CAGR; ROIC; ROIC最低値; 営業利益率,-0.39,-0.39,-0.1368,-0.0194,3.5525,False,False,True,False,reported,RevenueFromContractWithCustomerExcludingAssessedTax,-0.4797,-0.4797,False,18.7,0.0
PPSI,"PIONEER POWER SOLUTIONS, INC.",USD,2025,1,営業赤字; FCFマイナス; ROIC; ROIC最低値; 営業利益率; FCF転換,-0.1777,-0.3909,-0.2387,0.1083,-2.1727,False,False,False,False,reported,RevenueFromContractWithCustomerExcludingAssessedTax,-0.1777,-0.3909,False,0.0,0.0
HELE,HELEN OF TROY LIMITED,USD,2026,1,営業赤字; 売上CAGR; ROIC; ROIC最低値; 営業利益率; FCF転換,-0.3913,-0.3913,-0.4378,-0.0532,,False,True,False,False,reported,RevenueFromContractWithCustomerExcludingAssessedTax,-0.396,-0.396,False,1.2,29.9
OSCR,"Oscar Health, Inc.",USD,2025,1,営業赤字; FCFマイナス; ROIC; ROIC最低値; 営業利益率; FCF転換,-0.2224,-0.3921,-13.862,0.5174,,False,False,False,False,reported,RevenueFromContractWithCustomerExcludingAssessedTax,,,True,283.5,0.0
SDGR,"Schrodinger, Inc.",USD,2025,1,営業赤字; FCFマイナス; ROIC; ROIC最低値; 営業利益率; FCF転換,-0.3622,-0.3923,-0.6523,0.167,,False,False,False,False,reported,RevenueFromContractWithCustomerExcludingAssessedTax,,,True,108.6,1.3
NDLS,NOODLES & COMPANY,USD,2025,1,営業赤字; FCFマイナス; ROIC; ROIC最低値; 営業利益率; FCF転換,-0.3932,-0.3932,-0.0638,0.059,,False,False,True,False,reported,RevenueFromContractWithCustomerExcludingAssessedTax,-0.4012,-0.4012,False,2.0,11.3
AVAH,Aveanna Healthcare Holdings Inc.,USD,2026,1,営業赤字; FCFマイナス; ROIC; ROIC最低値; 営業利益率; FCF転換,0.1356,-0.3952,0.1054,0.1295,,False,False,True,False,reported,RevenueFromContractWithCustomerExcludingAssessedTax,0.1557,-0.4012,False,12.9,75.0
MASS,908 DEVICES INC.,USD,2025,1,営業赤字; FCFマイナス; ROIC; ROIC最低値; 営業利益率; FCF転換,-0.2167,-0.3957,-0.7015,0.0742,,False,False,False,False,reported,RevenueFromContractWithCustomerExcludingAssessedTax,,,True,78.6,0.0
WRBY,Warby Parker Inc.,USD,2025,1,営業赤字; FCFマイナス; ROIC; ROIC最低値; 営業利益率; FCF転換,-0.0115,-0.3968,-0.0061,0.1268,,False,False,False,False,reported,RevenueFromContractWithCustomerExcludingAssessedTax,-0.0518,-3.8365,False,77.9,0.0
KRMD,"KORU MEDICAL SYSTEMS, INC.",USD,2025,1,営業赤字; FCFマイナス; ROIC; ROIC最低値; 営業利益率; FCF転換,-0.1377,-0.3986,-0.0723,0.1503,,False,False,False,False,reported,Revenues,-0.2872,-0.9145,False,52.0,0.0
PL,Planet Labs PBC,USD,2026,1,営業赤字; FCFマイナス; ROIC; ROIC最低値; 営業利益率; FCF転換,-0.3986,-0.3986,-0.309,0.2375,,False,False,False,False,reported,RevenueFromContractWithCustomerExcludingAssessedTax,,,True,339.7,76.1
JOB,GEE Group Inc.,USD,2025,1,営業赤字; 売上CAGR; ROIC; ROIC最低値; 営業利益率; FCF転換,-0.3998,-0.3998,-0.2623,-0.1027,,False,True,False,False,reported,Revenues,-0.3998,-0.3998,False,0.0,49.5
ZLAB,ZAI LAB LIMITED,USD,2025,1,営業赤字; FCFマイナス; ROIC; ROIC最低値; 営業利益率; FCF転換,-0.2533,-0.4008,-0.5018,0.3346,,False,False,False,False,reported,RevenueFromContractWithCustomerExcludingAssessedTax,,,True,96.4,0.0
WBX,Wallbox N.V.,EUR,2024,1,営業赤字; FCFマイナス; ROIC; ROIC最低値; 営業利益率; FCF転換,-0.4015,-0.4015,-0.8162,0.699,,False,False,False,False,reported,Revenue,-0.4864,-3.7252,False,17.4,4.2
DLPN,"DOLPHIN ENTERTAINMENT, INC.",USD,2025,1,営業赤字; FCFマイナス; ROIC; ROIC最低値; 営業利益率; FCF転換,-0.0009,-0.4044,-0.0007,0.1224,,False,False,False,False,reported,Revenues,-0.0012,-0.4836,False,25.6,62.9
BCYC,Bicycle Therapeutics plc,USD,2025,1,営業赤字; FCFマイナス; ROIC; ROIC最低値; 営業利益率; FCF転換,-0.32,-0.4045,-3.4038,0.5783,,False,False,False,False,reported,RevenueFromContractWithCustomerExcludingAssessedTax,,,True,103.0,0.0
NEOG,Neogen Corporation,USD,2025,1,営業赤字; FCFマイナス; ROIC; ROIC最低値; 営業利益率; FCF転換,-0.4047,-0.4047,-1.1859,0.1756,,False,False,False,False,reported,RevenueFromContractWithCustomerExcludingAssessedTax,-0.4316,-0.4316,False,6.2,51.4
AIJTY,Jianpu Technology Inc.,CNY,2025,1,営業赤字; FCFマイナス; ROIC; ROIC最低値; 営業利益率; FCF転換,0.058,-0.4072,0.022,0.0501,,False,False,False,False,reported,RevenueFromContractWithCustomerIncludingAssessedTax,0.2149,-9.9029,False,73.0,0.0
RLAY,"Relay Therapeutics, Inc.",USD,2025,1,営業赤字; FCFマイナス; ROIC; ROIC最低値; 営業利益率; FCF転換,-0.4218,-0.4218,-19.7159,0.5005,,False,False,False,False,reported,RevenueFromContractWithCustomerExcludingAssessedTax,-0.4951,-0.4951,False,14.8,0.0
PSFE,Paysafe Ltd,USD,2025,1,営業赤字; 売上CAGR; ROIC; ROIC最低値; 営業利益率; FCF転換,0.0174,-0.4221,0.0423,0.0342,,False,True,False,False,reported,Revenues,0.0188,-0.456,False,7.6,63.5
APPN,APPIAN CORPORATION,USD,2025,1,営業赤字; FCFマイナス; ROIC; ROIC最低値; 営業利益率; FCF転換,0.0025,-0.4342,0.0008,0.1845,,False,False,True,False,reported,RevenueFromContractWithCustomerExcludingAssessedTax,0.0728,-1.689,False,96.6,14.9
ACAD,ACADIA PHARMACEUTICALS INC,USD,2025,1,営業赤字; FCFマイナス; ROIC; ROIC最低値; 営業利益率; FCF転換,0.0675,-0.4411,0.0978,0.2197,0.2194,False,False,False,False,reported,RevenueFromContractWithCustomerExcludingAssessedTax,,,True,66.8,0.0
NNOX,NANO-X IMAGING LTD,USD,2025,1,営業赤字; FCFマイナス; ROIC; ROIC最低値; 営業利益率; FCF転換,-0.4423,-0.4423,-6.0083,0.7776,,False,False,False,False,reported,Revenues,-0.6823,-0.6823,False,35.2,0.0
YDKG,Yueda Digital Holding,USD,2025,1,営業赤字; FCFマイナス; ROIC; ROIC最低値; 営業利益率; FCF転換,-0.1142,-0.4448,-1.6007,0.3229,,False,False,False,False,reported,RevenueFromContractWithCustomerExcludingAssessedTax,-0.1146,-0.4698,False,0.3,0.0
FWRD,FORWARD AIR CORP,USD,2025,1,営業赤字; FCFマイナス; ROIC; ROIC最低値; 営業利益率; FCF転換,0.016,-0.4472,0.0146,0.1581,,False,False,False,False,reported,RevenueFromContractWithCustomerExcludingAssessedTax,0.017,-0.4737,False,5.9,29.0
BEAM,Beam Therapeutics Inc.,USD,2025,1,営業赤字; FCFマイナス; ROIC; ROIC最低値; 営業利益率; FCF転換,-0.2448,-0.4476,-2.7457,0.2813,,False,False,False,False,reported,RevenueFromContractWithCustomerExcludingAssessedTax,,,True,100.6,0.0
TEAD,Teads Holding Co.,USD,2025,1,営業赤字; FCFマイナス; ROIC; ROIC最低値; 営業利益率; FCF転換,-0.45,-0.45,-0.3068,0.0638,,False,False,False,False,reported,Revenues,-0.561,-0.561,False,19.8,40.1
VRDN,"Viridian Therapeutics, Inc.\DE",USD,2025,1,営業赤字; FCFマイナス; ROIC; ROIC最低値; 営業利益率; FCF転換,-0.3975,-0.4548,-5.1291,1.2113,,False,False,False,False,reported,RevenueFromContractWithCustomerIncludingAssessedTax,-4.7929,-4.7929,False,91.7,0.0
MARA,"MARA HOLDINGS, INC.",USD,2025,1,営業赤字; FCFマイナス; ROIC; ROIC最低値; 営業利益率; FCF転換,-0.1368,-0.4555,-20.8546,0.2477,,False,False,False,False,reported,RevenueFromContractWithCustomerExcludingAssessedTax,-0.1482,-0.4999,False,7.7,0.0
CVRX,"CVRx, Inc.",USD,2025,1,営業赤字; FCFマイナス; ROIC; ROIC最低値; 営業利益率; FCF転換,-0.4559,-0.4559,-0.9049,0.4438,,False,False,False,False,reported,RevenueFromContractWithCustomerExcludingAssessedTax,-3.0845,-5.2778,False,85.2,0.0
CERS,CERUS CORPORATION,USD,2025,1,営業赤字; FCFマイナス; ROIC; ROIC最低値; 営業利益率; FCF転換,-0.1068,-0.4569,-0.0371,0.1003,,False,False,False,False,reported,RevenueFromContractWithCustomerExcludingAssessedTax,,,True,129.0,2.0
TBCH,TURTLE BEACH CORPORATION,USD,2025,1,営業赤字; FCFマイナス; 売上CAGR; ROIC最低値; 営業利益率; FCF転換,0.1692,-0.4573,0.086,-0.0333,,False,False,False,False,reported,RevenueFromContractWithCustomerExcludingAssessedTax,0.1949,-0.5245,False,13.2,39.2
LOBO,LOBO TECHNOLOGIES LTD.,USD,2025,1,営業赤字; FCFマイナス; ROIC; ROIC最低値; 営業利益率; FCF転換,-0.4583,-0.4583,-0.1746,0.1322,,False,False,False,False,reported,RevenueFromContractWithCustomerExcludingAssessedTax,-0.6006,-0.6006,False,23.7,0.0
LODE,COMSTOCK INC.,USD,2025,1,営業赤字; FCFマイナス; ROIC; ROIC最低値; 営業利益率; FCF転換,-0.2801,-0.4591,-24.5522,0.1586,,False,False,False,False,reported,RevenueFromContractWithCustomerExcludingAssessedTax+Revenues,-0.3325,-0.4656,False,15.8,0.0
LUNG,PULMONX CORPORATION,USD,2025,1,営業赤字; FCFマイナス; ROIC; ROIC最低値; 営業利益率; FCF転換,-0.4648,-0.4648,-0.593,0.1693,,False,False,False,False,reported,RevenueFromContractWithCustomerExcludingAssessedTax,-1.9755,-1.9755,False,76.5,2.6
TPCS,TECHPRECISION CORP,USD,2026,1,営業赤字; FCFマイナス; ROIC; ROIC最低値; 営業利益率; FCF転換,-0.1099,-0.469,-0.0337,0.0916,,False,False,False,False,reported,RevenueFromContractWithCustomerExcludingAssessedTax,-0.1099,-0.469,False,0.0,0.0
WEAV,"Weave Communications, Inc.",USD,2025,1,営業赤字; FCFマイナス; ROIC; ROIC最低値; 営業利益率; FCF転換,-0.2935,-0.4718,-0.1281,0.1984,,False,False,False,False,reported,Revenues+RevenueFromContractWithCustomerExcludingAssessedTax,,,True,66.7,0.0
TROO,"TROOPS, Inc.",USD,2025,1,営業赤字; FCFマイナス; ROIC; ROIC最低値; 営業利益率; FCF転換,-0.4759,-0.4759,-1.7275,0.4678,,False,False,False,False,reported,RevenueFromContractWithCustomerExcludingAssessedTax,-0.4759,-0.4759,False,0.0,25.2
IONQ,"IONQ, INC.",USD,2025,1,営業赤字; FCFマイナス; ROIC; ROIC最低値; 営業利益率; FCF転換,-0.1318,-0.4784,-4.8741,1.8054,,False,False,False,False,reported,RevenueFromContractWithCustomerExcludingAssessedTax,-0.3557,-4.2145,False,63.0,51.7
ARVN,"ARVINAS, INC.",USD,2025,1,営業赤字; FCFマイナス; ROIC; ROIC最低値; 営業利益率; FCF転換,-0.2156,-0.48,-0.4513,0.4878,,False,False,False,False,reported,Revenues,,,True,157.8,0.0
LMFA,"LM FUNDING AMERICA, INC.",USD,2025,1,営業赤字; FCFマイナス; ROIC; ROIC最低値; 営業利益率; FCF転換,-0.4805,-0.4805,-2.5874,0.7711,,False,False,False,False,reported,Revenues,-0.481,-0.481,False,0.1,0.0
PTGX,"PROTAGONIST THERAPEUTICS, INC.",USD,2025,1,営業赤字; FCFマイナス; ROIC; ROIC最低値; 営業利益率; FCF転換,-0.2032,-0.4814,-3.4363,0.1388,,False,False,False,False,reported,RevenueFromContractWithCustomerIncludingAssessedTax,,,True,92.3,0.0
PHR,"PHREESIA, INC.",USD,2026,1,営業赤字; FCFマイナス; ROIC; ROIC最低値; 営業利益率; FCF転換,-0.0154,-0.4842,-0.0138,0.2253,,False,False,False,False,reported,Revenues,-0.0196,-1.2522,False,21.7,50.0
KEP,KOREA ELECTRIC POWER CORPORATION,KRW,2024,1,営業赤字; FCFマイナス; ROIC; ROIC最低値; 営業利益率; FCF転換,0.1282,-0.4867,0.0914,0.1244,,False,False,False,False,reported,Revenue,0.1343,-0.5188,False,4.6,0.2
TOI,"The Oncology Institute, Inc.",USD,2025,1,営業赤字; FCFマイナス; ROIC; ROIC最低値; 営業利益率; FCF転換,-0.4622,-0.491,-0.0718,0.2545,-0.0016,False,False,True,False,reported,RevenueFromContractWithCustomerExcludingAssessedTax,-0.4622,-0.644,False,0.0,11.7
APPS,"DIGITAL TURBINE, INC.",USD,2026,1,営業赤字; 売上CAGR; ROIC; ROIC最低値; 営業利益率; FCF転換,0.0492,-0.4951,0.0602,-0.0675,,False,True,False,False,reported,RevenueFromContractWithCustomerExcludingAssessedTax,0.0529,-0.524,False,6.9,40.8
XERS,"XERIS BIOPHARMA HOLDINGS, INC.",USD,2025,1,営業赤字; FCFマイナス; ROIC; ROIC最低値; 営業利益率; FCF転換,0.084,-0.4963,0.0853,0.5575,,False,False,True,False,reported,RevenueFromContractWithCustomerExcludingAssessedTax,0.1599,-1.125,False,47.4,9.8
MTC,"MMTEC, INC.",USD,2025,1,営業赤字; FCFマイナス; ROIC; ROIC最低値; 営業利益率; FCF転換,-0.2069,-0.4977,-4.7087,0.0916,,False,False,False,False,reported,Revenues,-0.2069,-0.4977,False,0.0,0.0
TARS,"TARSUS PHARMACEUTICALS, INC.",USD,2025,1,営業赤字; FCFマイナス; ROIC; ROIC最低値; 営業利益率; FCF転換,-0.1348,-0.4986,-0.1572,0.6773,,False,False,False,False,reported,Revenues,,,True,100.3,0.0
RHNO,RHINO BITCOIN INC.,USD,2025,1,営業赤字; FCFマイナス; ROIC; ROIC最低値; 営業利益率; FCF転換,-0.3449,-0.5037,-1.0576,0.639,,False,False,False,False,derived,RevenueFromContractWithCustomerExcludingAssessedTax,,,True,2.2,0.0
XGN,Exagen Inc.,USD,2025,1,営業赤字; FCFマイナス; ROIC; ROIC最低値; 営業利益率; FCF転換,-0.2754,-0.5093,-0.2113,0.0835,,False,False,False,False,reported,RevenueFromContractWithCustomerExcludingAssessedTax,-1.3662,-4.0257,False,79.8,0.0
XOMA,XOMA Royalty Corporation,USD,2025,1,営業赤字; FCFマイナス; 売上CAGR; ROIC; ROIC最低値; FCF転換,0.1071,-0.5102,1.0999,-0.2704,,False,False,False,True,reported,RevenueFromContractWithCustomerExcludingAssessedTax,,,True,98.8,0.0
IPW,iPower Inc.,USD,2025,1,営業赤字; FCFマイナス; ROIC; ROIC最低値; 営業利益率; FCF転換,-0.2536,-0.5105,-0.0887,0.0516,,False,False,False,False,reported,Revenues,-0.2792,-0.6219,False,9.2,16.6
ACCS,ACCESS Newswire Inc.,USD,2025,1,営業赤字; 売上CAGR; ROIC; ROIC最低値; 営業利益率; FCF転換,-0.0487,-0.5111,-0.0827,0.0083,,False,True,False,False,reported,Revenues,-0.0487,-0.5111,False,0.0,62.8
ARLO,"ARLO TECHNOLOGIES, INC.",USD,2025,1,営業赤字; FCFマイナス; ROIC; ROIC最低値; 営業利益率; FCF転換,0.0375,-0.5124,0.0115,0.0502,,False,False,False,False,reported,RevenueFromContractWithCustomerIncludingAssessedTax,,,True,114.5,8.6
HCM,HutchMED (China) LIMITED,USD,2025,1,営業赤字; FCFマイナス; ROIC; ROIC最低値; 営業利益率; FCF転換,-0.0232,-0.5125,-0.0714,0.114,-10.9048,False,False,False,False,reported,RevenueFromContractWithCustomerExcludingAssessedTax,,,True,102.7,0.2
TALK,"TALKSPACE, INC.",USD,2025,1,営業赤字; FCFマイナス; ROIC; ROIC最低値; 営業利益率; FCF転換,0.0213,-0.5151,0.0138,0.1912,,False,False,False,False,reported,RevenueFromContractWithCustomerExcludingAssessedTax,,,True,31.9,0.0
NTLA,"INTELLIA THERAPEUTICS, INC.",USD,2025,1,営業赤字; FCFマイナス; ROIC; ROIC最低値; 営業利益率; FCF転換,-0.5189,-0.5189,-6.5167,0.1962,,False,False,False,False,reported,RevenueFromContractWithCustomerExcludingAssessedTax,-1.5728,-8.4249,False,67.0,0.0
BFLY,"Butterfly Network, Inc.",USD,2025,1,営業赤字; FCFマイナス; ROIC; ROIC最低値; 営業利益率; FCF転換,-0.3483,-0.5227,-0.8853,0.1176,,False,False,False,False,reported,RevenueFromContractWithCustomerExcludingAssessedTax,-1.5007,-6.127,False,76.8,0.0
IMRN,IMMURON LIMITED,AUD,2025,1,営業赤字; FCFマイナス; ROIC; ROIC最低値; 営業利益率; FCF転換,-0.5233,-0.5233,-0.7334,1.659,,False,False,False,False,reported,Revenue,-0.806,-7.8088,False,35.1,0.0
ASTC,ASTROTECH CORPORATION,USD,2025,1,営業赤字; FCFマイナス; ROIC; ROIC最低値; 営業利益率; FCF転換,-0.5267,-0.5267,-14.734,0.3154,,False,False,False,False,reported,Revenues,-1.6647,-1.6647,False,68.4,0.0
INUV,"Inuvo, Inc.",USD,2025,1,営業赤字; FCFマイナス; ROIC; ROIC最低値; 営業利益率; FCF転換,-0.5278,-0.5278,-0.0777,0.0956,,False,False,False,False,reported,RevenueFromContractWithCustomerIncludingAssessedTax,-0.5278,-0.5278,False,0.0,98.3
MRM,Medirom Healthcare Technologies Inc.,JPY,2024,1,営業赤字; FCFマイナス; ROIC; ROIC最低値; 営業利益率; FCF転換,-0.0062,-0.5307,-0.0022,0.2554,,False,False,True,False,reported,RevenueFromContractWithCustomerExcludingAssessedTax,,,True,14.5,16.8
NTRA,"NATERA, INC.",USD,2025,1,営業赤字; FCFマイナス; ROIC; ROIC最低値; 営業利益率; FCF転換,-0.1366,-0.5437,-0.1344,0.3857,,False,False,False,False,reported,RevenueFromContractWithCustomerExcludingAssessedTax,,,True,0.0,0.0
EVLV,"Evolv Technologies Holdings, Inc.",USD,2025,1,営業赤字; FCFマイナス; ROIC; ROIC最低値; 営業利益率; FCF転換,-0.2587,-0.5527,-0.3322,0.5803,,False,False,False,False,reported,Revenues,,,True,46.6,0.0
XBIO,"XENETIC BIOSCIENCES, INC.",USD,2025,1,営業赤字; FCFマイナス; ROIC; ROIC最低値; 営業利益率; FCF転換,-0.3028,-0.5529,-0.9523,0.2654,,False,False,False,False,reported,Revenues,-0.3028,-0.5529,False,0.0,0.0
RXST,"RxSIGHT, INC.",USD,2025,1,営業赤字; FCFマイナス; ROIC; ROIC最低値; 営業利益率; FCF転換,-0.1381,-0.5564,-0.3584,0.562,,False,False,False,False,reported,RevenueFromContractWithCustomerExcludingAssessedTax,,,True,82.8,0.0
EOLS,"EVOLUS, INC.",USD,2025,1,営業赤字; FCFマイナス; ROIC; ROIC最低値; 営業利益率; FCF転換,-0.2098,-0.5711,-0.1099,0.314,,False,False,True,False,reported,RevenueFromContractWithCustomerExcludingAssessedTax,-0.3731,-5.1271,False,43.8,17.2
TNGX,"Tango Therapeutics, Inc.",USD,2025,1,営業赤字; FCFマイナス; ROIC; ROIC最低値; 営業利益率; FCF転換,-0.254,-0.5765,-1.7839,0.1392,,False,False,False,False,reported,Revenues,,,True,99.1,0.0
ZOMDF,Zomedica Corp.,USD,2025,1,営業赤字; FCFマイナス; ROIC; ROIC最低値; 営業利益率; FCF転換,-0.5775,-0.5775,-2.6336,0.6685,,False,False,False,False,reported,RevenueFromContractWithCustomerExcludingAssessedTax,-0.6264,-0.6264,False,7.8,0.0
BWMG,"BROWNIE’S MARINE GROUP, INC.",USD,2025,1,営業赤字; FCFマイナス; ROIC; ROIC最低値; 営業利益率; FCF転換,-0.0602,-0.5795,-0.0196,0.1012,,False,False,False,False,reported,RevenueFromContractWithCustomerExcludingAssessedTax,-0.0602,-0.5795,False,0.0,12.9
TELA,"TELA Bio, Inc.",USD,2025,1,営業赤字; FCFマイナス; ROIC; ROIC最低値; 営業利益率; FCF転換,-0.4303,-0.5862,-0.4205,0.2848,,False,False,False,False,reported,RevenueFromContractWithCustomerExcludingAssessedTax,-2.3978,-3.0382,False,82.1,0.0
IMCR,Immunocore Holdings plc,USD,2025,1,営業赤字; FCFマイナス; ROIC; ROIC最低値; 営業利益率; FCF転換,-0.094,-0.5902,-0.1134,2.1471,,False,False,False,False,reported,RevenueFromContractWithCustomerExcludingAssessedTax,,,True,104.0,0.0
NXGL,"NexGel, Inc.",USD,2025,1,営業赤字; FCFマイナス; ROIC; ROIC最低値; 営業利益率; FCF転換,-0.5939,-0.5939,-0.2935,0.6473,,False,False,False,False,reported,RevenueFromContractWithCustomerIncludingAssessedTax,-0.5939,-1.2423,False,0.0,25.3
RXRX,"RECURSION PHARMACEUTICALS, INC.",USD,2025,1,営業赤字; FCFマイナス; ROIC; ROIC最低値; 営業利益率; FCF転換,-0.4528,-0.5967,-8.6787,0.6458,,False,False,False,False,reported,RevenueFromContractWithCustomerExcludingAssessedTax,,,True,65.7,14.3
TTWO,"TAKE-TWO INTERACTIVE SOFTWARE, INC.",USD,2026,1,営業赤字; FCFマイナス; ROIC; ROIC最低値; 営業利益率; FCF転換,-0.0137,-0.5982,-0.0157,0.1739,,False,False,False,False,reported,RevenueFromContractWithCustomerExcludingAssessedTax,-0.0204,-0.8005,False,33.0,17.6
PRPO,"PRECIPIO, INC.",USD,2025,1,営業赤字; FCFマイナス; ROIC; ROIC最低値; 営業利益率; FCF転換,-0.0649,-0.6033,-0.0496,0.2922,,False,False,False,False,reported,RevenueFromContractWithCustomerExcludingAssessedTax,-0.0792,-0.7595,False,18.1,0.0
AMPX,"AMPRIUS TECHNOLOGIES, INC.",USD,2025,1,営業赤字; FCFマイナス; ROIC; ROIC最低値; 営業利益率; FCF転換,-0.355,-0.6056,-0.6389,1.2654,,False,False,False,False,reported,Revenues,-2.7603,-4.271,False,87.1,0.0
NRIX,"NURIX THERAPEUTICS, INC.",USD,2025,1,営業赤字; FCFマイナス; ROIC; ROIC最低値; 営業利益率; FCF転換,-0.4189,-0.611,-3.4016,0.2962,,False,False,False,False,reported,RevenueFromContractWithCustomerExcludingAssessedTax+Revenues,,,True,45.8,0.0
CDNA,"CAREDX, INC.",USD,2025,1,営業赤字; FCFマイナス; ROIC; ROIC最低値; 営業利益率; FCF転換,-0.0802,-0.6148,-0.081,0.064,,False,False,False,False,reported,RevenueFromContractWithCustomerExcludingAssessedTax,-0.1932,-6.2006,False,58.5,13.3
KOSS,KOSS CORPORATION,USD,2025,1,営業赤字; FCFマイナス; 売上CAGR; ROIC; ROIC最低値; 営業利益率,-0.0448,-0.6181,-0.1376,-0.1035,0.9663,False,False,False,False,reported,RevenueFromContractWithCustomerIncludingAssessedTax,-0.092,-1.6871,False,51.3,0.0
ABUS,Arbutus Biopharma Corp,USD,2025,1,営業赤字; FCFマイナス; ROIC; ROIC最低値; 営業利益率; FCF転換,-0.3937,-0.6192,-2.7096,0.064,,False,False,False,False,reported,Revenues,,,True,119.5,0.0
WAI,TOP KINGWIN LTD,USD,2025,1,営業赤字; FCFマイナス; ROIC; ROIC最低値; 営業利益率; FCF転換,-0.6315,-0.6315,-3.016,0.063,,False,False,False,False,reported,Revenues,,,True,43.1,0.0
ODYS,ODYSIGHT.AI INC.,USD,2025,1,営業赤字; FCFマイナス; ROIC; ROIC最低値; 営業利益率; FCF転換,-0.5635,-0.6327,-6.0149,0.6707,,False,False,False,False,reported,RevenueFromContractWithCustomerExcludingAssessedTax,,,True,101.0,0.0
ADPT,ADAPTIVE BIOTECHNOLOGIES CORPORATION,USD,2025,1,営業赤字; FCFマイナス; ROIC; ROIC最低値; 営業利益率; FCF転換,-0.2063,-0.6335,-0.2062,0.1574,,False,False,False,False,reported,RevenueFromContractWithCustomerExcludingAssessedTax,,,True,103.7,54.4
DOMH,DOMINARI HOLDINGS INC.,USD,2025,1,営業赤字; FCFマイナス; ROIC; ROIC最低値; 営業利益率; FCF転換,-0.6346,-0.6346,-0.4527,7.1429,,False,False,False,False,reported,Revenues,,,True,116.1,0.0
CENN,CENNTRO INC.,USD,2025,1,営業赤字; FCFマイナス; ROIC; ROIC最低値; 営業利益率; FCF転換,-0.6383,-0.6383,-1.8002,0.2049,,False,False,False,False,reported,RevenueFromContractWithCustomerExcludingAssessedTax,-0.7183,-4.8085,False,11.1,0.0
GENI,Genius Sports Limited,USD,2025,1,営業赤字; FCFマイナス; ROIC; ROIC最低値; 営業利益率; FCF転換,-0.165,-0.6413,-0.226,0.2634,,False,False,False,False,reported,RevenueFromContractWithCustomerExcludingAssessedTax,-0.2693,-0.9361,False,38.7,46.7
LCTX,"Lineage Cell Therapeutics, Inc.",USD,2025,1,営業赤字; FCFマイナス; ROIC; ROIC最低値; 営業利益率; FCF転換,-0.6494,-0.6494,-2.5157,0.3532,,False,False,False,False,reported,RevenueFromContractWithCustomerExcludingAssessedTax,,,True,125.2,24.0
DSP,Viant Technology Inc.,USD,2025,1,営業赤字; FCFマイナス; ROIC; ROIC最低値; 営業利益率; FCF転換,0.1162,-0.6568,0.0351,0.1132,,False,False,False,False,reported,RevenueFromContractWithCustomerExcludingAssessedTax,,,True,232.7,23.4
SNOA,"SONOMA PHARMACEUTICALS, INC.",USD,2026,1,営業赤字; FCFマイナス; ROIC; ROIC最低値; 営業利益率; FCF転換,-0.6282,-0.6645,-0.126,0.1152,,False,False,False,False,reported,RevenueFromContractWithCustomerExcludingAssessedTax,,,True,77.5,0.0
CHPT,"ChargePoint Holdings, Inc.",USD,2026,1,営業赤字; FCFマイナス; ROIC; ROIC最低値; 営業利益率; FCF転換,-0.6646,-0.6646,-0.511,0.1429,,False,False,False,False,reported,RevenueFromContractWithCustomerExcludingAssessedTax,-1.5341,-1.5341,False,56.7,91.3
NXPL,NextPlat Corp,USD,2025,1,営業赤字; FCFマイナス; ROIC; ROIC最低値; 営業利益率; FCF転換,-0.4108,-0.6667,-0.1657,0.6276,,False,False,False,False,reported,RevenueFromContractWithCustomerIncludingAssessedTax+RevenueF,-1.9755,-19.9042,False,79.2,0.9
EGHT,"8x8, Inc.",USD,2026,1,営業赤字; 売上CAGR; ROIC; ROIC最低値; 営業利益率; FCF転換,0.102,-0.6677,0.0257,0.0362,,False,True,False,False,reported,RevenueFromContractWithCustomerExcludingAssessedTax,,,True,63.6,188.5
VHC,VirnetX Holding Corporation,USD,2025,1,営業赤字; FCFマイナス; ROIC; ROIC最低値; 営業利益率; FCF転換,-0.6833,-0.6833,-120.0,0.4668,,False,False,False,False,reported,RevenueFromContractWithCustomerExcludingAssessedTax,-16.2171,-78.9142,False,95.8,0.0
ZYME,ZYMEWORKS INC.,USD,2025,1,営業赤字; FCFマイナス; ROIC; ROIC最低値; 営業利益率; FCF転換,-0.2723,-0.6839,-0.8734,0.4117,,False,False,False,False,reported,RevenueFromContractWithCustomerExcludingAssessedTax,,,True,15.3,4.5
QUIK,QUICKLOGIC Corp,USD,2025,1,営業赤字; FCFマイナス; ROIC; ROIC最低値; 営業利益率; FCF転換,-0.4191,-0.6876,-0.8653,0.1239,,False,False,False,False,reported,RevenueFromContractWithCustomerExcludingAssessedTax,-0.4191,-0.6876,False,0.0,0.0
CPOP,"Pop Culture Group Co., Ltd",USD,2025,1,営業赤字; FCFマイナス; ROIC; ROIC最低値; 営業利益率; FCF転換,-0.2256,-0.6917,-0.0592,0.433,,False,False,False,False,reported,Revenues,-0.237,-0.7264,False,4.8,0.0
SMTC,SEMTECH CORP,USD,2026,1,営業赤字; FCFマイナス; ROIC; ROIC最低値; 営業利益率; FCF転換,0.0247,-0.7014,0.031,0.0911,,False,False,True,False,reported,RevenueFromContractWithCustomerExcludingAssessedTax,0.0304,-0.8105,False,18.8,44.0
WKSP,WORKSPORT LTD.,USD,2025,1,営業赤字; FCFマイナス; ROIC; ROIC最低値; 営業利益率; FCF転換,-0.6497,-0.7016,-1.1684,1.6983,-12.0912,False,False,False,False,reported,RevenueFromContractWithCustomerExcludingAssessedTax,-0.8779,-1.0643,False,26.0,0.0
ARCT,ARCTURUS THERAPEUTICS HOLDINGS INC.,USD,2025,1,営業赤字; FCFマイナス; ROIC; ROIC最低値; 営業利益率; FCF転換,-0.2815,-0.7022,-0.9296,0.6051,,False,False,False,False,reported,RevenueFromContractWithCustomerExcludingAssessedTax,,,True,107.9,0.0
LXRX,"Lexicon Pharmaceuticals, Inc.",USD,2025,1,営業赤字; FCFマイナス; ROIC; ROIC最低値; 営業利益率; FCF転換,-0.2462,-0.7044,-0.9821,2.5955,,False,False,False,False,reported,Revenues,-0.6364,-18.7821,False,61.3,28.4
CHSN,Chanson International Holding,USD,2025,1,営業赤字; FCFマイナス; ROIC; ROIC最低値; 営業利益率; FCF転換,-0.0263,-0.7047,-0.1033,0.056,-4.4546,False,False,False,False,reported,Revenues,,,True,15.3,0.0
URG,UR-ENERGY INC.,USD,2025,1,営業赤字; FCFマイナス; ROIC; ROIC最低値; 営業利益率; FCF転換,-0.7077,-0.7077,-2.5501,5.4216,,False,False,False,False,reported,Revenues,,,True,159.9,0.0
TCX,TUCOWS INC /PA/,USD,2025,1,営業赤字; FCFマイナス; ROIC; ROIC最低値; 営業利益率; FCF転換,-0.7081,-0.7081,-0.0602,0.0642,,False,False,True,False,reported,RevenueFromContractWithCustomerIncludingAssessedTax,,,True,178.5,497.7
CXDO,"Crexendo, Inc.",USD,2025,1,営業赤字; FCFマイナス; ROIC; ROIC最低値; 営業利益率; FCF転換,0.0581,-0.7125,0.0688,0.2481,,False,False,False,False,reported,Revenues,0.0581,-0.7125,False,0.0,14.8
HYPR,"Hyperfine, Inc.",USD,2025,1,営業赤字; FCFマイナス; ROIC; ROIC最低値; 営業利益率; FCF転換,-0.7145,-0.7145,-2.7343,0.7352,,False,False,False,False,reported,RevenueFromContractWithCustomerExcludingAssessedTax,,,True,85.6,0.0
ROOT,"ROOT, INC.",USD,2025,1,営業赤字; FCFマイナス; ROIC; ROIC最低値; 営業利益率; FCF転換,0.1007,-0.7146,0.0407,0.4477,,False,False,False,False,reported,Revenues,,,True,138.1,0.0
LTCH,"Latch, Inc.",USD,2025,1,営業赤字; FCFマイナス; ROIC; ROIC最低値; 営業利益率; FCF転換,-0.718,-0.718,-0.7519,0.2623,,False,False,False,False,reported,RevenueFromContractWithCustomerExcludingAssessedTax,,,True,59.7,0.0
PRTS,"CARPARTS.COM, INC.",USD,2026,1,営業赤字; FCFマイナス; ROIC; ROIC最低値; 営業利益率; FCF転換,-0.722,-0.722,-0.0893,0.0539,,False,False,False,False,reported,RevenueFromContractWithCustomerExcludingAssessedTax+RevenueF,-0.722,-0.722,False,0.0,0.0
PROF,Profound Medical Corp.,USD,2025,1,営業赤字; FCFマイナス; ROIC; ROIC最低値; 営業利益率; FCF転換,-0.4906,-0.7249,-2.5627,0.2371,,False,False,False,False,reported,Revenues+Revenue,-4.8563,-4.8563,False,89.9,0.0
JUSHF,JUSHI HOLDINGS INC.,USD,2025,1,営業赤字; FCFマイナス; ROIC; ROIC最低値; 営業利益率; FCF転換,0.0424,-0.7359,0.0185,0.0587,,False,False,True,False,reported,RevenueFromContractWithCustomerExcludingAssessedTax,0.0577,-0.8275,False,26.6,34.2
ASND,Ascendis Pharma A/S,EUR,2025,1,営業赤字; FCFマイナス; ROIC; ROIC最低値; 営業利益率; FCF転換,-0.1652,-0.7429,-0.1892,2.102,,False,False,True,False,reported,Revenue,-3.0085,-3.902,False,94.5,0.0
RGP,"RESOURCES CONNECTION, INC.",USD,2025,1,営業赤字; 売上CAGR; ROIC; ROIC最低値; 営業利益率; FCF転換,-0.7506,-0.7506,-0.3569,-0.0326,,False,True,False,False,reported,RevenueFromContractWithCustomerExcludingAssessedTax,-1.2853,-1.2853,False,41.6,13.9
ALAR,ALARUM TECHNOLOGIES LTD.,USD,2025,1,営業赤字; FCFマイナス; ROIC; ROIC最低値; 営業利益率; FCF転換,0.0051,-0.7555,0.0051,0.4334,,False,False,False,False,reported,Revenue,0.0082,-1.8814,False,38.2,12.8
PRQR,ProQR Therapeutics N.V.,EUR,2025,1,営業赤字; FCFマイナス; ROIC; ROIC最低値; 営業利益率; FCF転換,-0.6952,-0.7675,-2.7314,0.8579,,False,False,False,False,reported,RevenueFromContractsWithCustomers,,,True,187.2,0.0
INSM,INSMED INCORPORATED,USD,2025,1,営業赤字; FCFマイナス; ROIC; ROIC最低値; 営業利益率; FCF転換,-0.7695,-0.7695,-2.0559,0.3393,,False,False,True,False,reported,RevenueFromContractWithCustomerExcludingAssessedTax,,,True,111.7,10.6
AEYE,"AudioEye, Inc.",USD,2025,1,営業赤字; FCFマイナス; ROIC; ROIC最低値; 営業利益率; FCF転換,-0.0836,-0.7781,-0.0454,0.1325,,False,False,False,False,reported,Revenues,,,True,30.6,38.7
WULF,TERAWULF INC.,USD,2025,1,営業赤字; FCFマイナス; ROIC; ROIC最低値; 営業利益率; FCF転換,-0.7877,-0.7877,-1.2287,0.8328,,False,False,False,False,reported,RevenueFromContractWithCustomerIncludingAssessedTax+RevenueF,,,True,1749.0,0.0
IMCC,IM Cannabis Corp.,CAD,2025,1,営業赤字; FCFマイナス; ROIC; ROIC最低値; 営業利益率; FCF転換,-0.7933,-0.7933,-0.2117,0.126,,False,False,True,False,reported,Revenue,-1.0388,-1.0388,False,23.6,16.3
LCID,"Lucid Group, Inc.",USD,2025,1,営業赤字; FCFマイナス; ROIC; ROIC最低値; 営業利益率; FCF転換,-0.8052,-0.8052,-2.5866,1.6583,,False,False,False,False,reported,RevenueFromContractWithCustomerExcludingAssessedTax+Revenues,,,True,47.4,0.0
OTLY,Oatly Group AB,USD,2025,1,営業赤字; FCFマイナス; ROIC; ROIC最低値; 営業利益率; FCF転換,-0.2658,-0.8055,-0.0785,0.0761,,False,False,False,False,reported,Revenue,-0.3906,-1.8148,False,32.0,0.0
MRKR,"MARKER THERAPEUTICS, INC.",USD,2025,1,営業赤字; FCFマイナス; ROIC; ROIC最低値; 営業利益率; FCF転換,-0.6063,-0.8197,-3.6345,0.3,,False,False,False,False,reported,RevenueFromContractWithCustomerIncludingAssessedTax,,,True,95.7,0.0
NVTS,Navitas Semiconductor Corporation,USD,2025,1,営業赤字; FCFマイナス; ROIC; ROIC最低値; 営業利益率; FCF転換,-0.1919,-0.8258,-2.347,0.1793,,False,False,False,False,reported,RevenueFromContractWithCustomerExcludingAssessedTax,,,True,53.4,36.8
NIO,NIO Inc.,CNY,2025,1,営業赤字; FCFマイナス; ROIC; ROIC最低値; 営業利益率; FCF転換,-0.8252,-0.8306,-0.1605,0.2474,,False,False,False,False,reported,RevenueFromContractWithCustomerExcludingAssessedTax,,,True,230.8,0.0
CLPT,"CLEARPOINT NEURO, INC.",USD,2025,1,営業赤字; FCFマイナス; ROIC; ROIC最低値; 営業利益率; FCF転換,-0.6813,-0.8375,-0.6536,0.2272,,False,False,False,False,reported,Revenues,,,True,163.9,0.0
NSPR,"InspireMD, Inc.",USD,2025,1,営業赤字; FCFマイナス; ROIC; ROIC最低値; 営業利益率; FCF転換,-0.71,-0.85,-5.5256,0.1888,,False,False,False,False,reported,RevenueFromContractWithCustomerExcludingAssessedTax,-39.591,-39.591,False,98.2,0.0
CRDF,"CARDIFF ONCOLOGY, INC.",USD,2025,1,営業赤字; FCFマイナス; ROIC; ROIC最低値; 営業利益率; FCF転換,-0.8522,-0.8522,-82.5632,0.1337,,False,False,False,False,reported,RevenueFromContractWithCustomerExcludingAssessedTax,,,True,128.5,0.0
FUBO,FuboTV Inc.,USD,2024,1,営業赤字; FCFマイナス; ROIC; ROIC最低値; 営業利益率; FCF転換,-0.8566,-0.8566,-0.4872,0.1659,,False,False,False,False,reported,RevenueFromContractWithCustomerExcludingAssessedTax,-8.0042,-8.0042,False,89.3,340.4
MAAS,MAASE Inc.,CNY,2025,1,営業赤字; FCFマイナス; ROIC; ROIC最低値; 営業利益率; FCF転換,-0.8586,-0.8586,-0.885,0.4217,,False,False,False,False,reported,Revenues,-92.7896,-92.7896,False,99.1,0.0
WYY,WidePoint Corporation,USD,2025,1,営業赤字; FCFマイナス; ROIC; ROIC最低値; 営業利益率; FCF転換,-0.1908,-0.8738,-0.0185,0.1458,,False,False,False,False,reported,Revenues,-1.2849,-1.5176,False,85.2,50.4
BEEM,Beam Global,USD,2025,1,営業赤字; FCFマイナス; ROIC; ROIC最低値; 営業利益率; FCF転換,-0.8754,-0.8754,-0.9751,0.3308,,False,False,False,False,reported,Revenues,-0.8754,-0.8754,False,0.0,0.0
NEXR,Nexera Technologies Ltd,USD,2025,1,営業赤字; FCFマイナス; ROIC; ROIC最低値; 営業利益率; FCF転換,-0.5409,-0.882,-0.4659,0.2681,,False,False,False,False,reported,Revenues,-0.631,-1.6375,False,14.3,0.0
AIFA,"ALL IN FUTURETECH ALLIANCE, INC.",USD,2025,1,営業赤字; FCFマイナス; ROIC; ROIC最低値; 営業利益率; FCF転換,-0.8878,-0.8878,-4.8973,0.1738,,False,False,False,False,reported,RevenueFromContractWithCustomerIncludingAssessedTax,,,True,142.4,6.5
BROS,DUTCH BROS INC.,USD,2025,1,営業赤字; FCFマイナス; ROIC; ROIC最低値; 営業利益率; FCF転換,0.1445,-0.8955,0.0984,0.3468,-1.7659,False,False,False,False,reported,RevenueFromContractWithCustomerExcludingAssessedTax,0.2082,-1.1037,False,30.6,2.5
BMTM,"Bright Mountain Media, Inc.",USD,2025,1,営業赤字; FCFマイナス; ROIC; ROIC最低値; 営業利益率; FCF転換,-0.119,-0.8989,-0.0242,0.4631,,False,False,True,False,reported,RevenueFromContractWithCustomerExcludingAssessedTax,-0.1391,-1.0828,False,14.4,73.6
DKNG,DRAFTKINGS INC.,USD,2025,1,営業赤字; FCFマイナス; ROIC; ROIC最低値; 営業利益率; FCF転換,-0.0198,-0.9029,-0.0026,0.4702,,False,False,False,False,reported,RevenueFromContractWithCustomerIncludingAssessedTax,,,True,178.6,253.0
CLLS,CELLECTIS S.A.,USD,2025,1,営業赤字; FCFマイナス; ROIC; ROIC最低値; 営業利益率; FCF転換,-0.3443,-0.9076,-0.4534,0.2452,,False,False,False,False,reported,Revenue,,,True,81.1,0.0
CLIR,ClearSign Technologies Corp,USD,2025,1,営業赤字; FCFマイナス; ROIC; ROIC最低値; 営業利益率; FCF転換,-0.553,-0.9101,-1.2746,0.7136,,False,False,False,False,reported,RevenueFromContractWithCustomerIncludingAssessedTax,,,True,96.3,0.0
RBLX,Roblox Corporation,USD,2025,1,営業赤字; FCFマイナス; ROIC; ROIC最低値; 営業利益率; FCF転換,-0.7019,-0.9199,-0.252,0.2635,,False,False,False,False,reported,RevenueFromContractWithCustomerExcludingAssessedTax,,,True,220.3,10.3
CLOV,"CLOVER HEALTH INVESTMENTS, CORP. /DE",USD,2025,1,営業赤字; FCFマイナス; ROIC; ROIC最低値; 営業利益率; FCF転換,-0.2189,-0.9318,-0.0444,0.0693,,False,False,False,False,reported,Revenues,-0.326,-3.5609,False,32.9,0.0
LYFT,"Lyft, Inc.",USD,2025,1,営業赤字; FCFマイナス; ROIC; ROIC最低値; 営業利益率; FCF転換,-0.0344,-0.9384,-0.032,0.1882,,False,False,False,False,reported,RevenueFromContractWithCustomerExcludingAssessedTax,,,True,42.5,10.2
TNDM,"Tandem Diabetes Care, Inc.",USD,2025,1,営業赤字; FCFマイナス; ROIC; ROIC最低値; 営業利益率; FCF転換,-0.9534,-0.9534,-0.1845,0.0962,,False,False,False,False,reported,RevenueFromContractWithCustomerExcludingAssessedTax,,,True,188.6,0.0
YTRA,"YATRA ONLINE, INC.",INR,2025,1,営業赤字; FCFマイナス; ROIC; ROIC最低値; 営業利益率; FCF転換,-0.0132,-1.0004,-0.0114,0.5816,,False,False,False,False,reported,RevenueFromContractsWithCustomers,,,True,10.1,0.0
IRTC,"iRhythm Holdings, Inc.",USD,2025,1,営業赤字; FCFマイナス; ROIC; ROIC最低値; 営業利益率; FCF転換,-0.2969,-1.0038,-0.0768,0.2334,,False,False,False,False,reported,RevenueFromContractWithCustomerExcludingAssessedTax,,,True,382.2,0.6
CTM,"CASTELLUM, INC.",USD,2025,1,営業赤字; FCFマイナス; ROIC; ROIC最低値; 営業利益率; FCF転換,-0.0622,-1.017,-0.0532,0.2051,,False,False,False,False,reported,RevenueFromContractWithCustomerExcludingAssessedTax,-0.0622,-1.017,False,0.0,29.9
BLZE,"BACKBLAZE, INC.",USD,2025,1,営業赤字; FCFマイナス; ROIC; ROIC最低値; 営業利益率; FCF転換,-0.2242,-1.018,-0.162,0.2125,,False,False,False,False,reported,RevenueFromContractWithCustomerExcludingAssessedTax,,,True,61.7,0.0
INVZ,INNOVIZ TECHNOLOGIES LTD.,USD,2025,1,営業赤字; FCFマイナス; ROIC; ROIC最低値; 営業利益率; FCF転換,-0.6885,-1.0201,-1.2295,0.7818,,False,False,False,False,reported,Revenues,-0.8976,-1.935,False,23.3,0.0
ASAN,"Asana, Inc.",USD,2026,1,営業赤字; FCFマイナス; ROIC; ROIC最低値; 営業利益率; FCF転換,-1.0115,-1.0277,-0.2495,0.2023,,False,False,False,False,reported,RevenueFromContractWithCustomerExcludingAssessedTax,,,True,129.7,0.0
MGNX,"MACROGENICS, INC.",USD,2025,1,営業赤字; FCFマイナス; ROIC; ROIC最低値; 営業利益率; FCF転換,-1.0351,-1.0351,-0.4872,0.1787,,False,False,False,False,reported,Revenues,,,True,102.9,0.0
IGC,"IGC PHARMA, INC.",USD,2025,1,営業赤字; FCFマイナス; ROIC; ROIC最低値; 営業利益率; FCF転換,-0.9096,-1.0375,-5.8584,0.0907,,False,False,False,False,reported,Revenues,-0.9704,-1.2359,False,6.3,0.0
ATPC,AGAPE ATP CORPORATION,USD,2025,1,営業赤字; FCFマイナス; ROIC; ROIC最低値; 営業利益率; FCF転換,-0.1146,-1.0517,-2.1365,0.1065,,False,False,False,False,reported,RevenueFromContractWithCustomerExcludingAssessedTax,,,True,0.6,0.0
ARDX,"ARDELYX, INC.",USD,2025,1,営業赤字; FCFマイナス; ROIC; ROIC最低値; 営業利益率; FCF転換,-0.0875,-1.0614,-0.1006,1.5202,,False,False,False,False,reported,RevenueFromContractWithCustomerExcludingAssessedTax,,,True,71.6,0.0
BOLT,"Bolt Biotherapeutics, Inc.",USD,2025,1,営業赤字; FCFマイナス; ROIC; ROIC最低値; 営業利益率; FCF転換,-1.0764,-1.0764,-4.693,0.572,,False,False,False,False,reported,Revenues,,,True,103.8,0.0
BDSX,BIODESIX INC,USD,2025,1,営業赤字; FCFマイナス; ROIC; ROIC最低値; 営業利益率; FCF転換,-0.4632,-1.0852,-0.315,0.1288,,False,False,True,False,reported,Revenues,,,True,39.9,31.6
TOON,"KARTOON STUDIOS, INC.",USD,2025,1,営業赤字; FCFマイナス; ROIC; ROIC最低値; 営業利益率; FCF転換,-0.3893,-1.1086,-0.3282,0.4952,,False,False,False,False,reported,RevenueFromContractWithCustomerExcludingAssessedTax,-0.3893,-1.6674,False,0.0,0.0
XOS,"Xos, Inc.",USD,2025,1,営業赤字; FCFマイナス; ROIC; ROIC最低値; 営業利益率; FCF転換,-1.078,-1.1109,-0.7193,0.7374,,False,False,False,False,reported,Revenues,-2.5611,-3.1573,False,57.9,0.0
RPID,"RAPID MICRO BIOSYSTEMS, INC.",USD,2025,1,営業赤字; FCFマイナス; ROIC; ROIC最低値; 営業利益率; FCF転換,-1.1275,-1.1275,-1.411,0.0965,,False,False,False,False,reported,RevenueFromContractWithCustomerExcludingAssessedTax,,,True,115.3,0.0
EEIQ,EpicQuest Education Group International ,USD,2025,1,営業赤字; FCFマイナス; ROIC; ROIC最低値; 営業利益率; FCF転換,-0.3749,-1.1349,-0.4676,0.1374,,False,False,False,False,reported,Revenues,,,True,54.0,0.0
MIRM,"Mirum Pharmaceuticals, Inc.",USD,2025,1,営業赤字; FCFマイナス; ROIC; ROIC最低値; 営業利益率; FCF転換,-0.0556,-1.1396,-0.0425,1.2845,,False,False,False,False,reported,RevenueFromContractWithCustomerExcludingAssessedTax,,,True,121.8,0.0
PLUG,Plug Power Inc.,USD,2025,1,営業赤字; FCFマイナス; ROIC; ROIC最低値; 営業利益率; FCF転換,-1.1852,-1.1852,-2.067,0.0903,,False,False,False,False,reported,Revenues,-1.9019,-1.9019,False,37.7,0.0
TULP,"BLOOMIA HOLDINGS, INC.",USD,2024,1,営業赤字; FCFマイナス; ROIC; ROIC最低値; 営業利益率; FCF転換,-0.5393,-1.1854,-0.1778,0.1509,,False,False,False,False,reported,Revenues+RevenueFromContractWithCustomerExcludingAssessedTax,-0.5393,-1.1854,False,0.0,0.0
TLRY,"Tilray Brands, Inc.",USD,2025,1,営業赤字; FCFマイナス; ROIC; ROIC最低値; 営業利益率; FCF転換,-1.1875,-1.1875,-2.7793,0.1248,,False,False,False,False,reported,RevenueFromContractWithCustomerExcludingAssessedTax,-1.4286,-1.4286,False,16.9,49.5
SOPH,SOPHiA GENETICS SA,USD,2025,1,営業赤字; FCFマイナス; ROIC; ROIC最低値; 営業利益率; FCF転換,-1.1882,-1.1882,-0.9176,0.1756,,False,False,False,False,reported,RevenueFromContractsWithCustomers,,,True,149.1,0.0
OPTT,"OCEAN POWER TECHNOLOGIES, INC.",USD,2025,1,営業赤字; FCFマイナス; ROIC; ROIC最低値; 営業利益率; FCF転換,-0.6428,-1.1979,-3.7001,0.4848,,False,False,False,False,reported,Revenues+RevenueFromContractWithCustomerExcludingAssessedTax,,,True,25.2,0.0
FTRE,FORTREA HOLDINGS INC.,USD,2025,1,営業赤字; 売上CAGR; ROIC; ROIC最低値; 営業利益率; FCF転換,-1.2233,-1.2233,-0.3204,-0.0285,,False,True,False,False,reported,RevenueFromContractWithCustomerExcludingAssessedTax,-1.2233,-1.2233,False,0.0,170.4
LQDA,LIQUIDIA CORPORATION,USD,2025,1,営業赤字; FCFマイナス; ROIC; ROIC最低値; 営業利益率; FCF転換,-0.907,-1.2258,-0.3245,0.8734,,False,False,False,False,reported,RevenueFromContractWithCustomerExcludingAssessedTax,,,True,426.1,8.7
NTRB,NUTRIBAND INC.,USD,2026,1,営業赤字; FCFマイナス; ROIC; ROIC最低値; 営業利益率; FCF転換,-0.9838,-1.2638,-4.0841,0.0939,,False,False,False,False,reported,Revenues,-3.1223,-3.8377,False,68.5,25.7
ASPN,"ASPEN AEROGELS, INC.",USD,2025,1,営業赤字; FCFマイナス; ROIC; ROIC最低値; 営業利益率; FCF転換,-1.2687,-1.2687,-1.3951,0.2219,,False,False,False,False,reported,RevenueFromContractWithCustomerExcludingAssessedTax,-3.7986,-3.7986,False,66.6,0.0
AUTL,AUTOLUS THERAPEUTICS PLC,USD,2025,1,営業赤字; FCFマイナス; ROIC; ROIC最低値; 営業利益率; FCF転換,-1.1999,-1.2735,-3.5887,1.7055,,False,False,False,False,reported,Revenues+RevenueFromContractWithCustomerExcludingAssessedTax,,,True,110.4,0.0
ABTC,American Bitcoin Corp.,USD,2025,1,営業赤字; FCFマイナス; ROIC; ROIC最低値; 営業利益率; FCF転換,-0.2705,-1.2746,-1.2313,0.8003,,False,False,False,False,reported,Revenues,-0.2705,-1.2859,False,0.0,23.2
AHG,Akso Health Group,USD,2025,1,営業赤字; FCFマイナス; ROIC; ROIC最低値; 営業利益率; FCF転換,-0.6598,-1.2917,-11.2537,0.6992,,False,False,False,False,reported,Revenues+RevenueFromContractWithCustomerIncludingAssessedTax,,,True,88.5,0.0
BGI,BIRKS GROUP INC.,USD,2025,1,営業赤字; FCFマイナス; ROIC; ROIC最低値; 営業利益率; FCF転換,-1.3002,-1.3002,-0.0311,0.0558,,False,False,True,False,reported,Revenues,-2.3585,-2.3585,False,44.9,0.0
AP,AMPCO-PITTSBURGH CORP,USD,2025,1,営業赤字; FCFマイナス; ROIC; ROIC最低値; 営業利益率; FCF転換,-1.3186,-1.3186,-0.1309,0.0557,,False,False,False,False,reported,RevenueFromContractWithCustomerExcludingAssessedTax,-1.962,-1.962,False,32.8,0.0
MYO,"MYOMO, INC.",USD,2025,1,営業赤字; FCFマイナス; ROIC; ROIC最低値; 営業利益率; FCF転換,-0.9977,-1.3258,-0.3519,0.311,,False,False,False,False,reported,RevenueFromContractWithCustomerExcludingAssessedTax,,,True,161.3,0.0
BLNK,BLINK CHARGING CO,USD,2025,1,営業赤字; FCFマイナス; ROIC; ROIC最低値; 営業利益率; FCF転換,-1.0302,-1.3523,-0.8124,0.4911,,False,False,False,False,reported,RevenueFromContractWithCustomerExcludingAssessedTax,-2.6659,-2.6659,False,61.4,2.7
VIVK,"Vivakor, Inc.",USD,2025,1,営業赤字; FCFマイナス; ROIC; ROIC最低値; 営業利益率; FCF転換,-1.3559,-1.3559,-0.6113,2.1296,,False,False,False,False,reported,Revenues,-1.3656,-1.3656,False,0.7,0.0
SILO,"SILO PHARMA, INC.",USD,2025,1,営業赤字; FCFマイナス; ROIC; ROIC最低値; 営業利益率; FCF転換,-0.5363,-1.3581,-59.3695,0.1521,,False,False,False,False,reported,Revenues,,,True,108.8,0.0
REKR,"Rekor Systems, Inc.",USD,2025,1,営業赤字; FCFマイナス; ROIC; ROIC最低値; 営業利益率; FCF転換,-0.5323,-1.3736,-0.5962,0.4304,,False,False,False,False,reported,RevenueFromContractWithCustomerIncludingAssessedTax,-0.8675,-1.85,False,38.6,56.7
CD,CHAINCE DIGITAL HOLDINGS INC.,USD,2025,1,営業赤字; FCFマイナス; ROIC; ROIC最低値; 営業利益率; FCF転換,-0.0677,-1.3745,-2.0204,0.2919,,False,False,False,False,reported,RevenueFromContractWithCustomerExcludingAssessedTax,,,True,81.9,0.0
MYSZ,"MY SIZE, INC.",USD,2025,1,営業赤字; FCFマイナス; ROIC; ROIC最低値; 営業利益率; FCF転換,-0.8793,-1.4125,-0.6131,1.9075,,False,False,False,False,reported,RevenueFromContractWithCustomerExcludingAssessedTax,-1.5889,-44.6836,False,44.7,0.0
LSF,"Laird Superfood, Inc.",USD,2025,1,営業赤字; FCFマイナス; ROIC; ROIC最低値; 営業利益率; FCF転換,-0.2353,-1.4165,-0.0684,0.079,,False,False,False,False,reported,RevenueFromContractWithCustomerExcludingAssessedTax,-0.4243,-6.1122,False,44.5,0.0
SLSN,"Solesence, Inc.",USD,2025,1,営業赤字; FCFマイナス; ROIC; ROIC最低値; 営業利益率; FCF転換,0.0704,-1.4728,0.0253,0.2046,-5.9542,False,False,False,False,reported,RevenueFromContractWithCustomerExcludingAssessedTax,0.076,-15.563,False,7.3,0.0
UCL,UCLOUDLINK GROUP INC.,USD,2025,1,営業赤字; FCFマイナス; 売上CAGR; ROIC最低値; 営業利益率; FCF転換,0.1832,-1.5587,0.0978,0.0249,,False,False,False,False,reported,Revenues,,,True,95.6,0.0
SKYX,SKYX     PLATFORMS CORP.,USD,2025,1,営業赤字; FCFマイナス; ROIC; ROIC最低値; 営業利益率; FCF転換,-1.5595,-1.5595,-0.3164,5.797,,False,False,True,False,reported,RevenueFromContractWithCustomerExcludingAssessedTax,,,True,54.6,0.0
VELO,"Velo3D, Inc.",USD,2025,1,営業赤字; FCFマイナス; ROIC; ROIC最低値; 営業利益率; FCF転換,-1.1371,-1.5694,-1.1946,0.1377,,False,False,False,False,reported,Revenues,,,True,102.2,0.0
AACG,ATA Creativity Global,CNY,2025,1,営業赤字; FCFマイナス; ROIC; ROIC最低値; 営業利益率; FCF転換,-1.5804,-1.5804,-0.2391,0.0731,,False,False,False,False,reported,RevenueFromContractWithCustomerExcludingAssessedTax,,,True,266.0,506.7
RDGL,VIVOS INC,USD,2025,1,営業赤字; FCFマイナス; ROIC; ROIC最低値; 営業利益率; FCF転換,-1.5055,-1.6164,-46.2868,0.464,,False,False,False,False,reported,RevenueFromContractWithCustomerExcludingAssessedTax,-1.5055,-1.6164,False,0.0,0.0
OUST,"Ouster, Inc.",USD,2025,1,営業赤字; FCFマイナス; ROIC; ROIC最低値; 営業利益率; FCF転換,-0.2234,-1.6409,-0.4369,0.4987,,False,False,False,False,reported,RevenueFromContractWithCustomerExcludingAssessedTax,,,True,79.7,0.0
ONDS,Ondas Inc.,USD,2025,1,営業赤字; FCFマイナス; ROIC; ROIC最低値; 営業利益率; FCF転換,-0.1054,-1.6487,-1.1509,1.0439,,False,False,False,False,reported,Revenues,-0.1109,-1.6487,False,5.0,57.5
FRSX,FORESIGHT AUTONOMOUS HOLDINGS LTD.,USD,2025,1,営業赤字; FCFマイナス; ROIC; ROIC最低値; 営業利益率; FCF転換,-1.5439,-1.6508,-30.6055,0.3495,,False,False,False,False,reported,RevenueFromContractWithCustomerExcludingAssessedTax,,,True,100.5,0.0
ONFO,ONFOLIO HOLDINGS INC.,USD,2025,1,営業赤字; FCFマイナス; ROIC; ROIC最低値; 営業利益率; FCF転換,-0.8786,-1.6836,-0.2571,0.5607,,False,False,False,False,reported,Revenues,-0.8786,-1.6836,False,0.0,169.5
ZVRA,"Zevra Therapeutics, Inc.",USD,2025,1,営業赤字; FCFマイナス; ROIC; ROIC最低値; 営業利益率; FCF転換,-0.3215,-1.7328,-0.5912,0.3884,,False,False,False,False,reported,RevenueFromContractWithCustomerIncludingAssessedTax,,,True,123.5,0.0
MOJO,EQUATOR Beverage Company,USD,2025,1,営業赤字; FCFマイナス; ROIC; ROIC最低値; 営業利益率; FCF転換,0.119,-1.8356,0.02,0.2157,,False,False,False,False,reported,Revenues+RevenueFromContractWithCustomerExcludingAssessedTax,0.119,-1.8356,False,0.0,0.0
LFWD,Lifeward Ltd.,USD,2025,1,営業赤字; FCFマイナス; ROIC; ROIC最低値; 営業利益率; FCF転換,-1.8485,-1.8485,-14.0529,0.3417,,False,False,False,False,reported,RevenueFromContractWithCustomerExcludingAssessedTax,-2.4912,-56.0988,False,25.8,0.0
HYEX,Healthy Extracts Inc.,USD,2025,1,営業赤字; FCFマイナス; ROIC; ROIC最低値; 営業利益率; FCF転換,-0.031,-1.857,-0.2092,0.2808,,False,False,False,False,derived,Revenues,-0.031,-1.857,False,0.0,87.9
CUE,"Cue Biopharma, Inc.",USD,2025,1,営業赤字; FCFマイナス; ROIC; ROIC最低値; 営業利益率; FCF転換,-0.7936,-1.8735,-0.9667,0.1644,,False,False,False,False,reported,RevenueFromContractWithCustomerExcludingAssessedTax,,,True,102.7,0.0
EH,EHang Holdings Limited,CNY,2025,1,営業赤字; FCFマイナス; ROIC; ROIC最低値; 営業利益率; FCF転換,-0.2173,-1.8744,-0.7577,0.647,,False,False,False,False,reported,Revenues,,,True,95.5,0.0
BLGO,"BIOLARGO, INC.",USD,2025,1,営業赤字; FCFマイナス; ROIC; ROIC最低値; 営業利益率; FCF転換,-1.9172,-1.9172,-1.9131,0.3235,,False,False,False,False,reported,RevenueFromContractWithCustomerIncludingAssessedTax,-5.2437,-5.2437,False,63.4,0.0
NEOV,"NeoVolta, Inc.",USD,2025,1,営業赤字; FCFマイナス; ROIC; ROIC最低値; 営業利益率; FCF転換,-1.2805,-1.9196,-0.5597,0.1497,,False,False,False,False,reported,RevenueFromContractWithCustomerExcludingAssessedTax,-1.7617,-2.2197,False,27.3,0.0
SDCH,"SideChannel, Inc.",USD,2025,1,営業赤字; FCFマイナス; ROIC; ROIC最低値; 営業利益率; FCF転換,-0.3384,-1.933,-0.1249,0.273,,False,False,False,False,reported,RevenueFromContractWithCustomerExcludingAssessedTax,-0.355,-1.933,False,4.7,0.0
CDIO,"Cardio Diagnostics Holdings, Inc.",USD,2025,1,営業赤字; FCFマイナス; ROIC; ROIC最低値; 営業利益率; FCF転換,-0.7346,-1.9342,-437.3746,1.014,,False,False,False,False,reported,Revenues,-0.7346,-1.9342,False,0.0,0.0
XPON,Expion360 Inc.,USD,2025,1,営業赤字; FCFマイナス; ROIC; ROIC最低値; 営業利益率; FCF転換,-1.2559,-1.9413,-1.109,0.209,,False,False,False,False,reported,Revenues,-2.2465,-3.2068,False,44.1,0.0
SNES,"SENESTECH, INC.",USD,2025,1,営業赤字; FCFマイナス; ROIC; ROIC最低値; 営業利益率; FCF転換,-0.5371,-1.966,-2.9289,0.3871,,False,False,False,False,reported,RevenueFromContractWithCustomerExcludingAssessedTax,-5.1441,-15.1636,False,89.6,0.0
WGS,GeneDx Holdings Corp.,USD,2025,1,営業赤字; FCFマイナス; ROIC; ROIC最低値; 営業利益率; FCF転換,-0.0286,-1.9926,-0.0306,0.1914,,False,False,False,False,reported,RevenueFromContractWithCustomerExcludingAssessedTax,,,True,47.5,0.0
RNGE,"RANGE IMPACT, INC.",USD,2025,1,営業赤字; FCFマイナス; ROIC; ROIC最低値; 営業利益率; FCF転換,-0.064,-2.038,-0.4689,0.9469,,False,False,False,False,reported,RevenueFromContractWithCustomerExcludingAssessedTax,,,True,9.8,0.0
ASTL,ALGOMA STEEL GROUP INC.,CAD,2025,1,営業赤字; FCFマイナス; 売上CAGR; ROIC; ROIC最低値; 営業利益率,-2.1334,-2.1334,-0.6359,0.0383,1.2475,False,False,False,False,reported,Revenue,-2.5331,-2.5331,False,15.8,0.0
CSCIF,COSCIENS Biopharma Inc.,USD,2025,1,営業赤字; FCFマイナス; ROIC; ROIC最低値; 営業利益率; FCF転換,-2.1962,-2.1962,-1.4245,0.0927,,False,False,False,False,reported,Revenue,,,True,190.2,0.0
AGL,"agilon health, inc.",USD,2025,1,営業赤字; FCFマイナス; ROIC; ROIC最低値; 営業利益率; FCF転換,-2.2629,-2.2629,-0.0781,0.4052,,False,False,False,False,reported,RevenueFromContractWithCustomerExcludingAssessedTax,,,True,107.4,0.0
BNGO,"Bionano Genomics, Inc.",USD,2025,1,営業赤字; FCFマイナス; ROIC; ROIC最低値; 営業利益率; FCF転換,-0.5929,-2.3222,-1.1695,0.1221,,False,False,False,False,reported,RevenueFromContractWithCustomerExcludingAssessedTax,-1.047,-5.7865,False,43.4,0.0
SMR,NUSCALE POWER CORPORATION,USD,2025,1,営業赤字; FCFマイナス; ROIC; ROIC最低値; 営業利益率; FCF転換,-0.4661,-2.3294,-21.9057,0.8211,,False,False,False,False,reported,RevenueFromContractWithCustomerExcludingAssessedTax,,,True,107.3,0.7
GRRR,GORILLA TECHNOLOGY GROUP INC.,USD,2024,1,営業赤字; FCFマイナス; ROIC; ROIC最低値; 営業利益率; FCF転換,-0.7234,-2.3943,-0.8965,0.1324,,False,False,False,False,reported,Revenue,-1.0288,-15.3877,False,29.7,0.0
SIDU,"SIDUS SPACE, INC.",USD,2025,1,営業赤字; FCFマイナス; ROIC; ROIC最低値; 営業利益率; FCF転換,-0.437,-2.4553,-15.7627,0.2249,,False,False,False,False,reported,RevenueFromContractWithCustomerExcludingAssessedTax,-0.437,-2.4553,False,0.0,0.0
SCWO,374WATER INC.,USD,2025,1,営業赤字; FCFマイナス; ROIC; ROIC最低値; 営業利益率; FCF転換,-2.4842,-2.4842,-98.3415,0.4541,,False,False,False,False,reported,Revenues,-2.4842,-2.4842,False,0.0,0.0
SVRE,SAVERONE 2014 LTD.,ILS,2025,1,営業赤字; FCFマイナス; ROIC; ROIC最低値; 営業利益率; FCF転換,-1.983,-2.5573,-30.248,0.2258,,False,False,False,False,reported,Revenue,,,True,115.5,0.0
NRDY,NERDY INC.,USD,2025,1,営業赤字; FCFマイナス; ROIC; ROIC最低値; 営業利益率; FCF転換,-2.571,-2.571,-0.3456,0.0621,,False,False,False,False,reported,RevenueFromContractWithCustomerExcludingAssessedTax,,,True,252.0,30.1
WLDS,Wearable Devices Ltd.,USD,2025,1,営業赤字; FCFマイナス; ROIC; ROIC最低値; 営業利益率; FCF転換,-0.3548,-2.6128,-12.8779,0.461,,False,False,False,False,reported,Revenues,,,True,35.0,0.0
PDC,"Earlyworks Co., Ltd.",JPY,2025,1,営業赤字; FCFマイナス; ROIC; ROIC最低値; 営業利益率; FCF転換,-2.6237,-2.6237,-0.5583,0.1946,,False,False,False,False,reported,Revenues,-2.7382,-2.7382,False,4.2,0.0
ADTN,"ADTRAN Holdings, Inc.",USD,2025,1,営業赤字; FCFマイナス; ROIC; ROIC最低値; 営業利益率; FCF転換,-0.0845,-2.6607,-0.0144,0.1779,,False,False,False,False,reported,RevenueFromContractWithCustomerExcludingAssessedTax,-0.2458,-6.6322,False,65.6,41.1
INBS,Intelligent Bio Solutions Inc.,USD,2025,1,営業赤字; FCFマイナス; ROIC; ROIC最低値; 営業利益率; FCF転換,-2.8067,-2.8067,-3.4871,0.1142,,False,False,False,False,reported,RevenueFromContractWithCustomerExcludingAssessedTax,,,True,34.0,0.0
SINT,"Sintx Technologies, Inc.",USD,2025,1,営業赤字; FCFマイナス; ROIC; ROIC最低値; 営業利益率; FCF転換,-2.8847,-2.8847,-10.5314,0.1385,,False,False,False,False,reported,RevenueFromContractWithCustomerExcludingAssessedTax,,,True,141.0,0.0
VTAK,"CATHETER PRECISION, INC.",USD,2025,1,営業赤字; FCFマイナス; ROIC; ROIC最低値; 営業利益率; FCF転換,-2.3679,-2.912,-25.8156,1.4701,,False,False,False,False,reported,RevenueFromContractWithCustomerExcludingAssessedTax,,,True,1.2,0.0
IRIX,IRIDEX CORP,USD,2026,1,営業赤字; FCFマイナス; ROIC; ROIC最低値; 営業利益率; FCF転換,-0.4127,-3.1276,-0.0488,0.0972,,False,False,False,False,reported,RevenueFromContractWithCustomerExcludingAssessedTax,,,True,122.5,19.6
SMWB,Similarweb Ltd.,USD,2025,1,営業赤字; FCFマイナス; ROIC; ROIC最低値; 営業利益率; FCF転換,-0.7981,-3.1619,-0.0834,0.197,,False,False,False,False,reported,RevenueFromContractWithCustomerExcludingAssessedTax,,,True,310.5,166.4
JXG,JX Luxventure group inc.,USD,2024,1,営業赤字; FCFマイナス; ROIC; ROIC最低値; 営業利益率; FCF転換,0.1448,-3.5496,0.0769,1.4717,,False,False,False,False,reported,Revenue,0.1535,-3.7063,False,5.7,0.0
JSDA,JONES SODA CO.,USD,2025,1,営業赤字; FCFマイナス; ROIC; ROIC最低値; 営業利益率; FCF転換,-2.5683,-3.5656,-0.1884,0.1436,,False,False,False,False,reported,RevenueFromContractWithCustomerExcludingAssessedTax+Revenues,,,True,245.5,0.0
ANY,Sphere 3D Corp.,USD,2025,1,営業赤字; FCFマイナス; ROIC; ROIC最低値; 営業利益率; FCF転換,-0.7459,-3.5716,-1.9675,0.3167,,False,False,False,False,reported,Revenues,-0.887,-3.714,False,15.9,0.0
APCX,AppTech Payments Corp.,USD,2025,1,営業赤字; FCFマイナス; ROIC; ROIC最低値; 営業利益率; FCF転換,-3.1629,-3.6138,-5.433,6.9231,,False,False,False,False,reported,Revenues,-3.1629,-3.6138,False,0.0,0.0
AZ,A2Z CUST2MATE SOLUTIONS CORP.,USD,2025,1,営業赤字; FCFマイナス; ROIC; ROIC最低値; 営業利益率; FCF転換,-0.3692,-3.7274,-4.6141,0.3097,,False,False,False,False,reported,Revenue,-0.4466,-16.8695,False,17.3,0.0
BFRI,Biofrontera Inc.,USD,2025,1,営業赤字; FCFマイナス; ROIC; ROIC最低値; 営業利益率; FCF転換,-0.8554,-3.7377,-0.2721,0.1476,,False,False,False,False,reported,RevenueFromContractWithCustomerExcludingAssessedTax,,,True,61.0,0.0
XAIR,"BEYOND AIR, INC.",USD,2026,1,営業赤字; FCFマイナス; ROIC; ROIC最低値; 営業利益率; FCF転換,-3.7455,-3.7455,-3.7823,0.5331,,False,False,False,False,reported,RevenueFromContractWithCustomerExcludingAssessedTax,,,True,190.0,0.0
BRFH,BARFRESH FOOD GROUP INC.,USD,2025,1,営業赤字; FCFマイナス; ROIC; ROIC最低値; 営業利益率; FCF転換,-2.0386,-3.7901,-0.2416,0.2067,,False,False,False,False,reported,RevenueFromContractWithCustomerExcludingAssessedTax,-2.0386,-3.7901,False,0.0,0.0
EPOW,E-Power Inc.,USD,2025,1,営業赤字; FCFマイナス; ROIC; ROIC最低値; 営業利益率; FCF転換,-0.4612,-3.9204,-0.3453,0.5821,,False,False,True,False,reported,Revenues,-2.2543,-5.1648,False,79.5,0.0
EDBL,EDIBLE GARDEN AG INCORPORATED,USD,2025,1,営業赤字; FCFマイナス; ROIC; ROIC最低値; 営業利益率; FCF転換,-0.882,-3.9845,-1.2335,0.0508,,False,False,True,False,derived,Revenues,-0.882,-3.9845,False,0.0,0.0
PRSO,Peraso Inc.,USD,2025,1,営業赤字; FCFマイナス; ROIC; ROIC最低値; 営業利益率; FCF転換,-0.8111,-3.9906,-0.3904,0.2105,,False,False,False,False,reported,RevenueFromContractWithCustomerIncludingAssessedTax,-2.1488,-80.5217,False,62.3,0.0
REBN,"REBORN COFFEE, INC.",USD,2025,1,営業赤字; FCFマイナス; ROIC; ROIC最低値; 営業利益率; FCF転換,-0.9852,-4.24,-0.7158,0.3727,,False,False,False,False,reported,Revenues,-2.2315,-6.9066,False,55.9,0.0
FEED,"ENvue Medical, Inc.",USD,2025,1,営業赤字; FCFマイナス; ROIC; ROIC最低値; 営業利益率; FCF転換,-0.5398,-4.5132,-8.9655,0.1078,,False,False,False,False,reported,RevenueFromContractWithCustomerExcludingAssessedTax,-0.5398,-4.5132,False,0.0,0.0
ADAPY,ADAPTIMMUNE THERAPEUTICS PLC,USD,2024,1,営業赤字; FCFマイナス; ROIC; ROIC最低値; 営業利益率; FCF転換,-4.5844,-4.5844,-0.3862,1.5897,,False,False,False,False,reported,RevenueFromContractWithCustomerExcludingAssessedTax,,,True,1279.5,0.0
DYAI,"DYADIC INTERNATIONAL, INC.",USD,2025,1,営業赤字; FCFマイナス; ROIC; ROIC最低値; 営業利益率; FCF転換,-4.6107,-4.6107,-2.3275,0.0648,,False,False,False,False,reported,RevenueFromContractWithCustomerExcludingAssessedTax,,,True,594.0,0.0
EDIT,"Editas Medicine, Inc.",USD,2025,1,営業赤字; FCFマイナス; ROIC; ROIC最低値; 営業利益率; FCF転換,-4.6324,-4.6324,-3.9489,0.1223,,False,False,False,False,reported,RevenueFromContractWithCustomerExcludingAssessedTax,,,True,537.4,0.0
ZSTK,ZeroStack Corp.,USD,2025,1,営業赤字; FCFマイナス; ROIC; ROIC最低値; 営業利益率; FCF転換,-1.6674,-4.7726,-4.3349,0.4118,,False,False,False,False,reported,Revenues,-1.8052,-9.9823,False,7.6,0.0
LUCY,"INNOVATIVE EYEWEAR, INC.",USD,2025,1,営業赤字; FCFマイナス; ROIC; ROIC最低値; 営業利益率; FCF転換,-0.4691,-5.0407,-2.0227,0.4011,,False,False,False,False,derived,Revenues,-1.6646,-8.1856,False,71.8,0.0
GPUS,"Hyperscale Data, Inc.",USD,2025,1,営業赤字; FCFマイナス; ROIC; ROIC最低値; 営業利益率; FCF転換,-0.4108,-5.2118,-0.6098,0.1815,,False,False,False,False,reported,RevenueFromContractWithCustomerIncludingAssessedTax,-0.4611,-11.0048,False,10.9,8.6
BCRD,"BlueOne Technologies, Inc.",USD,2026,1,営業赤字; FCFマイナス; ROIC; ROIC最低値; 営業利益率; FCF転換,-0.5646,-5.2415,-15.6864,0.3776,,False,False,False,False,reported,RevenueFromContractWithCustomerExcludingAssessedTax+Revenues,-0.5646,-5.2415,False,0.0,0.0
DTCX,"Datacentrex, Inc.",USD,2025,1,営業赤字; FCFマイナス; ROIC; ROIC最低値; 営業利益率; FCF転換,-0.0944,-5.6968,-1.1371,6.3045,,False,False,False,False,reported,RevenueFromContractWithCustomerExcludingAssessedTax,,,True,58.7,0.0
TVTX,"TRAVERE THERAPEUTICS, INC.",USD,2025,1,営業赤字; FCFマイナス; ROIC; ROIC最低値; 営業利益率; FCF転換,-0.4322,-5.8961,-0.128,0.389,,False,False,False,False,reported,RevenueFromContractWithCustomerExcludingAssessedTax,,,True,207.6,0.0
FEMY,Femasys Inc.,USD,2025,1,営業赤字; FCFマイナス; ROIC; ROIC最低値; 営業利益率; FCF転換,-2.3674,-6.0973,-7.6695,0.1808,,False,False,False,False,reported,RevenueFromContractWithCustomerExcludingAssessedTax,,,True,157.9,0.0
NIXX,"Nixxy, Inc.",USD,2025,1,営業赤字; FCFマイナス; ROIC; ROIC最低値; 営業利益率; FCF転換,-1.1643,-6.5716,-0.1201,0.4494,,False,False,False,False,reported,Revenues,-1.2166,-11.1555,False,4.3,0.0
IRD,"Opus Genetics, Inc.",USD,2025,1,営業赤字; FCFマイナス; ROIC; ROIC最低値; 営業利益率; FCF転換,-1.9868,-7.293,-2.719,1.2157,,False,False,False,False,reported,RevenueFromContractWithCustomerExcludingAssessedTax,,,True,293.8,0.0
DUOT,"Duos Technologies Group, Inc.",USD,2025,1,営業赤字; FCFマイナス; ROIC; ROIC最低値; 営業利益率; FCF転換,-0.1589,-7.5382,-0.3613,0.3449,,False,False,False,False,reported,RevenueFromContractWithCustomerExcludingAssessedTax,-0.1589,-7.5382,False,0.0,0.0
AEVA,"Aeva Technologies, Inc.",USD,2025,1,営業赤字; FCFマイナス; ROIC; ROIC最低値; 営業利益率; FCF転換,-7.6278,-7.6278,-7.0577,0.1819,,False,False,False,False,reported,RevenueFromContractWithCustomerExcludingAssessedTax,,,True,922.4,0.0
NTRP,"NEXTTRIP, INC.",USD,2026,1,営業赤字; FCFマイナス; ROIC; ROIC最低値; 営業利益率; FCF転換,-2.4056,-8.0807,-4.4045,0.5581,,False,False,False,False,reported,RevenueFromContractWithCustomerExcludingAssessedTax,-3.5148,-19.4012,False,31.6,0.0
URGN,UroGen Pharma Ltd.,USD,2025,1,営業赤字; FCFマイナス; ROIC; ROIC最低値; 営業利益率; FCF転換,-5.894,-8.6664,-1.1373,0.2295,,False,False,True,False,reported,RevenueFromContractWithCustomerExcludingAssessedTax,,,True,956.4,0.0
SBFM,SUNSHINE BIOPHARMA INC.,USD,2025,1,営業赤字; FCFマイナス; ROIC; ROIC最低値; 営業利益率; FCF転換,-0.2135,-9.1075,-0.1715,2.5507,,False,False,False,False,reported,Revenues,-0.2135,-9.1075,False,0.0,0.0
RYTM,"RHYTHM PHARMACEUTICALS, INC.",USD,2025,1,営業赤字; FCFマイナス; ROIC; ROIC最低値; 営業利益率; FCF転換,-1.0908,-9.6529,-1.0119,1.7851,,False,False,False,False,reported,RevenueFromContractWithCustomerExcludingAssessedTax,,,True,279.7,0.0
CISO,"CISO GLOBAL, INC.",USD,2025,1,営業赤字; FCFマイナス; ROIC; ROIC最低値; 営業利益率; FCF転換,-0.4683,-10.0306,-0.3302,0.1513,,False,False,False,False,reported,RevenueFromContractWithCustomerExcludingAssessedTax,-0.5288,-73.6591,False,11.4,134.3
XMAX,XMAX INC.,USD,2025,1,営業赤字; FCFマイナス; ROIC; ROIC最低値; 営業利益率; FCF転換,-0.0545,-10.2158,-0.1153,0.0743,,False,False,False,False,reported,RevenueFromContractWithCustomerExcludingAssessedTax,-0.0717,-39.8583,False,24.0,0.0
NMTC,NeuroOne Medical Technologies Corporatio,USD,2025,1,営業赤字; FCFマイナス; ROIC; ROIC最低値; 営業利益率; FCF転換,-0.4721,-11.4243,-0.4646,1.6732,,False,False,False,False,reported,Revenues,,,True,92.9,0.0
CRGO,Freightos Ltd,USD,2025,1,営業赤字; FCFマイナス; ROIC; ROIC最低値; 営業利益率; FCF転換,-0.3526,-11.5511,-0.6502,0.2759,,False,False,False,False,reported,RevenueFromContractsWithCustomers,,,True,31.1,34.5
PETV,"PetVivo Holdings, Inc.",USD,2026,1,営業赤字; FCFマイナス; ROIC; ROIC最低値; 営業利益率; FCF転換,-3.2552,-12.2324,-7.9388,0.7728,,False,False,False,False,reported,RevenueFromContractWithCustomerExcludingAssessedTax,-3.4935,-12.2324,False,6.8,0.0
VRCA,Verrica Pharmaceuticals Inc.,USD,2025,1,営業赤字; FCFマイナス; ROIC; ROIC最低値; 営業利益率; FCF転換,-0.389,-16.9188,-0.3425,0.3122,,False,False,True,False,reported,RevenueFromContractWithCustomerExcludingAssessedTax+Revenues,,,True,121.8,0.0
AERG,"APPLIED ENERGETICS, INC.",USD,2025,1,営業赤字; FCFマイナス; ROIC; ROIC最低値; 営業利益率; FCF転換,-1.5602,-18.4595,-32.3357,0.2728,,False,False,False,False,reported,Revenues+RevenueFromContractWithCustomerIncludingAssessedTax,,,True,85.1,0.0
SCYX,"SCYNEXIS, Inc.",USD,2025,1,営業赤字; FCFマイナス; ROIC; ROIC最低値; 営業利益率; FCF転換,-0.2572,-20.9552,-0.7803,0.1185,,False,False,False,False,reported,RevenueFromContractWithCustomerExcludingAssessedTax,,,True,81.1,0.0
QBTS,D-WAVE QUANTUM INC.,USD,2025,1,営業赤字; FCFマイナス; ROIC; ROIC最低値; 営業利益率; FCF転換,-0.0893,-27.5495,-4.0822,0.4067,,False,False,True,False,reported,RevenueFromContractWithCustomerExcludingAssessedTax,-0.1241,-27.5495,False,28.1,0.0
BRTX,"BIORESTORATIVE THERAPIES, INC.",USD,2025,1,営業赤字; FCFマイナス; ROIC; ROIC最低値; 営業利益率; FCF転換,-34.6502,-34.6502,-43.5005,0.6722,,False,False,False,False,reported,RevenueFromContractWithCustomerExcludingAssessedTax,,,True,827.7,0.0
AUID,authID Inc.,USD,2025,1,営業赤字; FCFマイナス; ROIC; ROIC最低値; 営業利益率; FCF転換,-1.663,-62.0509,-8.8959,0.3505,,False,False,False,False,reported,Revenues,-1.663,-62.0509,False,0.0,48.5
PACB,"Pacific Biosciences of California, Inc.",USD,2025,1,営業赤字; FCFマイナス; ROIC; ROIC最低値; 営業利益率; FCF転換,-81.8004,-81.8004,-3.4615,0.0523,,False,False,False,False,reported,RevenueFromContractWithCustomerIncludingAssessedTax,,,True,5225.4,5940.6
WNHK,"Winning Catering Group, Inc.",USD,2025,1,営業赤字; FCFマイナス; 売上CAGR; ROIC; ROIC最低値; 営業利益率,-191.0746,-191.0746,-67.1637,-0.8021,2.4387,False,False,False,False,reported,RevenueFromContractWithCustomerExcludingAssessedTax,-191.0746,-191.0746,False,0.0,0.0
CVGI,"Commercial Vehicle Group, Inc.",USD,2025,0,営業赤字; FCFマイナス; 売上CAGR; ROIC; ROIC最低値; 営業利益率; FCF転換,-0.0022,-0.0022,-0.001,-0.096,,False,False,False,False,reported,RevenueFromContractWithCustomerExcludingAssessedTax,-0.0022,-0.0022,False,0.0,0.0
CSIQ,CANADIAN SOLAR INC.,USD,2025,0,営業赤字; FCFマイナス; 売上CAGR; ROIC; ROIC最低値; 営業利益率; FCF転換,0.003,-0.0026,0.0077,0.0147,-8.2134,False,False,False,False,reported,RevenueFromContractWithCustomerIncludingAssessedTax,0.0035,-0.0031,False,12.2,0.0
OPTU,"Optimum Communications, Inc.",USD,2025,0,営業赤字; FCFマイナス; 売上CAGR; ROIC; ROIC最低値; 営業利益率; FCF転換,-0.0037,-0.0037,-0.0131,-0.0394,,False,False,True,False,reported,Revenues,-0.0039,-0.0039,False,4.2,33.7
ORGO,ORGANOGENESIS HOLDINGS INC.,USD,2025,0,営業赤字; FCFマイナス; 売上CAGR; ROIC; ROIC最低値; 営業利益率; FCF転換,0.1176,-0.0039,0.0792,0.0482,0.0524,False,False,False,False,reported,Revenues,0.171,-0.008,False,31.2,9.6
VIRC,VIRCO MFG. CORPORATION,USD,2026,0,営業赤字; FCFマイナス; 売上CAGR; ROIC; ROIC最低値; 営業利益率; FCF転換,0.0263,-0.0043,0.0183,0.0195,0.6592,False,False,False,False,reported,RevenueFromContractWithCustomerExcludingAssessedTax,0.0263,-0.0043,False,0.0,0.0
NSYS,NORTECH SYSTEMS INCORPORATED,USD,2025,0,営業赤字; FCFマイナス; 売上CAGR; ROIC; ROIC最低値; 営業利益率; FCF転換,0.0223,-0.0045,0.0082,0.0069,-0.259,False,False,False,False,reported,RevenueFromContractWithCustomerExcludingAssessedTax,0.0234,-0.0047,False,4.8,0.0
AIRI,AIR INDUSTRIES GROUP,USD,2025,0,営業赤字; FCFマイナス; 売上CAGR; ROIC; ROIC最低値; 営業利益率; FCF転換,-0.006,-0.0072,-0.0071,-0.0504,,False,False,False,False,reported,Revenues,-0.006,-0.0072,False,0.0,0.0
NWL,NEWELL BRANDS INC.,USD,2025,0,営業赤字; FCFマイナス; 売上CAGR; ROIC; ROIC最低値; 営業利益率; FCF転換,0.0044,-0.0084,0.0054,-0.0918,,False,False,False,False,reported,RevenueFromContractWithCustomerExcludingAssessedTax,0.0045,-0.0087,False,2.9,43.9
LEE,"LEE ENTERPRISES, INC",USD,2025,0,営業赤字; FCFマイナス; 売上CAGR; ROIC; ROIC最低値; 営業利益率; FCF転換,-0.0089,-0.0089,-0.0083,-0.0828,,False,False,True,False,reported,RevenueFromContractWithCustomerIncludingAssessedTax,-0.0091,-0.0091,False,2.4,78.6
STSR,Strategic Student & Senior Housing Trust,USD,2025,0,営業赤字; FCFマイナス; 売上CAGR; ROIC; ROIC最低値; 営業利益率; FCF転換,0.007,-0.009,0.026,0.0244,,False,False,True,False,reported,RevenueFromContractWithCustomerExcludingAssessedTax,0.0072,-0.0093,False,2.7,0.0
MAYS,MAYS J W INC,USD,2025,0,営業赤字; FCFマイナス; 売上CAGR; ROIC; ROIC最低値; 営業利益率; FCF転換,-0.0022,-0.0107,-0.0069,0.0268,,False,False,False,False,reported,Revenues,-0.0022,-0.011,False,1.3,0.0
LUVU,"Luvu Brands, Inc.",USD,2025,0,営業赤字; FCFマイナス; 売上CAGR; ROIC; ROIC最低値; 営業利益率; FCF転換,-0.0107,-0.0107,-0.0028,0.0167,0.3367,False,False,False,False,reported,Revenues,-0.0107,-0.0107,False,0.0,0.0
SEB,Seaboard Corporation,USD,2025,0,営業赤字; FCFマイナス; 売上CAGR; ROIC; ROIC最低値; 営業利益率; FCF転換,0.0305,-0.0122,0.0245,0.0137,0.0264,False,False,False,False,reported,RevenueFromContractWithCustomerExcludingAssessedTax,0.0381,-0.015,False,19.9,2.7
RELL,"RICHARDSON ELECTRONICS, LTD.",USD,2025,0,営業赤字; FCFマイナス; 売上CAGR; ROIC; ROIC最低値; 営業利益率; FCF転換,-0.0124,-0.0124,-0.0118,0.0424,-0.2048,False,False,False,False,reported,RevenueFromContractWithCustomerExcludingAssessedTax,-0.0161,-0.0161,False,22.9,0.0
CLWT,EURO TECH HOLDINGS COMPANY LIMITED,USD,2025,0,営業赤字; FCFマイナス; 売上CAGR; ROIC; ROIC最低値; 営業利益率; FCF転換,-0.0119,-0.0126,-0.0178,-0.1126,0.4582,False,False,False,False,reported,Revenues,-0.0164,-0.0193,False,27.4,6.9
ATNI,"ATN INTERNATIONAL, INC.",USD,2025,0,営業赤字; FCFマイナス; 売上CAGR; ROIC; ROIC最低値; 営業利益率; FCF転換,0.0223,-0.0127,0.0426,0.0422,,False,False,False,False,reported,RevenueFromContractWithCustomerExcludingAssessedTax,0.0248,-0.0139,False,10.2,0.5
WVVI,"WILLAMETTE VALLEY VINEYARDS, INC.",USD,2025,0,営業赤字; FCFマイナス; 売上CAGR; ROIC; ROIC最低値; 営業利益率; FCF転換,-0.014,-0.014,-0.0386,0.0401,,False,False,False,False,reported,Revenues,-0.014,-0.014,False,0.5,0.0
TLF,"TANDY LEATHER FACTORY, INC",USD,2025,0,営業赤字; FCFマイナス; 売上CAGR; ROIC; ROIC最低値; 営業利益率; FCF転換,-0.0145,-0.0145,-0.0126,-0.0197,0.0409,False,False,False,False,reported,RevenueFromContractWithCustomerExcludingAssessedTax,-0.0208,-0.0208,False,30.6,0.0
CWGL,"Crimson Wine Group, Ltd.",USD,2025,0,営業赤字; FCFマイナス; 売上CAGR; ROIC; ROIC最低値; 営業利益率; FCF転換,-0.0146,-0.0146,-0.0573,-0.0142,0.66,False,False,False,False,reported,RevenueFromContractWithCustomerExcludingAssessedTax,-0.0162,-0.0162,False,10.2,0.0
CC,Chemours Co,USD,2025,0,営業赤字; FCFマイナス; 売上CAGR; ROIC; ROIC最低値; 営業利益率; FCF転換,-0.0009,-0.0153,-0.0009,-0.0219,0.3718,False,False,False,False,derived,RevenueFromContractWithCustomerExcludingAssessedTax,-0.0011,-0.0204,False,15.3,1.0
LIFD,LFTD PARTNERS INC.,USD,2025,0,営業赤字; FCFマイナス; 売上CAGR; ROIC; ROIC最低値; 営業利益率; FCF転換,0.0571,-0.0163,0.0247,0.0392,,False,False,False,False,reported,Revenues,0.0664,-0.0173,False,14.0,0.0
ACGP,"Associated Capital Group, Inc.",USD,2024,0,営業赤字; FCFマイナス; 売上CAGR; ROIC; ROIC最低値; 営業利益率; FCF転換,-0.0166,-0.0166,-1.4234,-0.0873,0.542,False,False,False,False,reported,RevenueFromContractWithCustomerExcludingAssessedTax,-0.025,-0.025,False,33.6,0.4
BTU,PEABODY ENERGY CORP,USD,2025,0,営業赤字; FCFマイナス; 売上CAGR; ROIC; ROIC最低値; 営業利益率; FCF転換,-0.0179,-0.0179,-0.0207,0.0386,0.6989,False,False,False,False,reported,Revenues,-0.0214,-0.0214,False,16.3,0.0
ASLE,AerSale Corporation,USD,2025,0,営業赤字; FCFマイナス; 売上CAGR; ROIC; ROIC最低値; 営業利益率; FCF転換,0.0293,-0.0188,0.0471,-0.0038,-1.6708,False,False,False,False,reported,RevenueFromContractWithCustomerExcludingAssessedTax,0.0296,-0.0191,False,1.0,4.7
HLP,Hongli Group Inc.,USD,2025,0,営業赤字; FCFマイナス; 売上CAGR; ROIC; ROIC最低値; 営業利益率; FCF転換,0.0277,-0.021,0.1241,-0.0253,-0.2373,False,False,False,False,reported,Revenues,0.0285,-0.0213,False,2.6,0.0
CODI,COMPASS DIVERSIFIED HOLDINGS,USD,2025,0,営業赤字; FCFマイナス; 売上CAGR; ROIC; ROIC最低値; 営業利益率; FCF転換,0.0038,-0.0211,0.0059,0.0211,,False,False,False,False,reported,RevenueFromContractWithCustomerExcludingAssessedTax,0.0039,-0.0254,False,2.9,38.6
BON,BON NATURAL LIFE LIMITED,USD,2025,0,営業赤字; FCFマイナス; 売上CAGR; ROIC; ROIC最低値; 営業利益率; FCF転換,-0.0216,-0.0216,-0.0869,-0.0749,-0.3246,False,False,False,False,reported,RevenueFromContractWithCustomerExcludingAssessedTax,-0.0216,-0.0216,False,0.0,0.0
AZTA,"AZENTA, INC.",USD,2025,0,営業赤字; FCFマイナス; 売上CAGR; ROIC; ROIC最低値; 営業利益率; FCF転換,-0.0123,-0.0229,-0.0452,0.0369,-0.2118,False,False,False,False,reported,RevenueFromContractWithCustomerExcludingAssessedTax,-0.0153,-0.0313,False,19.7,40.7
COLD,"AMERICOLD REALTY TRUST, INC.",USD,2025,0,営業赤字; FCFマイナス; 売上CAGR; ROIC; ROIC最低値; 営業利益率; FCF転換,0.002,-0.0237,0.0028,-0.0129,,False,False,False,False,reported,RevenueFromContractWithCustomerExcludingAssessedTax,0.0021,-0.0241,False,4.7,28.7
TCI,"TRANSCONTINENTAL REALTY INVESTORS, INC.",USD,2025,0,営業赤字; FCFマイナス; 売上CAGR; ROIC; ROIC最低値; 営業利益率; FCF転換,-0.0047,-0.0242,-0.1293,0.0473,-0.1769,False,False,False,False,reported,Revenues,-0.0052,-0.0277,False,8.4,0.0
PRAA,"PRA Group, Inc",USD,2025,0,営業赤字; FCFマイナス; 売上CAGR; ROIC; ROIC最低値; 営業利益率; FCF転換,-0.0244,-0.0244,-0.0252,0.0234,,False,False,False,False,reported,Revenues,-0.0273,-0.0273,False,10.7,2.7
VREX,VAREX IMAGING CORPORATION,USD,2025,0,営業赤字; FCFマイナス; 売上CAGR; ROIC; ROIC最低値; 営業利益率; FCF転換,-0.0261,-0.0261,-0.0329,0.008,,False,False,False,False,reported,RevenueFromContractWithCustomerExcludingAssessedTax,-0.0321,-0.0321,False,18.5,23.6
GTIM,Good         Times Restaurants Inc.,USD,2025,0,営業赤字; FCFマイナス; 売上CAGR; ROIC; ROIC最低値; 営業利益率; FCF転換,0.0079,-0.0262,0.0023,0.0339,0.4422,False,False,False,False,reported,Revenues+RevenueFromContractWithCustomerIncludingAssessedTax,0.0079,-0.0262,False,0.0,17.3
AOSL,Alpha and Omega Semiconductor Limited,USD,2025,0,営業赤字; FCFマイナス; 売上CAGR; ROIC; ROIC最低値; 営業利益率; FCF転換,-0.0265,-0.0265,-0.0408,0.0146,0.0675,False,False,False,False,reported,RevenueFromContractWithCustomerExcludingAssessedTax,-0.0323,-0.0323,False,18.0,0.0
SNT,SENSTAR TECHNOLOGIES CORPORATION,USD,2025,0,営業赤字; FCFマイナス; 売上CAGR; ROIC; ROIC最低値; 営業利益率; FCF転換,0.055,-0.0269,0.0828,0.0103,0.2041,False,False,False,False,reported,Revenues,0.055,-0.0269,False,0.0,25.1
MATW,MATTHEWS INTERNATIONAL CORP,USD,2025,0,営業赤字; FCFマイナス; 売上CAGR; ROIC; ROIC最低値; 営業利益率; FCF転換,0.05,-0.027,0.0504,-0.027,,False,False,False,False,reported,RevenueFromContractWithCustomerExcludingAssessedTax+RevenueF,0.0514,-0.0285,False,2.7,40.9
HTT,High Templar Tech Ltd,CNY,2025,0,営業赤字; FCFマイナス; 売上CAGR; ROIC; ROIC最低値; 営業利益率; FCF転換,-0.0271,-0.0271,-9.7258,-0.6033,0.3369,False,False,False,False,reported,Revenues,-0.0603,-0.0681,False,55.1,0.0
CTRM,CASTOR MARITIME INC.,USD,2025,0,営業赤字; FCFマイナス; 売上CAGR; ROIC; ROIC最低値; 営業利益率; FCF転換,-0.0277,-0.0277,-0.2252,-0.0555,-1.0457,False,False,False,False,reported,Revenues,-0.039,-0.039,False,28.9,0.0
SRRE,SUNRISE REAL ESTATE GROUP INC,USD,2025,0,営業赤字; FCFマイナス; 売上CAGR; ROIC; ROIC最低値; 営業利益率; FCF転換,-0.0286,-0.0286,-0.2808,-0.2963,,False,False,False,False,reported,Revenues,-0.036,-0.036,False,20.5,0.0
TPTS,"Terra Property Trust, Inc.",USD,2025,0,営業赤字; FCFマイナス; 売上CAGR; ROIC; ROIC最低値; 営業利益率; FCF転換,-0.0032,-0.0297,-0.0372,-0.0666,,False,False,False,False,reported,Revenues,-0.0036,-0.0302,False,10.2,0.0
GDHG,Golden Heaven Group Holdings Ltd.,USD,2025,0,営業赤字; FCFマイナス; 売上CAGR; ROIC; ROIC最低値; 営業利益率; FCF転換,-0.0297,-0.0297,-0.4446,-0.2063,0.4346,False,False,False,False,reported,Revenues,-0.0297,-0.0297,False,0.0,0.0
TRSG,TUNGRAY TECHNOLOGIES INC,USD,2025,0,営業赤字; FCFマイナス; 売上CAGR; ROIC; ROIC最低値; 営業利益率; FCF転換,-0.0104,-0.0297,-0.0155,-0.0275,0.6381,False,False,False,False,reported,Revenues,-0.0104,-0.0297,False,0.0,0.0
BZUN,Baozun Inc.,CNY,2025,0,営業赤字; FCFマイナス; 売上CAGR; ROIC; ROIC最低値; 営業利益率; FCF転換,0.0092,-0.0313,0.0057,0.0143,,False,False,False,False,reported,Revenues+RevenueFromContractWithCustomerExcludingAssessedTax,0.0203,-0.0696,False,54.7,5.7
PPLI,IAC Inc.,USD,2025,0,営業赤字; FCFマイナス; 売上CAGR; ROIC; ROIC最低値; 営業利益率; FCF転換,-0.0125,-0.0352,-0.0407,-0.1032,,False,False,False,False,reported,RevenueFromContractWithCustomerExcludingAssessedTax,-0.0147,-0.0422,False,15.3,24.5
BKD,BROOKDALE SENIOR LIVING INC.,USD,2025,0,営業赤字; FCFマイナス; 売上CAGR; ROIC; ROIC最低値; 営業利益率; FCF転換,0.0025,-0.0378,0.0042,0.0374,,False,False,True,False,reported,RevenueFromContractWithCustomerExcludingAssessedTax,0.0027,-0.0427,False,6.6,0.6
ULH,"UNIVERSAL LOGISTICS HOLDINGS, INC.",USD,2025,0,営業赤字; FCFマイナス; 売上CAGR; ROIC; ROIC最低値; 営業利益率; FCF転換,-0.038,-0.038,-0.0413,-0.0287,-0.1914,False,False,False,False,reported,RevenueFromContractWithCustomerExcludingAssessedTax,-0.0388,-0.0388,False,2.0,7.9
ARL,"AMERICAN REALTY INVESTORS, INC.",USD,2025,0,営業赤字; FCFマイナス; 売上CAGR; ROIC; ROIC最低値; 営業利益率; FCF転換,-0.0061,-0.0385,-0.1285,0.0444,-0.2422,False,False,False,False,reported,Revenues,-0.0068,-0.0457,False,10.7,0.0
IHT,INNSUITES HOSPITALITY TRUST,USD,2026,0,営業赤字; FCFマイナス; 売上CAGR; ROIC; ROIC最低値; 営業利益率; FCF転換,-0.0302,-0.0386,-0.074,0.0424,,False,False,False,False,reported,RevenueFromContractWithCustomerExcludingAssessedTax,-0.0302,-0.0386,False,0.0,0.0
ANGI,Angi Inc.,USD,2025,0,営業赤字; FCFマイナス; 売上CAGR; ROIC; ROIC最低値; 営業利益率; FCF転換,0.0363,-0.0387,0.0635,-0.1068,,False,False,False,False,reported,RevenueFromContractWithCustomerExcludingAssessedTax,0.0461,-0.0489,False,21.3,62.5
HKIT,HITEK GLOBAL INC.,USD,2025,0,営業赤字; FCFマイナス; 売上CAGR; ROIC; ROIC最低値; 営業利益率; FCF転換,-0.0393,-0.0393,-0.2741,0.0029,0.3873,False,False,False,False,reported,Revenues,-0.0986,-0.2703,False,60.1,0.0
SPB,"SPECTRUM BRANDS HOLDINGS, INC.",USD,2025,0,営業赤字; FCFマイナス; 売上CAGR; ROIC; ROIC最低値; 営業利益率; FCF転換,0.0398,-0.0399,0.0445,-0.0162,-0.0253,False,False,False,False,reported,RevenueFromContractWithCustomerExcludingAssessedTax,0.0419,-0.0733,False,5.0,35.0
CEVA,"Ceva, Inc.",USD,2025,0,営業赤字; FCFマイナス; 売上CAGR; ROIC; ROIC最低値; 営業利益率; FCF転換,-0.0266,-0.0402,-0.1035,-0.0094,,False,False,False,False,reported,RevenueFromContractWithCustomerIncludingAssessedTax,-0.0769,-0.0982,False,65.4,17.3
HURC,"HURCO COMPANIES, INC.",USD,2025,0,営業赤字; FCFマイナス; 売上CAGR; ROIC; ROIC最低値; 営業利益率; FCF転換,-0.0408,-0.0408,-0.0575,-0.0666,,False,False,False,False,reported,Revenues,-0.0541,-0.0541,False,24.5,0.0
ITP,"IT TECH PACKAGING, INC.",USD,2024,0,営業赤字; FCFマイナス; 売上CAGR; ROIC; ROIC最低値; 営業利益率; FCF転換,-0.0393,-0.042,-0.1083,-0.069,,False,False,False,False,reported,Revenues,-0.0393,-0.042,False,0.0,0.0
JFU,9F Inc.,CNY,2025,0,営業赤字; FCFマイナス; 売上CAGR; ROIC; ROIC最低値; 営業利益率; FCF転換,0.0024,-0.0435,0.0839,-0.3519,,False,False,False,False,reported,Revenues,0.0027,-0.0971,False,11.7,0.0
CLW,Clearwater Paper Corp,USD,2025,0,営業赤字; FCFマイナス; 売上CAGR; ROIC; ROIC最低値; 営業利益率; FCF転換,-0.0284,-0.0448,-0.0271,-0.0322,0.5275,False,False,False,False,reported,Revenues,-0.0292,-0.0482,False,2.6,0.0
SWIM,"Latham Group, Inc.",USD,2025,0,営業赤字; FCFマイナス; 売上CAGR; ROIC; ROIC最低値; 営業利益率; FCF転換,0.0352,-0.0451,0.056,-0.0354,,False,False,False,False,reported,RevenueFromContractWithCustomerExcludingAssessedTax,0.0352,-0.0451,False,0.0,22.6
APD,"AIR PRODUCTS AND CHEMICALS, INC.",USD,2025,0,営業赤字; FCFマイナス; 売上CAGR; ROIC; ROIC最低値; 営業利益率; FCF転換,-0.046,-0.046,-0.0729,0.0392,-0.7158,False,False,False,False,reported,Revenues,-0.0525,-0.0525,False,12.3,6.4
ZG,"ZILLOW GROUP, INC.",USD,2025,0,営業赤字; FCFマイナス; 売上CAGR; ROIC; ROIC最低値; 営業利益率; FCF転換,-0.0055,-0.0471,-0.0132,0.0491,,False,False,False,False,reported,RevenueFromContractWithCustomerExcludingAssessedTax,-0.0075,-0.1243,False,26.5,57.8
WOR,"WORTHINGTON ENTERPRISES, INC",USD,2025,0,営業赤字; FCFマイナス; 売上CAGR; ROIC; ROIC最低値; 営業利益率; FCF転換,-0.0068,-0.0489,-0.0093,-0.2234,0.6846,False,False,False,False,reported,Revenues,-0.0086,-0.0616,False,20.2,30.4
ABLV,Able View Global Inc.,USD,2025,0,営業赤字; FCFマイナス; 売上CAGR; ROIC; ROIC最低値; 営業利益率; FCF転換,-0.0495,-0.0495,-0.0046,-0.0269,0.3669,False,False,False,True,reported,Revenues,-0.0495,-0.0495,False,0.0,0.0
HUYA,HUYA Inc.,CNY,2025,0,営業赤字; FCFマイナス; 売上CAGR; ROIC; ROIC最低値; 営業利益率; FCF転換,-0.0261,-0.051,-0.025,-0.13,,False,False,False,False,reported,RevenueFromContractWithCustomerExcludingAssessedTax,-0.0304,-0.0543,False,14.1,0.0
GROW,U S GLOBAL INVESTORS INC,USD,2025,0,営業赤字; FCFマイナス; 売上CAGR; ROIC; ROIC最低値; 営業利益率; FCF転換,-0.0522,-0.0522,-0.3533,-0.2096,0.4514,False,False,False,False,reported,RevenueFromContractWithCustomerIncludingAssessedTax,-0.2152,-0.2152,False,75.7,0.0
GV,Visionary Holdings Inc.,USD,2025,0,営業赤字; FCFマイナス; 売上CAGR; ROIC; ROIC最低値; 営業利益率; FCF転換,-0.054,-0.054,-0.6877,-0.1011,,False,False,False,False,reported,Revenues,-0.054,-0.054,False,0.0,1.8
CRNT,CERAGON NETWORKS LTD,USD,2025,0,営業赤字; FCFマイナス; 売上CAGR; ROIC; ROIC最低値; 営業利益率; FCF転換,0.0299,-0.0549,0.0214,0.0389,,False,False,False,False,reported,Revenues,0.0373,-0.0643,False,20.0,0.0
BGS,"B&G FOODS, INC.",USD,2026,0,営業赤字; FCFマイナス; 売上CAGR; ROIC; ROIC最低値; 営業利益率; FCF転換,0.032,-0.0551,0.0531,-0.0182,,False,False,False,False,reported,RevenueFromContractWithCustomerExcludingAssessedTax,0.0328,-0.0563,False,2.3,22.7
BLFS,"BioLife Solutions, Inc.",USD,2025,0,営業赤字; FCFマイナス; 売上CAGR; ROIC; ROIC最低値; 営業利益率; FCF転換,-0.0348,-0.0572,-0.1726,-0.0521,,False,False,False,False,reported,RevenueFromContractWithCustomerIncludingAssessedTax,-0.0455,-0.0669,False,23.6,55.3
EDTK,SKILLFUL CRAFTSMAN EDUCATION TECHNOLOGY ,USD,2025,0,営業赤字; FCFマイナス; 売上CAGR; ROIC; ROIC最低値; 営業利益率; FCF転換,-0.0598,-0.0598,-1.1644,-0.5816,,False,False,False,False,derived,RevenueFromContractWithCustomerIncludingAssessedTax,-0.0656,-0.2585,False,8.9,0.0
ANIK,"Anika Therapeutics, Inc.",USD,2025,0,営業赤字; FCFマイナス; 売上CAGR; ROIC; ROIC最低値; 営業利益率; FCF転換,-0.0609,-0.0609,-0.098,-0.0653,,False,False,False,False,reported,RevenueFromContractWithCustomerExcludingAssessedTax,-0.1401,-0.1401,False,56.6,5.6
NHTC,Natural Health Trends Corp.,USD,2025,0,営業赤字; FCFマイナス; 売上CAGR; ROIC; ROIC最低値; 営業利益率; FCF転換,-0.061,-0.061,-0.0455,-0.0977,-10.8798,False,False,False,False,reported,RevenueFromContractWithCustomerExcludingAssessedTax,,,True,123.2,0.0
INTC,INTEL CORP,USD,2025,0,営業赤字; FCFマイナス; 売上CAGR; ROIC; ROIC最低値; 営業利益率; FCF転換,-0.0109,-0.0618,-0.0419,-0.0957,-3.1828,False,False,False,False,reported,RevenueFromContractWithCustomerExcludingAssessedTax,-0.0127,-0.0681,False,14.4,14.9
AIRS,"AirSculpt Technologies, Inc.",USD,2025,0,営業赤字; FCFマイナス; 売上CAGR; ROIC; ROIC最低値; 営業利益率; FCF転換,-0.0635,-0.0635,-0.0761,0.033,,False,False,False,False,reported,RevenueFromContractWithCustomerExcludingAssessedTax,-0.0675,-0.0675,False,5.9,56.9
LMNR,LIMONEIRA COMPANY,USD,2025,0,営業赤字; FCFマイナス; 売上CAGR; ROIC; ROIC最低値; 営業利益率; FCF転換,-0.0638,-0.0638,-0.1328,-0.0121,,False,False,False,False,reported,RevenueFromContractWithCustomerExcludingAssessedTax,-0.0638,-0.0638,False,0.0,0.6
MDRR,"MEDALIST DIVERSIFIED, INC.",USD,2025,0,営業赤字; FCFマイナス; 売上CAGR; ROIC; ROIC最低値; 営業利益率; FCF転換,0.0459,-0.0647,0.0527,-0.0243,,False,False,False,False,reported,RevenueFromContractWithCustomerExcludingAssessedTax,0.0637,-0.0838,False,27.9,0.0
FGI,FGI Industries Ltd.,USD,2025,0,営業赤字; FCFマイナス; 売上CAGR; ROIC; ROIC最低値; 営業利益率; FCF転換,-0.0651,-0.0651,-0.0184,-0.0797,-2.3762,False,False,False,False,reported,RevenueFromContractWithCustomerExcludingAssessedTax,-0.0651,-0.0651,False,0.0,0.0
AXTI,AXT INC,USD,2025,0,営業赤字; FCFマイナス; 売上CAGR; ROIC; ROIC最低値; 営業利益率; FCF転換,-0.0523,-0.0663,-0.2488,-0.1046,,False,False,False,False,reported,RevenueFromContractWithCustomerExcludingAssessedTax,-0.082,-0.082,False,36.2,0.0
TPC,Tutor Perini Corporation,USD,2025,0,営業赤字; FCFマイナス; 売上CAGR; ROIC; ROIC最低値; 営業利益率; FCF転換,0.1127,-0.0672,0.0418,0.0454,,False,False,False,False,reported,RevenueFromContractWithCustomerExcludingAssessedTax,0.2056,-0.0753,False,45.2,12.6
IFF,INTERNATIONAL FLAVORS & FRAGRANCES INC,USD,2025,0,営業赤字; FCFマイナス; 売上CAGR; ROIC; ROIC最低値; 営業利益率; FCF転換,-0.015,-0.0675,-0.0351,-0.0169,,False,False,False,False,reported,RevenueFromContractWithCustomerExcludingAssessedTax,-0.0154,-0.0695,False,2.9,41.0
MP,MP Materials Corp. / DE,USD,2025,0,営業赤字; FCFマイナス; 売上CAGR; ROIC; ROIC最低値; 営業利益率; FCF転換,-0.0406,-0.0682,-0.6655,-0.0932,-2.3746,False,False,False,False,reported,RevenueFromContractWithCustomerExcludingAssessedTax,-0.1093,-0.1203,False,62.9,0.0
KANP,"KAANAPALI LAND, LLC",USD,2025,0,営業赤字; FCFマイナス; 売上CAGR; ROIC; ROIC最低値; 営業利益率; FCF転換,-0.0551,-0.0729,-3.2681,-0.233,-2.8952,False,False,False,False,reported,Revenues,-0.0692,-0.1015,False,20.5,0.0
JOUT,Johnson Outdoors Inc.,USD,2025,0,営業赤字; FCFマイナス; 売上CAGR; ROIC; ROIC最低値; 営業利益率; FCF転換,-0.0306,-0.0742,-0.0273,-0.0578,0.2462,False,False,False,False,reported,RevenueFromContractWithCustomerExcludingAssessedTax,-0.0529,-0.1141,False,42.2,2.5
STRR,"STAR EQUITY HOLDINGS, INC.",USD,2025,0,営業赤字; FCFマイナス; 売上CAGR; ROIC; ROIC最低値; 営業利益率; FCF転換,-0.0443,-0.0744,-0.0214,0.0043,-0.3355,False,False,False,False,reported,Revenues,-0.0526,-0.1285,False,15.6,9.0
CMP,"Compass Minerals International, Inc.",USD,2025,0,営業赤字; FCFマイナス; 売上CAGR; ROIC; ROIC最低値; 営業利益率; FCF転換,0.0187,-0.0748,0.0203,0.0208,,False,False,False,False,reported,RevenueFromContractWithCustomerExcludingAssessedTax,0.0199,-0.076,False,5.6,0.6
GIGM,GIGAMEDIA Ltd,USD,2025,0,営業赤字; FCFマイナス; 売上CAGR; ROIC; ROIC最低値; 営業利益率; FCF転換,-0.0767,-0.0767,-1.0357,-0.1082,,False,False,False,False,reported,RevenueFromContractWithCustomerExcludingAssessedTax,-0.7751,-1.2817,False,90.1,0.0
BSET,"BASSETT FURNITURE INDUSTRIES, INCORPORAT",USD,2025,0,営業赤字; FCFマイナス; 売上CAGR; ROIC; ROIC最低値; 営業利益率; FCF転換,0.0375,-0.0768,0.0233,-0.0608,-0.149,False,False,False,False,reported,RevenueFromContractWithCustomerExcludingAssessedTax,0.0584,-0.1197,False,35.9,4.4
MEGL,Magic Empire Global Limited,HKD,2025,0,営業赤字; FCFマイナス; 売上CAGR; ROIC; ROIC最低値; 営業利益率; FCF転換,-0.0783,-0.0783,-1.0423,-0.0908,,False,False,False,False,reported,RevenueFromContractWithCustomerExcludingAssessedTax,-0.0783,-0.0783,False,0.0,0.0
MRCY,"MERCURY SYSTEMS, INC.",USD,2025,0,営業赤字; FCFマイナス; 売上CAGR; ROIC; ROIC最低値; 営業利益率; FCF転換,-0.0105,-0.0793,-0.0215,-0.0033,,False,False,False,False,reported,Revenues,-0.0133,-0.0903,False,21.0,63.7
MEI,"METHODE ELECTRONICS, INC.",USD,2026,0,営業赤字; FCFマイナス; 売上CAGR; ROIC; ROIC最低値; 営業利益率; FCF転換,0.0069,-0.0807,0.0086,-0.0326,,False,False,False,False,reported,RevenueFromContractWithCustomerExcludingAssessedTax,0.0081,-0.0946,False,13.9,17.4
FLR,FLUOR CORPORATION,USD,2025,0,営業赤字; FCFマイナス; 売上CAGR; ROIC; ROIC最低値; 営業利益率; FCF転換,-0.0692,-0.084,-0.0244,0.023,0.1233,False,False,False,False,reported,Revenues,-0.1409,-0.9336,False,50.9,0.0
SRI,"STONERIDGE, INC.",USD,2025,0,営業赤字; FCFマイナス; 売上CAGR; ROIC; ROIC最低値; 営業利益率; FCF転換,-0.0845,-0.0845,-0.0448,0.0282,,False,False,False,False,reported,RevenueFromContractWithCustomerExcludingAssessedTax,-0.0991,-0.0991,False,14.7,10.4
ICG,Intchains Group Ltd,CNY,2025,0,営業赤字; FCFマイナス; 売上CAGR; ROIC; ROIC最低値; 営業利益率; FCF転換,-0.0847,-0.0847,-0.4739,-0.2311,0.5351,False,False,False,False,reported,Revenues,-0.1697,-0.1959,False,50.1,0.0
SSYS,STRATASYS LTD.,USD,2025,0,営業赤字; FCFマイナス; 売上CAGR; ROIC; ROIC最低値; 営業利益率; FCF転換,-0.0679,-0.0853,-0.1315,-0.024,,False,False,False,False,reported,Revenues,-0.0765,-0.0936,False,11.2,12.1
KRNT,KORNIT DIGITAL LTD.,USD,2025,0,営業赤字; FCFマイナス; 売上CAGR; ROIC; ROIC最低値; 営業利益率; FCF転換,-0.0383,-0.0869,-0.1661,-0.1033,,False,False,False,False,reported,Revenues,-0.0438,-0.1329,False,12.5,4.1
CNNE,"CANNAE HOLDINGS, INC.",USD,2025,0,営業赤字; FCFマイナス; 売上CAGR; ROIC; ROIC最低値; 営業利益率; FCF転換,-0.0873,-0.0873,-0.2823,-0.1308,,False,False,False,False,reported,RevenueFromContractWithCustomerExcludingAssessedTax,-0.1049,-0.1049,False,16.8,4.9
TANH,TANTECH HOLDINGS LTD,USD,2025,0,営業赤字; FCFマイナス; 売上CAGR; ROIC; ROIC最低値; 営業利益率; FCF転換,-0.0874,-0.0874,-0.3182,-0.0872,,False,False,False,False,reported,Revenues,-0.1247,-0.1247,False,29.9,0.0
FTEK,"FUEL TECH, INC.",USD,2025,0,営業赤字; FCFマイナス; 売上CAGR; ROIC; ROIC最低値; 営業利益率; FCF転換,-0.0728,-0.0885,-0.138,0.024,,False,False,False,False,reported,RevenueFromContractWithCustomerExcludingAssessedTax,-0.1932,-0.1932,False,62.3,5.3
VISN,"VISTANCE NETWORKS, INC.",USD,2025,0,営業赤字; FCFマイナス; 売上CAGR; ROIC; ROIC最低値; 営業利益率; FCF転換,0.006,-0.0929,0.0246,-0.2683,,False,False,True,False,reported,RevenueFromContractWithCustomerExcludingAssessedTax,0.0068,-0.0974,False,12.1,12.2
SOHU,SOHU.COM LIMITED,USD,2025,0,営業赤字; FCFマイナス; 売上CAGR; ROIC; ROIC最低値; 営業利益率; FCF転換,-0.058,-0.0937,-0.1605,-0.0855,-0.1097,False,False,False,False,reported,RevenueFromContractWithCustomerExcludingAssessedTax,,,True,65.0,0.8
NNBR,NN INC,USD,2025,0,営業赤字; FCFマイナス; 売上CAGR; ROIC; ROIC最低値; 営業利益率; FCF転換,-0.0772,-0.0975,-0.0448,-0.0303,-0.2228,False,False,False,False,reported,RevenueFromContractWithCustomerExcludingAssessedTax,-0.082,-0.1061,False,5.9,0.0
RLBY,RELIABILITY INCORPORATED,USD,2025,0,営業赤字; FCFマイナス; 売上CAGR; ROIC; ROIC最低値; 営業利益率; FCF転換,-0.0983,-0.0983,-0.0401,-0.0574,0.6635,False,False,False,False,reported,RevenueFromContractWithCustomerExcludingAssessedTax,-0.1059,-0.1059,False,7.2,0.0
OPK,"OPKO Health, Inc.",USD,2025,0,営業赤字; FCFマイナス; 売上CAGR; ROIC; ROIC最低値; 営業利益率; FCF転換,-0.0575,-0.0983,-0.1935,-0.2353,,False,False,False,False,reported,RevenueFromContractWithCustomerExcludingAssessedTax,-0.0744,-0.1074,False,22.6,30.0
KD,"Kyndryl Holdings, Inc.",USD,2026,0,営業赤字; FCFマイナス; 売上CAGR; ROIC; ROIC最低値; 営業利益率; FCF転換,0.0665,-0.0985,0.0383,-0.0516,,False,False,False,False,derived,Revenues,0.1075,-0.1586,False,38.2,11.4
AEI,Alset Inc.,USD,2025,0,営業赤字; FCFマイナス; 売上CAGR; ROIC; ROIC最低値; 営業利益率; FCF転換,-0.0989,-0.0989,-3.3887,-0.3107,,False,False,False,False,reported,RevenueFromContractWithCustomerExcludingAssessedTax,-0.0989,-0.0989,False,0.0,0.0
DOGZ,DOGNESS (INTERNATIONAL) CORPORATION,USD,2025,0,営業赤字; FCFマイナス; 売上CAGR; ROIC; ROIC最低値; 営業利益率; FCF転換,-0.0549,-0.099,-0.3281,-0.0394,,False,False,False,False,reported,RevenueFromContractWithCustomerExcludingAssessedTax,-0.0632,-0.1051,False,13.1,0.0
NAII,NATURAL ALTERNATIVES INTERNATIONAL INC,USD,2025,0,営業赤字; FCFマイナス; 売上CAGR; ROIC; ROIC最低値; 営業利益率; FCF転換,-0.1,-0.1,-0.0667,-0.0765,-2.3751,False,False,False,False,reported,RevenueFromContractWithCustomerIncludingAssessedTax,-0.1219,-0.1219,False,18.0,0.0
NTZ,NATUZZI S.p.A.,EUR,2024,0,営業赤字; FCFマイナス; 売上CAGR; ROIC; ROIC最低値; 営業利益率; FCF転換,-0.0726,-0.1002,-0.0197,-0.0073,,False,False,False,False,reported,Revenue,-0.1035,-0.2363,False,29.8,0.0
DQ,DAQO NEW ENERGY CORP.,USD,2025,0,営業赤字; FCFマイナス; 売上CAGR; ROIC; ROIC最低値; 営業利益率; FCF転換,-0.0484,-0.1022,-0.4061,-0.2065,0.397,False,False,False,False,reported,Revenues,-0.0601,-0.1328,False,19.4,0.0
TDS,"TELEPHONE AND DATA SYSTEMS, INC.",USD,2025,0,営業赤字; FCFマイナス; 売上CAGR; ROIC; ROIC最低値; 営業利益率; FCF転換,-0.016,-0.1037,-0.0909,-0.327,,False,False,False,False,reported,RevenueFromContractWithCustomerExcludingAssessedTax,-0.0191,-0.1086,False,16.0,0.0
RBBN,RIBBON COMMUNICATIONS INC.,USD,2025,0,営業赤字; FCFマイナス; 売上CAGR; ROIC; ROIC最低値; 営業利益率; FCF転換,-0.0034,-0.1037,-0.0039,-0.0001,,False,False,False,False,reported,RevenueFromContractWithCustomerExcludingAssessedTax,-0.0038,-0.1173,False,12.3,38.5
NBIS,NEBIUS GROUP N.V.,USD,2025,0,営業赤字; FCFマイナス; 売上CAGR; ROIC; ROIC最低値; 営業利益率; FCF転換,-0.1052,-0.1052,-1.1546,-0.4234,-14.2517,False,False,False,False,reported,Revenues,-0.5276,-0.5276,False,80.1,0.0
NTGR,"NETGEAR, Inc.",USD,2025,0,営業赤字; FCFマイナス; 売上CAGR; ROIC; ROIC最低値; 営業利益率; FCF転換,-0.0542,-0.1055,-0.0488,-0.1203,,False,False,False,False,reported,RevenueFromContractWithCustomerExcludingAssessedTax,-0.1544,-0.1665,False,64.9,9.0
DOYU,DouYu International Holdings Ltd,CNY,2025,0,営業赤字; FCFマイナス; 売上CAGR; ROIC; ROIC最低値; 営業利益率; FCF転換,0.0019,-0.1076,0.0012,-0.1966,,False,False,False,False,reported,RevenueFromContractWithCustomerExcludingAssessedTax,0.0165,-0.2843,False,88.5,0.0
LQMT,LIQUIDMETAL TECHNOLOGIES INC,USD,2025,0,営業赤字; FCFマイナス; 売上CAGR; ROIC; ROIC最低値; 営業利益率; FCF転換,-0.1091,-0.1091,-4.773,-0.0084,,False,False,False,False,reported,RevenueFromContractWithCustomerIncludingAssessedTax,-0.197,-0.288,False,44.6,0.0
UFI,"UNIFI, INC.",USD,2025,0,営業赤字; FCFマイナス; 売上CAGR; ROIC; ROIC最低値; 営業利益率; FCF転換,-0.0301,-0.1122,-0.0167,-0.0382,,False,False,False,False,reported,RevenueFromContractWithCustomerExcludingAssessedTax,-0.0332,-0.125,False,9.1,0.0
PENN,"PENN Entertainment, Inc.",USD,2025,0,営業赤字; FCFマイナス; 売上CAGR; ROIC; ROIC最低値; 営業利益率; FCF転換,-0.1127,-0.1127,-0.0968,0.042,,False,False,False,False,reported,RevenueFromContractWithCustomerIncludingAssessedTax+RevenueF,-0.1319,-0.1319,False,14.5,37.8
ZEPP,ZEPP HEALTH CORP,USD,2025,0,営業赤字; FCFマイナス; 売上CAGR; ROIC; ROIC最低値; 営業利益率; FCF転換,-0.0843,-0.1142,-0.1129,-0.2832,,False,False,False,False,reported,RevenueFromContractWithCustomerExcludingAssessedTax,-0.1064,-0.159,False,20.8,3.5
NTPIF,NAM TAI PROPERTY INC.,USD,2025,0,営業赤字; FCFマイナス; 売上CAGR; ROIC; ROIC最低値; 営業利益率; FCF転換,-0.0222,-0.1152,-0.2084,-0.0633,,False,False,False,False,reported,Revenues,-0.0234,-0.129,False,5.0,0.0
DK,"DELEK US HOLDINGS, INC.",USD,2025,0,営業赤字; FCFマイナス; 売上CAGR; ROIC; ROIC最低値; 営業利益率; FCF転換,0.0629,-0.1162,0.0281,0.0017,,False,False,False,False,reported,RevenueFromContractWithCustomerExcludingAssessedTax,0.0754,-0.1491,False,16.6,12.6
GURE,"GULF RESOURCES, INC.",USD,2024,0,営業赤字; FCFマイナス; 売上CAGR; ROIC; ROIC最低値; 営業利益率; FCF転換,-0.117,-0.117,-2.7782,-0.2781,,False,False,False,False,reported,Revenues,-0.117,-0.117,False,0.0,0.0
FEDU,Four Seasons Education (Cayman) Inc.,CNY,2026,0,営業赤字; FCFマイナス; 売上CAGR; ROIC; ROIC最低値; 営業利益率; FCF転換,0.0112,-0.1173,0.0265,0.0042,,False,False,False,False,reported,RevenueFromContractWithCustomerExcludingAssessedTax,0.0158,-0.5567,False,28.8,0.0
KVHI,"KVH Industries, Inc.",USD,2025,0,営業赤字; FCFマイナス; 売上CAGR; ROIC; ROIC最低値; 営業利益率; FCF転換,-0.0674,-0.1183,-0.1006,-0.0458,,False,False,False,False,reported,RevenueFromContractWithCustomerIncludingAssessedTax,-0.1445,-0.1766,False,53.4,0.6
UCTT,"Ultra Clean Holdings, Inc.",USD,2025,0,営業赤字; FCFマイナス; 売上CAGR; ROIC; ROIC最低値; 営業利益率; FCF転換,-0.1193,-0.1193,-0.0523,-0.0057,,False,False,False,False,reported,RevenueFromContractWithCustomerExcludingAssessedTax+RevenueF,-0.2125,-0.2125,False,43.9,16.1
TAL,TAL Education Group,USD,2026,0,営業赤字; FCFマイナス; 売上CAGR; ROIC; ROIC最低値; 営業利益率; FCF転換,0.0578,-0.1205,0.0917,-0.0902,,False,False,False,False,reported,Revenues,0.4075,-0.3674,False,85.8,0.0
YJ,Yunji Inc.,CNY,2025,0,営業赤字; FCFマイナス; 売上CAGR; ROIC; ROIC最低値; 営業利益率; FCF転換,-0.1211,-0.1211,-0.4524,-0.3807,,False,False,False,False,reported,Revenues,-0.1527,-0.1527,False,20.7,0.0
OIS,"OIL STATES INTERNATIONAL, INC",USD,2025,0,営業赤字; FCFマイナス; 売上CAGR; ROIC; ROIC最低値; 営業利益率; FCF転換,-0.1232,-0.1232,-0.1464,0.0394,,False,False,False,False,reported,RevenueFromContractWithCustomerExcludingAssessedTax,-0.1386,-0.1386,False,11.1,11.2
LE,"LANDS' END, INC.",USD,2026,0,営業赤字; FCFマイナス; 売上CAGR; ROIC; ROIC最低値; 営業利益率; FCF転換,0.0742,-0.1248,0.0332,-0.0496,,False,False,False,False,reported,RevenueFromContractWithCustomerExcludingAssessedTax,0.0771,-0.1316,False,3.8,0.0
API,"Agora, Inc.",USD,2025,0,営業赤字; FCFマイナス; 売上CAGR; ROIC; ROIC最低値; 営業利益率; FCF転換,-0.0132,-0.1256,-0.0667,-0.0427,,False,False,False,False,reported,RevenueFromContractWithCustomerExcludingAssessedTax,-0.0154,-0.5745,False,14.2,0.0
BRID,BRIDGFORD FOODS CORPORATION,USD,2025,0,営業赤字; FCFマイナス; 売上CAGR; ROIC; ROIC最低値; 営業利益率; FCF転換,-0.1282,-0.1282,-0.0812,-0.01,-1.3742,False,False,False,False,reported,RevenueFromContractWithCustomerExcludingAssessedTax,-0.1282,-0.1282,False,0.0,0.0
CATO,THE CATO CORPORATION,USD,2026,0,営業赤字; FCFマイナス; 売上CAGR; ROIC; ROIC最低値; 営業利益率; FCF転換,-0.0636,-0.1284,-0.0194,-0.0398,,False,False,False,False,reported,Revenues,-0.1196,-0.2462,False,46.8,0.0
ALTO,"Alto Ingredients, Inc.",USD,2025,0,営業赤字; FCFマイナス; 売上CAGR; ROIC; ROIC最低値; 営業利益率; FCF転換,0.0189,-0.1288,0.008,-0.0663,,False,False,False,False,reported,Revenues,0.0204,-0.1445,False,7.6,0.0
MX,MAGNACHIP SEMICONDUCTOR Corp,USD,2025,0,営業赤字; FCFマイナス; 売上CAGR; ROIC; ROIC最低値; 営業利益率; FCF転換,-0.1141,-0.1322,-0.2005,-0.2163,,False,False,False,False,reported,Revenues,-0.1961,-0.2442,False,41.8,0.0
EHTH,"EHEALTH, INC.",USD,2025,0,営業赤字; FCFマイナス; 売上CAGR; ROIC; ROIC最低値; 営業利益率; FCF転換,0.0746,-0.1324,0.12,0.0073,,False,False,False,False,reported,RevenueFromContractWithCustomerExcludingAssessedTax,0.0837,-0.1585,False,11.0,0.0
FKWL,FRANKLIN WIRELESS CORP.,USD,2025,0,営業赤字; FCFマイナス; 売上CAGR; ROIC; ROIC最低値; 営業利益率; FCF転換,-0.0655,-0.1335,-0.0621,-0.2927,0.5371,False,False,False,False,reported,Revenues,-0.2613,-0.4713,False,74.9,0.8
CRLBF,Cresco Labs Inc.,USD,2025,0,営業赤字; FCFマイナス; 売上CAGR; ROIC; ROIC最低値; 営業利益率; FCF転換,-0.033,-0.136,-0.0427,-0.0548,,False,False,False,False,reported,RevenueFromContractWithCustomerExcludingAssessedTax+Revenue,-0.0361,-0.1652,False,8.6,31.1
TROX,TRONOX HOLDINGS PLC,USD,2025,0,営業赤字; FCFマイナス; 売上CAGR; ROIC; ROIC最低値; 営業利益率; FCF転換,-0.1372,-0.1372,-0.0873,-0.0509,,False,False,False,False,reported,RevenueFromContractWithCustomerExcludingAssessedTax,-0.1589,-0.1589,False,13.7,0.0
VRNO,Verano Holdings Corp.,USD,2025,0,営業赤字; FCFマイナス; 売上CAGR; ROIC; ROIC最低値; 営業利益率; FCF転換,-0.0766,-0.1372,-0.1304,0.0272,,False,False,False,False,reported,RevenueFromContractWithCustomerExcludingAssessedTax,-0.0828,-0.1466,False,7.5,14.6
TUYA,Tuya Inc.,USD,2025,0,営業赤字; FCFマイナス; 売上CAGR; ROIC; ROIC最低値; 営業利益率; FCF転換,0.0089,-0.1381,0.0357,0.0159,,False,False,False,False,reported,RevenueFromContractWithCustomerExcludingAssessedTax,0.1293,-16.8784,False,93.1,0.0
AIFU,AIFU Inc.,CNY,2025,0,営業赤字; FCFマイナス; 売上CAGR; ROIC; ROIC最低値; 営業利益率; FCF転換,-0.0645,-0.1387,-0.0702,-0.3577,,False,False,False,False,reported,Revenues,-0.069,-0.1935,False,6.5,0.0
JCTC,JEWETT-CAMERON TRADING COMPANY LTD.,USD,2025,0,営業赤字; FCFマイナス; 売上CAGR; ROIC; ROIC最低値; 営業利益率; FCF転換,-0.1426,-0.1426,-0.0908,-0.0794,-4.8076,False,False,False,False,reported,Revenues,-0.1442,-0.1442,False,1.1,0.0
NHP,"National Healthcare Properties, Inc.",USD,2025,0,営業赤字; FCFマイナス; 売上CAGR; ROIC; ROIC最低値; 営業利益率; FCF転換,0.0043,-0.1426,0.0096,0.0097,,False,False,False,False,reported,Revenues,0.0048,-0.1472,False,9.6,0.0
TSAT,TELESAT CORPORATION,CAD,2025,0,営業赤字; FCFマイナス; 売上CAGR; ROIC; ROIC最低値; 営業利益率; FCF転換,-0.1426,-0.1426,-0.7271,-0.1383,,False,False,False,False,reported,Revenue,-0.2046,-0.2046,False,30.3,131.6
INVE,"IDENTIV, INC.",USD,2025,0,営業赤字; FCFマイナス; 売上CAGR; ROIC; ROIC最低値; 営業利益率; FCF転換,-0.1243,-0.1436,-1.0308,-0.3255,-0.0,False,False,False,False,reported,RevenueFromContractWithCustomerExcludingAssessedTax,-1.4469,-1.4469,False,91.4,0.0
WNW,Meiwu Technology Company Limited,USD,2025,0,営業赤字; FCFマイナス; 売上CAGR; ROIC; ROIC最低値; 営業利益率; FCF転換,-0.1406,-0.1462,-1.2411,-0.1282,,False,False,False,False,reported,RevenueFromContractWithCustomerExcludingAssessedTax,,,True,36.2,0.0
EJH,E-Home Household Service Holdings Limite,USD,2025,0,営業赤字; FCFマイナス; 売上CAGR; ROIC; ROIC最低値; 営業利益率; FCF転換,-0.0246,-0.147,-0.1674,-0.0977,,False,False,False,False,reported,Revenues,-0.0703,-0.3064,False,65.1,0.0
AMRN,AMARIN CORP PLC\UK,USD,2025,0,営業赤字; FCFマイナス; 売上CAGR; ROIC; ROIC最低値; 営業利益率; FCF転換,-0.0863,-0.1492,-0.2348,-0.222,,False,False,False,False,reported,RevenueFromContractWithCustomerExcludingAssessedTax,-0.2529,-0.3778,False,65.9,0.0
EBON,Ebang International Holdings Inc.,USD,2025,0,営業赤字; FCFマイナス; 売上CAGR; ROIC; ROIC最低値; 営業利益率; FCF転換,-0.0818,-0.1514,-3.8702,-0.403,,False,False,False,False,reported,Revenues,-0.5278,-1.1236,False,84.5,0.0
HUIZ,Huize Holding Limited,CNY,2025,0,営業赤字; FCFマイナス; 売上CAGR; ROIC; ROIC最低値; 営業利益率; FCF転換,0.0112,-0.1515,0.0042,-0.0838,,False,False,False,False,reported,Revenues,0.0242,-0.4192,False,53.9,3.0
SILC,SILICOM LTD.,USD,2025,0,営業赤字; FCFマイナス; 売上CAGR; ROIC; ROIC最低値; 営業利益率; FCF転換,-0.0824,-0.1528,-0.198,-0.1667,,False,False,False,False,reported,Revenues,-0.1285,-0.2427,False,35.8,0.0
WWW,"WOLVERINE WORLD WIDE, INC.",USD,2026,0,営業赤字; FCFマイナス; 売上CAGR; ROIC; ROIC最低値; 営業利益率; FCF転換,0.1243,-0.1563,0.0801,0.0114,,False,False,False,False,reported,RevenueFromContractWithCustomerExcludingAssessedTax,0.1243,-0.1563,False,0.0,45.2
SPWH,"SPORTSMAN’S WAREHOUSE HOLDINGS, INC.",USD,2026,0,営業赤字; FCFマイナス; 売上CAGR; ROIC; ROIC最低値; 営業利益率; FCF転換,-0.1565,-0.1565,-0.0309,-0.0534,-2.4666,False,False,False,False,reported,Revenues,-0.1579,-0.1579,False,0.9,0.8
BNED,"BARNES & NOBLE EDUCATION, INC.",USD,2026,0,営業赤字; FCFマイナス; 売上CAGR; ROIC; ROIC最低値; 営業利益率; FCF転換,0.079,-0.1566,0.0213,0.0348,,False,False,False,False,reported,Revenues,0.0808,-0.1635,False,2.3,0.0
DLTH,DULUTH HOLDINGS INC.,USD,2026,0,営業赤字; FCFマイナス; 売上CAGR; ROIC; ROIC最低値; 営業利益率; FCF転換,-0.0475,-0.1594,-0.018,-0.0516,,False,False,False,False,reported,RevenueFromContractWithCustomerExcludingAssessedTax,-0.0526,-0.1624,False,9.7,0.0
PBSV,"PHARMA-BIO SERV, INC.",USD,2025,0,営業赤字; FCFマイナス; 売上CAGR; ROIC; ROIC最低値; 営業利益率; FCF転換,-0.0423,-0.161,-0.0708,-0.1821,,False,False,False,False,reported,Revenues,-0.1135,-0.161,False,62.7,0.0
IHRT,"iHeartMedia, Inc.",USD,2025,0,営業赤字; FCFマイナス; 売上CAGR; ROIC; ROIC最低値; 営業利益率; FCF転換,-0.0051,-0.1629,-0.0053,0.0209,,False,False,True,False,reported,Revenues,-0.0055,-0.1752,False,8.4,34.3
BWEN,"BROADWIND, INC.",USD,2025,0,営業赤字; FCFマイナス; 売上CAGR; ROIC; ROIC最低値; 営業利益率; FCF転換,0.0894,-0.1632,0.0547,0.0207,-12.1351,False,False,False,False,reported,RevenueFromContractWithCustomerIncludingAssessedTax,0.09,-0.1655,False,0.6,0.0
OSUR,"ORASURE TECHNOLOGIES, INC",USD,2025,0,営業赤字; FCFマイナス; 売上CAGR; ROIC; ROIC最低値; 営業利益率; FCF転換,-0.1668,-0.1668,-0.6257,-0.1624,,False,False,False,False,reported,RevenueFromContractWithCustomerExcludingAssessedTax,-0.4017,-0.4017,False,58.5,12.7
DTST,DATA STORAGE CORPORATION,USD,2025,0,営業赤字; FCFマイナス; 売上CAGR; ROIC; ROIC最低値; 営業利益率; FCF転換,-0.069,-0.1686,-2.5842,-0.4478,0.0383,False,False,False,False,reported,Revenues,,,True,100.2,0.0
SRTS,"Sensus Healthcare, Inc.",USD,2025,0,営業赤字; FCFマイナス; 売上CAGR; ROIC; ROIC最低値; 営業利益率; FCF転換,-0.1693,-0.1693,-0.375,0.004,-0.1848,False,False,False,False,reported,Revenues,-0.313,-0.313,False,45.9,0.0
DXYN,"THE DIXIE GROUP, INC",USD,2025,0,営業赤字; FCFマイナス; 売上CAGR; ROIC; ROIC最低値; 営業利益率; FCF転換,0.0028,-0.1762,0.0005,-0.068,,False,False,False,False,reported,Revenues,0.0028,-0.1762,False,0.0,0.0
TSEOQ,Trinseo PLC,USD,2025,0,営業赤字; FCFマイナス; 売上CAGR; ROIC; ROIC最低値; 営業利益率; FCF転換,-0.1387,-0.1772,-0.0854,-0.114,,False,False,True,False,reported,RevenueFromContractWithCustomerExcludingAssessedTax,-0.1544,-0.2031,False,10.1,4.7
GME,GameStop Corp.,USD,2026,0,営業赤字; FCFマイナス; 売上CAGR; ROIC; ROIC最低値; 営業利益率; FCF転換,0.0191,-0.1793,0.0639,-0.1185,,False,False,False,False,reported,RevenueFromContractWithCustomerExcludingAssessedTax,,,True,93.8,0.0
MQ,"Marqeta, Inc.",USD,2025,0,営業赤字; FCFマイナス; 売上CAGR; ROIC; ROIC最低値; 営業利益率; FCF転換,-0.0481,-0.1798,-0.0743,0.0484,,False,False,False,False,reported,RevenueFromContractWithCustomerExcludingAssessedTax,,,True,101.3,0.0
SPND,SPINDLETOP OIL & GAS CO.,USD,2025,0,営業赤字; FCFマイナス; 売上CAGR; ROIC; ROIC最低値; 営業利益率; FCF転換,-0.1809,-0.1809,-0.7386,-0.075,,False,False,False,False,reported,Revenues,-0.2484,-0.2484,False,27.2,0.0
PLNH,Planet 13 Holdings Inc.,USD,2025,0,営業赤字; FCFマイナス; 売上CAGR; ROIC; ROIC最低値; 営業利益率; FCF転換,-0.1816,-0.1816,-0.1137,-0.0356,,False,False,False,False,derived,Revenues,-0.2027,-0.2027,False,10.4,0.0
UTSI,UTStarcom Holdings Corp.,USD,2025,0,営業赤字; FCFマイナス; 売上CAGR; ROIC; ROIC最低値; 営業利益率; FCF転換,-0.1852,-0.1852,-0.9531,-0.1334,,False,False,False,False,reported,RevenueFromContractWithCustomerExcludingAssessedTax,-3.4073,-5.0449,False,94.6,0.0
FENG,Phoenix New Media Limited,CNY,2025,0,営業赤字; FCFマイナス; 売上CAGR; ROIC; ROIC最低値; 営業利益率; FCF転換,-0.0232,-0.186,-0.0449,-0.0716,,False,False,False,False,reported,RevenueFromContractWithCustomerExcludingAssessedTax,-0.0429,-0.2144,False,45.9,0.0
MERC,MERCER INTERNATIONAL INC.,USD,2025,0,営業赤字; FCFマイナス; 売上CAGR; ROIC; ROIC最低値; 営業利益率; FCF転換,-0.1878,-0.1878,-0.2129,0.0089,,False,False,False,False,reported,RevenueFromContractWithCustomerExcludingAssessedTax,-0.2114,-0.2114,False,11.2,0.0
IEHC,IEH Corporation,USD,2026,0,営業赤字; FCFマイナス; 売上CAGR; ROIC; ROIC最低値; 営業利益率; FCF転換,-0.0577,-0.1888,-0.0555,0.0493,,False,False,False,False,reported,Revenues,-0.0577,-0.1888,False,0.0,0.0
BB,BlackBerry Limited,USD,2026,0,営業赤字; FCFマイナス; 売上CAGR; ROIC; ROIC最低値; 営業利益率; FCF転換,0.0511,-0.1907,0.088,-0.0648,,False,False,False,False,reported,Revenues,0.0988,-0.3798,False,48.2,64.2
MGIH,Millennium Group International Holdings ,USD,2025,0,営業赤字; FCFマイナス; 売上CAGR; ROIC; ROIC最低値; 営業利益率; FCF転換,-0.1908,-0.1908,-0.2374,-0.2085,,False,False,False,False,reported,Revenues,-0.1908,-0.1908,False,0.0,0.0
NNUP,"NOCOPI TECHNOLOGIES, INC.",USD,2025,0,営業赤字; FCFマイナス; 売上CAGR; ROIC; ROIC最低値; 営業利益率; FCF転換,-0.0349,-0.1911,-0.4026,-0.0647,,False,False,False,False,reported,Revenues,-0.2317,-0.9311,False,84.9,0.0
PESI,PERMA FIX ENVIRONMENTAL SERVICES INC,USD,2025,0,営業赤字; FCFマイナス; 売上CAGR; ROIC; ROIC最低値; 営業利益率; FCF転換,-0.1782,-0.1915,-0.1903,-0.0386,,False,False,False,False,reported,RevenueFromContractWithCustomerExcludingAssessedTax,-0.1782,-0.1915,False,0.0,0.0
AWRE,"AWARE, INC.",USD,2025,0,営業赤字; FCFマイナス; 売上CAGR; ROIC; ROIC最低値; 営業利益率; FCF転換,-0.1982,-0.1982,-0.3792,0.0064,-1.8867,False,False,False,False,reported,RevenueFromContractWithCustomerIncludingAssessedTax,-0.2745,-0.4167,False,27.8,11.9
NTWK,"NETSOL TECHNOLOGIES, INC.",USD,2025,0,営業赤字; FCFマイナス; 売上CAGR; ROIC; ROIC最低値; 営業利益率; FCF転換,0.0729,-0.2022,0.053,0.0474,,False,False,False,False,reported,RevenueFromContractWithCustomerExcludingAssessedTax,0.1344,-0.3695,False,45.8,24.5
CVR,Chicago Rivet & Machine Co.,USD,2025,0,営業赤字; FCFマイナス; 売上CAGR; ROIC; ROIC最低値; 営業利益率; FCF転換,-0.0502,-0.2036,-0.0429,-0.0481,,False,False,False,False,reported,RevenueFromContractWithCustomerExcludingAssessedTax,-0.0552,-0.2284,False,9.1,0.0
KC,Kingsoft Cloud Holdings Ltd,CNY,2025,0,営業赤字; FCFマイナス; 売上CAGR; ROIC; ROIC最低値; 営業利益率; FCF転換,-0.0482,-0.2082,-0.0809,0.0135,,False,False,False,False,reported,RevenueFromContractWithCustomerExcludingAssessedTax,-0.0919,-0.3531,False,47.5,36.4
DIBS,"1stdibs.com, Inc.",USD,2025,0,営業赤字; FCFマイナス; 売上CAGR; ROIC; ROIC最低値; 営業利益率; FCF転換,-0.1601,-0.2085,-0.2116,-0.0336,,False,False,False,False,reported,RevenueFromContractWithCustomerExcludingAssessedTax,,,True,24.4,4.6
STAA,STAAR SURGICAL CO,USD,2026,0,営業赤字; FCFマイナス; 売上CAGR; ROIC; ROIC最低値; 営業利益率; FCF転換,-0.2105,-0.2105,-0.383,0.0096,,False,False,False,False,reported,Revenues,-0.4625,-0.4625,False,54.5,0.5
AVD,AMERICAN VANGUARD CORPORATION,USD,2025,0,営業赤字; FCFマイナス; 売上CAGR; ROIC; ROIC最低値; 営業利益率; FCF転換,-0.061,-0.2109,-0.0549,-0.0197,,False,False,False,False,reported,RevenueFromContractWithCustomerExcludingAssessedTax,-0.061,-0.2109,False,0.0,0.0
MCHX,MARCHEX INC,USD,2025,0,営業赤字; FCFマイナス; 売上CAGR; ROIC; ROIC最低値; 営業利益率; FCF転換,-0.1503,-0.2124,-0.126,-0.04,,False,False,False,False,reported,RevenueFromContractWithCustomerExcludingAssessedTax,-0.2245,-0.3817,False,33.0,58.4
ARQ,"ARQ, INC.",USD,2025,0,営業赤字; FCFマイナス; 売上CAGR; ROIC; ROIC最低値; 営業利益率; FCF転換,-0.213,-0.213,-0.4401,0.0466,,False,False,False,False,reported,RevenueFromContractWithCustomerIncludingAssessedTax,-0.2204,-0.2204,False,3.3,0.0
FNKO,"FUNKO, INC.",USD,2025,0,営業赤字; FCFマイナス; 売上CAGR; ROIC; ROIC最低値; 営業利益率; FCF転換,-0.0875,-0.213,-0.0501,-0.0308,,False,False,False,False,reported,RevenueFromContractWithCustomerExcludingAssessedTax,-0.0975,-0.2353,False,10.3,32.6
BLDP,Ballard Power Systems Inc.,USD,2025,0,営業赤字; FCFマイナス; 売上CAGR; ROIC; ROIC最低値; 営業利益率; FCF転換,-0.1385,-0.2152,-1.0411,-0.0125,,False,False,False,False,reported,RevenueFromContractsWithCustomers,-1.2998,-2.0974,False,89.3,0.0
AOUT,"American Outdoor Brands, Inc.",USD,2026,0,営業赤字; FCFマイナス; 売上CAGR; ROIC; ROIC最低値; 営業利益率; FCF転換,-0.0429,-0.2199,-0.0472,-0.0633,,False,False,False,False,reported,RevenueFromContractWithCustomerExcludingAssessedTax,-0.0492,-0.2433,False,12.9,0.0
IART,INTEGRA LIFESCIENCES HOLDINGS CORP,USD,2025,0,営業赤字; FCFマイナス; 売上CAGR; ROIC; ROIC最低値; 営業利益率; FCF転換,-0.2202,-0.2202,-0.3017,0.0147,,False,False,False,False,reported,RevenueFromContractWithCustomerExcludingAssessedTax,-0.2588,-0.2588,False,14.9,34.8
XNCR,"Xencor, Inc",USD,2025,0,営業赤字; FCFマイナス; 売上CAGR; ROIC; ROIC最低値; 営業利益率; FCF転換,-0.2206,-0.2206,-1.4135,-0.178,,False,False,False,False,reported,RevenueFromContractWithCustomerExcludingAssessedTax,-0.2411,-0.2411,False,8.5,0.0
PETZ,"TDH Holdings, Inc.",USD,2025,0,営業赤字; FCFマイナス; 売上CAGR; ROIC; ROIC最低値; 営業利益率; FCF転換,-0.0472,-0.2227,-1.4631,0.0372,,False,False,False,False,reported,RevenueFromContractWithCustomerExcludingAssessedTax,,,True,109.9,0.0
UZX,Linkage Global Inc,USD,2025,0,営業赤字; FCFマイナス; 売上CAGR; ROIC; ROIC最低値; 営業利益率; FCF転換,-0.2229,-0.2229,-0.9043,-0.2423,,False,False,False,False,reported,Revenues,-0.2229,-0.2229,False,0.0,0.0
MSN,EMERSON RADIO CORP,USD,2026,0,営業赤字; FCFマイナス; 売上CAGR; ROIC; ROIC最低値; 営業利益率; FCF転換,-0.2238,-0.2238,-0.7718,-0.0636,,False,False,False,False,reported,RevenueFromContractWithCustomerExcludingAssessedTax,-0.7913,-8.6693,False,71.7,0.0
ZH,Zhihu Inc.,CNY,2025,0,営業赤字; FCFマイナス; 売上CAGR; ROIC; ROIC最低値; 営業利益率; FCF転換,-0.1053,-0.2241,-0.1845,-0.0183,,False,False,False,False,reported,RevenueFromContractWithCustomerExcludingAssessedTax,,,True,110.7,0.0
YSG,Yatsen Holding Limited,CNY,2025,0,営業赤字; FCFマイナス; 売上CAGR; ROIC; ROIC最低値; 営業利益率; FCF転換,-0.0488,-0.2267,-0.0432,-0.0738,,False,False,False,False,reported,RevenueFromContractWithCustomerExcludingAssessedTax,-0.0734,-0.5089,False,33.6,5.1
CYAN,Cyanotech Corp,USD,2025,0,営業赤字; FCFマイナス; 売上CAGR; ROIC; ROIC最低値; 営業利益率; FCF転換,-0.1552,-0.2274,-0.1036,-0.0698,,False,False,False,False,reported,RevenueFromContractWithCustomerExcludingAssessedTax,-0.1583,-0.2379,False,2.0,0.0
SNTG,Sentage Holdings Inc.,USD,2025,0,営業赤字; FCFマイナス; 売上CAGR; ROIC; ROIC最低値; 営業利益率; FCF転換,-0.228,-0.228,-33.013,-0.5822,,False,False,False,False,reported,RevenueFromContractWithCustomerIncludingAssessedTax,-0.2427,-0.2427,False,6.1,0.0
NIU,Niu Technologies,CNY,2025,0,営業赤字; FCFマイナス; 売上CAGR; ROIC; ROIC最低値; 営業利益率; FCF転換,-0.077,-0.2294,-0.0205,0.0384,,False,False,False,False,reported,RevenueFromContractWithCustomerExcludingAssessedTax,,,True,109.1,0.0
MGLD,"THE MARYGOLD COMPANIES, INC.",USD,2025,0,営業赤字; FCFマイナス; 売上CAGR; ROIC; ROIC最低値; 営業利益率; FCF転換,-0.2299,-0.2299,-0.2219,-0.0676,,False,False,False,False,reported,Revenues+RevenueFromContractWithCustomerExcludingAssessedTax,-0.5205,-0.5205,False,55.8,9.6
TBI,"TrueBlue, Inc.",USD,2025,0,営業赤字; FCFマイナス; 売上CAGR; ROIC; ROIC最低値; 営業利益率; FCF転換,-0.1342,-0.2324,-0.0289,-0.0714,,False,False,False,False,reported,RevenueFromContractWithCustomerIncludingAssessedTax,-0.1473,-0.2503,False,8.9,15.5
BQ,BOQII HOLDING LIMITED,CNY,2026,0,営業赤字; FCFマイナス; 売上CAGR; ROIC; ROIC最低値; 営業利益率; FCF転換,-0.1076,-0.2337,-0.0713,-0.2284,,False,False,False,False,reported,Revenues,-0.1388,-0.4738,False,22.5,0.0
ABCL,AbCellera Biologics Inc.,USD,2025,0,営業赤字; FCFマイナス; 売上CAGR; ROIC; ROIC最低値; 営業利益率; FCF転換,-0.1774,-0.2355,-2.8898,-0.3311,,False,False,False,False,reported,RevenueFromContractWithCustomerExcludingAssessedTax,-0.2046,-0.2764,False,13.3,4.9
CTEV,Claritev Corp,USD,2025,0,営業赤字; FCFマイナス; 売上CAGR; ROIC; ROIC最低値; 営業利益率; FCF転換,0.0051,-0.2355,0.0298,-0.0359,,False,False,True,False,reported,RevenueFromContractWithCustomerExcludingAssessedTax,0.0051,-0.2363,False,0.4,54.0
CREG,SMART POWERR CORP.,USD,2025,0,営業赤字; FCFマイナス; 売上CAGR; ROIC; ROIC最低値; 営業利益率; FCF転換,-0.0166,-0.2359,-11.4876,-0.6778,,False,False,False,False,reported,Revenues,-0.0166,-0.2359,False,0.0,0.0
MXCT,"MaxCyte, Inc.",USD,2025,0,営業赤字; FCFマイナス; 売上CAGR; ROIC; ROIC最低値; 営業利益率; FCF転換,-0.2391,-0.2391,-2.4764,-0.0072,,False,False,False,False,reported,RevenueFromContractWithCustomerExcludingAssessedTax,-0.599,-1.8292,False,60.1,0.0
CYRX,"Cryoport, Inc.",USD,2025,0,営業赤字; FCFマイナス; 売上CAGR; ROIC; ROIC最低値; 営業利益率; FCF転換,-0.0578,-0.2392,-0.2089,-0.0568,,False,False,False,False,reported,Revenues,-0.318,-1.8291,False,81.8,4.5
LASR,"NLIGHT, INC.",USD,2025,0,営業赤字; FCFマイナス; 売上CAGR; ROIC; ROIC最低値; 営業利益率; FCF転換,-0.0925,-0.2396,-0.1016,-0.0083,,False,False,False,False,reported,RevenueFromContractWithCustomerExcludingAssessedTax,-0.2253,-0.448,False,58.9,5.5
CLAR,CLARUS CORPORATION,USD,2025,0,営業赤字; FCFマイナス; 売上CAGR; ROIC; ROIC最低値; 営業利益率; FCF転換,-0.2401,-0.2401,-0.2383,-0.0149,,False,False,False,False,reported,RevenueFromContractWithCustomerExcludingAssessedTax,-0.2952,-0.2952,False,18.7,0.0
LIVG,"Livento Group, Inc.",USD,2025,0,営業赤字; FCFマイナス; 売上CAGR; ROIC; ROIC最低値; 営業利益率; FCF転換,-0.2486,-0.2486,-91.968,-0.4645,,False,False,False,False,reported,RevenueFromContractWithCustomerExcludingAssessedTax,-0.2486,-0.2486,False,0.0,0.0
OST,"Ostin Technology Group Co., Ltd.",USD,2025,0,営業赤字; FCFマイナス; 売上CAGR; ROIC; ROIC最低値; 営業利益率; FCF転換,-0.2371,-0.2493,-0.2288,-0.3026,,False,False,False,False,reported,Revenues,-0.2848,-0.2848,False,16.8,0.0
ESMC,Escalon Medical Corp.,USD,2025,0,営業赤字; FCFマイナス; 売上CAGR; ROIC; ROIC最低値; 営業利益率; FCF転換,0.055,-0.2512,0.0111,0.0356,-0.4176,False,False,False,False,reported,RevenueFromContractWithCustomerIncludingAssessedTax,,,True,28.5,0.0
CULP,CULP INC,USD,2025,0,営業赤字; FCFマイナス; 売上CAGR; ROIC; ROIC最低値; 営業利益率; FCF転換,-0.2519,-0.2526,-0.0862,-0.0816,,False,False,False,False,reported,RevenueFromContractWithCustomerExcludingAssessedTax,-0.2791,-0.3303,False,9.8,0.0
VLN,Valens Semiconductor Ltd.,USD,2025,0,営業赤字; FCFマイナス; 売上CAGR; ROIC; ROIC最低値; 営業利益率; FCF転換,-0.2563,-0.2563,-0.4822,-0.0002,,False,False,False,False,reported,Revenues,-2.1719,-2.7836,False,88.2,0.0
FOSL,"Fossil Group, Inc.",USD,2026,0,営業赤字; FCFマイナス; 売上CAGR; ROIC; ROIC最低値; 営業利益率; FCF転換,-0.0489,-0.2592,-0.019,-0.1117,,False,False,False,False,reported,RevenueFromContractWithCustomerExcludingAssessedTax,-0.0711,-0.425,False,31.1,0.0
AFRI,FORAFRIC GLOBAL PLC,USD,2025,0,営業赤字; FCFマイナス; 売上CAGR; ROIC; ROIC最低値; 営業利益率; FCF転換,-0.085,-0.2658,-0.0201,-0.0938,,False,False,False,False,reported,RevenueFromContractWithCustomerExcludingAssessedTax,-0.1498,-0.5658,False,43.3,140.9
SY,So-Young International Inc.,CNY,2025,0,営業赤字; FCFマイナス; 売上CAGR; ROIC; ROIC最低値; 営業利益率; FCF転換,-0.1455,-0.2683,-0.1879,-0.026,,False,False,False,False,reported,RevenueFromContractWithCustomerIncludingAssessedTax,-0.1992,-0.3942,False,26.9,0.0
HNST,"The Honest Company, Inc.",USD,2025,0,営業赤字; FCFマイナス; 売上CAGR; ROIC; ROIC最低値; 営業利益率; FCF転換,-0.086,-0.2687,-0.0497,0.039,,False,False,False,False,reported,RevenueFromContractWithCustomerExcludingAssessedTax,-0.1821,-0.3404,False,52.8,1.3
BGLC,BioNexus Gene Lab Corp.,USD,2025,0,営業赤字; FCFマイナス; 売上CAGR; ROIC; ROIC最低値; 営業利益率; FCF転換,-0.2719,-0.2719,-0.3993,-0.1366,,False,False,False,False,reported,Revenues,-0.2719,-0.2719,False,0.0,0.0
TISI,"Team, Inc.",USD,2025,0,営業赤字; FCFマイナス; 売上CAGR; ROIC; ROIC最低値; 営業利益率; FCF転換,0.0421,-0.2751,0.0157,0.0308,,False,False,True,False,reported,RevenueFromContractWithCustomerExcludingAssessedTax,0.0452,-0.3242,False,6.9,0.0
CTRN,"CITI TRENDS, INC.",USD,2026,0,営業赤字; FCFマイナス; 売上CAGR; ROIC; ROIC最低値; 営業利益率; FCF転換,0.0262,-0.2756,0.0047,-0.0464,-0.1365,False,False,False,False,reported,Revenues,0.0262,-0.2756,False,0.0,0.0
MXL,"MaxLinear, Inc.",USD,2025,0,営業赤字; FCFマイナス; 売上CAGR; ROIC; ROIC最低値; 営業利益率; FCF転換,-0.1742,-0.276,-0.2713,-0.1492,,False,False,False,False,reported,RevenueFromContractWithCustomerExcludingAssessedTax,-0.1994,-0.3389,False,12.7,55.4
TOFB,Tofutti Brands Inc.,USD,2025,0,営業赤字; FCFマイナス; 売上CAGR; ROIC; ROIC最低値; 営業利益率; FCF転換,-0.2766,-0.2766,-0.0994,-0.1338,,False,False,False,False,reported,RevenueFromContractWithCustomerExcludingAssessedTax,-0.2766,-0.2766,False,0.0,0.0
ECIA,"ENCISION, INC.",USD,2025,0,営業赤字; FCFマイナス; 売上CAGR; ROIC; ROIC最低値; 営業利益率; FCF転換,-0.0823,-0.2771,-0.0262,-0.0343,,False,False,False,False,reported,Revenues,-0.0975,-0.2837,False,15.6,0.0
CMLS,Cumulus Media Inc,USD,2025,0,営業赤字; FCFマイナス; 売上CAGR; ROIC; ROIC最低値; 営業利益率; FCF転換,-0.2168,-0.2801,-0.1862,-0.0515,,False,False,True,False,reported,RevenueFromContractWithCustomerExcludingAssessedTax,-0.259,-0.3093,False,16.3,0.0
ORMP,ORAMED PHARMACEUTICALS INC.,USD,2025,0,営業赤字; FCFマイナス; 売上CAGR; ROIC; ROIC最低値; 営業利益率; FCF転換,-0.0597,-0.2825,-7.544,-0.0731,,False,False,False,False,reported,Revenues,-0.0803,-2.2996,False,25.7,0.0
CRSP,CRISPR THERAPEUTICS AG,USD,2025,0,営業赤字; FCFマイナス; 売上CAGR; ROIC; ROIC最低値; 営業利益率; FCF転換,-0.2732,-0.2836,-189.3365,-0.7511,,False,False,False,False,reported,RevenueFromContractWithCustomerExcludingAssessedTax,,,True,102.8,0.0
PTCHF,PURETECH HEALTH PLC,USD,2024,0,営業赤字; FCFマイナス; 売上CAGR; ROIC; ROIC最低値; 営業利益率; FCF転換,-0.2593,-0.2882,-28.1887,-0.1997,,False,False,False,False,reported,Revenue,-0.802,-0.9289,False,67.7,0.0
UONE,"URBAN ONE, INC.",USD,2025,0,営業赤字; FCFマイナス; 売上CAGR; ROIC; ROIC最低値; 営業利益率; FCF転換,-0.2894,-0.2894,-0.4544,-0.0397,,False,False,False,False,reported,RevenueFromContractWithCustomerIncludingAssessedTax,-0.3063,-0.3063,False,5.5,28.5
VALN,Valneva SE,EUR,2025,0,営業赤字; FCFマイナス; 売上CAGR; ROIC; ROIC最低値; 営業利益率; FCF転換,-0.2424,-0.2919,-0.4698,-0.1584,,False,False,False,False,reported,Revenue,,,True,41.0,0.0
VRA,"VERA BRADLEY, INC.",USD,2026,0,営業赤字; FCFマイナス; 売上CAGR; ROIC; ROIC最低値; 営業利益率; FCF転換,-0.1915,-0.2981,-0.1183,-0.1596,,False,False,False,False,reported,RevenueFromContractWithCustomerExcludingAssessedTax,-0.2229,-0.366,False,14.1,0.0
SXTC,"China SXT Pharmaceuticals, Inc.",USD,2026,0,営業赤字; FCFマイナス; 売上CAGR; ROIC; ROIC最低値; 営業利益率; FCF転換,-0.1872,-0.2981,-6.2589,-0.1868,,False,False,False,False,reported,RevenueFromContractWithCustomerIncludingAssessedTax+Revenues,,,True,93.7,0.0
DAIO,Data I/O Corporation,USD,2025,0,営業赤字; FCFマイナス; 売上CAGR; ROIC; ROIC最低値; 営業利益率; FCF転換,-0.2991,-0.2991,-0.238,-0.0449,,False,False,False,False,reported,Revenues,-0.2991,-0.2991,False,0.0,0.0
STRZ,Starz Entertainment Corp.,USD,2025,0,営業赤字; FCFマイナス; 売上CAGR; ROIC; ROIC最低値; 営業利益率; FCF転換,-0.0918,-0.2999,-0.1244,-0.1956,,False,False,False,False,reported,RevenueFromContractWithCustomerExcludingAssessedTax,-0.0929,-0.3248,False,1.2,0.0
CDTG,CDT Environmental Technology Investment ,USD,2025,0,営業赤字; FCFマイナス; 売上CAGR; ROIC; ROIC最低値; 営業利益率; FCF転換,-0.3004,-0.3004,-0.6393,-0.0621,-1.0146,False,False,False,False,reported,Revenues,-0.3004,-0.3004,False,0.0,0.0
MTRX,MATRIX SERVICE CO,USD,2025,0,営業赤字; FCFマイナス; 売上CAGR; ROIC; ROIC最低値; 営業利益率; FCF転換,-0.1941,-0.3048,-0.0456,0.0338,,False,False,False,False,reported,Revenues,,,True,157.4,20.4
AIRG,"AIRGAIN, INC.",USD,2025,0,営業赤字; FCFマイナス; 売上CAGR; ROIC; ROIC最低値; 営業利益率; FCF転換,-0.2369,-0.3118,-0.1638,-0.0526,,False,False,False,False,reported,RevenueFromContractWithCustomerExcludingAssessedTax,-0.3202,-0.4163,False,26.0,38.3
VNCE,VINCE HOLDING CORP.,USD,2026,0,営業赤字; FCFマイナス; 売上CAGR; ROIC; ROIC最低値; 営業利益率; FCF転換,0.1049,-0.3128,0.0308,-0.0181,-0.0004,False,False,False,False,reported,RevenueFromContractWithCustomerExcludingAssessedTax,0.1057,-0.3181,False,0.7,0.0
IZEA,"IZEA WORLDWIDE, INC.",USD,2025,0,営業赤字; FCFマイナス; 売上CAGR; ROIC; ROIC最低値; 営業利益率; FCF転換,-0.03,-0.3151,-0.0595,0.01,,False,False,False,False,reported,RevenueFromContractWithCustomerExcludingAssessedTax,,,True,104.0,0.0
TKNO,"ALPHA TEKNOVA, INC.",USD,2025,0,営業赤字; FCFマイナス; 売上CAGR; ROIC; ROIC最低値; 営業利益率; FCF転換,-0.1638,-0.3219,-0.419,0.0237,,False,False,False,False,reported,RevenueFromContractWithCustomerExcludingAssessedTax,-0.2215,-0.4927,False,26.1,0.0
YHGJ,YUNHONG GREEN CTI LTD.,USD,2025,0,営業赤字; FCFマイナス; 売上CAGR; ROIC; ROIC最低値; 営業利益率; FCF転換,-0.1893,-0.3222,-0.104,-0.0489,,False,False,False,False,reported,RevenueFromContractWithCustomerIncludingAssessedTax,-0.1915,-0.3403,False,1.1,0.0
KYMR,"KYMERA THERAPEUTICS, INC.",USD,2025,0,営業赤字; FCFマイナス; 売上CAGR; ROIC; ROIC最低値; 営業利益率; FCF転換,-0.1747,-0.3311,-8.9107,-0.1434,-0.9234,False,False,False,False,reported,RevenueFromContractWithCustomerExcludingAssessedTax,-0.3774,-6.5091,False,53.7,0.0
WOOF,"Petco Health and Wellness Company, Inc.",USD,2026,0,営業赤字; FCFマイナス; 売上CAGR; ROIC; ROIC最低値; 営業利益率; FCF転換,0.0359,-0.3378,0.0202,0.0066,,False,False,False,False,reported,RevenueFromContractWithCustomerExcludingAssessedTax,0.0397,-0.3538,False,9.7,36.9
COOK,"Traeger, Inc",USD,2025,0,営業赤字; FCFマイナス; 売上CAGR; ROIC; ROIC最低値; 営業利益率; FCF転換,-0.1353,-0.3402,-0.1747,-0.0813,,False,False,False,False,reported,RevenueFromContractWithCustomerExcludingAssessedTax,-0.1401,-0.3576,False,3.4,0.0
GGR,GOGORO INC.,USD,2025,0,営業赤字; FCFマイナス; 売上CAGR; ROIC; ROIC最低値; 営業利益率; FCF転換,-0.1234,-0.3465,-0.2603,-0.0635,,False,False,False,False,reported,RevenueFromContractsWithCustomers,-0.1452,-0.5308,False,15.0,0.0
TLS,Telos Corporation,USD,2025,0,営業赤字; FCFマイナス; 売上CAGR; ROIC; ROIC最低値; 営業利益率; FCF転換,-0.3284,-0.3472,-0.242,-0.092,,False,False,False,False,reported,RevenueFromContractWithCustomerExcludingAssessedTax,-0.7366,-0.8019,False,55.4,3.1
AKA,a.k.a. Brands Holding Corp.,USD,2025,0,営業赤字; FCFマイナス; 売上CAGR; ROIC; ROIC最低値; 営業利益率; FCF転換,-0.0683,-0.3478,-0.0301,0.0165,,False,False,False,False,reported,RevenueFromContractWithCustomerExcludingAssessedTax,-0.0756,-0.3946,False,9.7,44.9
ENZN,"Viskase Holdings, Inc.",USD,2024,0,営業赤字; FCFマイナス; 売上CAGR; ROIC; ROIC最低値; 営業利益率; FCF転換,-0.3485,-0.3485,-51.0385,-0.4047,,False,False,False,False,reported,Revenues,,,True,1557.8,0.0
TGEN,TECOGEN INC.,USD,2025,0,営業赤字; FCFマイナス; 売上CAGR; ROIC; ROIC最低値; 営業利益率; FCF転換,-0.3009,-0.3501,-0.3045,0.0264,,False,False,False,False,reported,RevenueFromContractWithCustomerExcludingAssessedTax,-0.7068,-0.7424,False,57.4,5.8
FAMI,"FARMMI, INC.",USD,2025,0,営業赤字; FCFマイナス; 売上CAGR; ROIC; ROIC最低値; 営業利益率; FCF転換,-0.352,-0.352,-2.0062,-0.0814,,False,False,False,False,reported,Revenues,-0.352,-0.352,False,0.0,0.0
LITE,Lumentum Holdings Inc.,USD,2025,0,営業赤字; FCFマイナス; 売上CAGR; ROIC; ROIC最低値; 営業利益率; FCF転換,-0.1254,-0.3582,-0.1095,-0.0143,,False,False,False,False,reported,RevenueFromContractWithCustomerIncludingAssessedTax,,,True,77.3,93.5
VNDA,VANDA PHARMACEUTICALS INC.,USD,2025,0,営業赤字; FCFマイナス; 売上CAGR; ROIC; ROIC最低値; 営業利益率; FCF転換,-0.365,-0.365,-0.6995,-0.053,,False,False,False,False,reported,RevenueFromContractWithCustomerExcludingAssessedTax,-0.4928,-0.4928,False,25.9,0.0
RGS,Regis Corp,USD,2025,0,営業赤字; FCFマイナス; 売上CAGR; ROIC; ROIC最低値; 営業利益率; FCF転換,0.0533,-0.3667,0.0949,-0.1547,-19.1511,False,False,True,False,reported,Revenues,0.0566,-0.4048,False,5.7,62.1
HIHO,HIGHWAY HOLDINGS LIMITED,USD,2026,0,営業赤字; FCFマイナス; 売上CAGR; ROIC; ROIC最低値; 営業利益率; FCF転換,-0.3726,-0.3726,-0.4801,-0.2105,,False,False,False,False,reported,Revenues,-3.7734,-29.2839,False,90.1,0.0
CNVS,Cineverse Corp.,USD,2026,0,営業赤字; FCFマイナス; 売上CAGR; ROIC; ROIC最低値; 営業利益率; FCF転換,-0.2701,-0.3728,-0.2306,0.0406,,False,False,False,False,reported,RevenueFromContractWithCustomerExcludingAssessedTax,-0.2925,-0.4413,False,7.6,47.9
LXEH,"Lixiang Education Holding Co., Ltd.",CNY,2025,0,営業赤字; FCFマイナス; 売上CAGR; ROIC; ROIC最低値; 営業利益率; FCF転換,-0.1212,-0.3732,-1.18,-0.0273,,False,False,False,False,reported,Revenues,,,True,5.4,0.0
NCPL,NETCAPITAL INC.,USD,2025,0,営業赤字; FCFマイナス; 売上CAGR; ROIC; ROIC最低値; 営業利益率; FCF転換,-0.3737,-0.3737,-9.5707,-0.3449,,False,False,False,False,reported,Revenues,-0.3737,-0.3737,False,0.0,0.0
TUSK,"Mammoth Energy Services, Inc.",USD,2025,0,営業赤字; FCFマイナス; 売上CAGR; ROIC; ROIC最低値; 営業利益率; FCF転換,-0.1757,-0.3761,-1.2967,-0.3368,,False,False,False,False,reported,Revenues,-0.332,-0.4953,False,47.1,0.0
UEIC,UNIVERSAL ELECTRONICS INC.,USD,2025,0,営業赤字; FCFマイナス; 売上CAGR; ROIC; ROIC最低値; 営業利益率; FCF転換,-0.0346,-0.3766,-0.0174,-0.1155,,False,False,False,False,reported,RevenueFromContractWithCustomerExcludingAssessedTax,-0.0444,-0.4949,False,22.1,0.0
IQ,"iQIYI, Inc.",CNY,2025,0,営業赤字; FCFマイナス; 売上CAGR; ROIC; ROIC最低値; 営業利益率; FCF転換,0.0115,-0.3767,0.0084,-0.0278,,False,False,False,False,reported,RevenueFromContractWithCustomerExcludingAssessedTax,0.0163,-0.701,False,29.5,24.2
OESX,"Orion Energy Systems, Inc.",USD,2026,0,営業赤字; FCFマイナス; 売上CAGR; ROIC; ROIC最低値; 営業利益率; FCF転換,-0.0574,-0.3769,-0.019,-0.0873,,False,False,False,False,reported,Revenues,-0.0671,-0.5156,False,14.4,6.6
JWEL,Jowell Global Ltd.,USD,2025,0,営業赤字; FCFマイナス; 売上CAGR; ROIC; ROIC最低値; 営業利益率; FCF転換,-0.3463,-0.3778,-0.0304,-0.0088,,False,False,False,False,reported,Revenues,-0.3463,-0.3778,False,0.0,0.0
FLWS,1 800 FLOWERS COM INC,USD,2025,0,営業赤字; FCFマイナス; 売上CAGR; ROIC; ROIC最低値; 営業利益率; FCF転換,-0.3816,-0.3816,-0.1215,-0.056,,False,False,False,False,reported,RevenueFromContractWithCustomerExcludingAssessedTax,-0.4286,-0.4286,False,11.0,8.9
TLYS,"TILLY'S, INC.",USD,2026,0,営業赤字; FCFマイナス; 売上CAGR; ROIC; ROIC最低値; 営業利益率; FCF転換,-0.1794,-0.3904,-0.0349,-0.0809,,False,False,False,False,reported,RevenueFromContractWithCustomerIncludingAssessedTax,-0.3935,-0.7271,False,54.4,0.0
QH,QUHUO Ltd,CNY,2025,0,営業赤字; FCFマイナス; 売上CAGR; ROIC; ROIC最低値; 営業利益率; FCF転換,-0.3962,-0.3962,-0.0705,-0.11,,False,False,False,False,reported,RevenueFromContractWithCustomerExcludingAssessedTax,-0.4442,-0.4442,False,10.8,18.4
RXT,"RACKSPACE TECHNOLOGY, INC.",USD,2025,0,営業赤字; FCFマイナス; 売上CAGR; ROIC; ROIC最低値; 営業利益率; FCF転換,-0.0521,-0.4032,-0.0375,-0.0281,,False,False,True,False,reported,RevenueFromContractWithCustomerExcludingAssessedTax,-0.056,-0.4386,False,6.9,48.5
KORE,"KORE Group Holdings, Inc.",USD,2025,0,営業赤字; FCFマイナス; 売上CAGR; ROIC; ROIC最低値; 営業利益率; FCF転換,-0.074,-0.4103,-0.0437,0.0358,,False,False,True,False,reported,RevenueFromContractWithCustomerExcludingAssessedTax,-0.0926,-0.4549,False,20.1,171.7
SOS,SOS Limited,USD,2025,0,営業赤字; FCFマイナス; 売上CAGR; ROIC; ROIC最低値; 営業利益率; FCF転換,-0.1841,-0.4146,-0.639,-0.1465,,False,False,False,False,reported,Revenues,-0.1855,-1.1354,False,0.8,0.0
ASYS,AMTECH SYSTEMS INC,USD,2025,0,営業赤字; FCFマイナス; 売上CAGR; ROIC; ROIC最低値; 営業利益率; FCF転換,-0.4193,-0.4193,-0.359,-0.0176,,False,False,False,False,reported,Revenues,-0.6291,-0.6291,False,33.4,1.7
CGNT,Cognyte Software Ltd.,USD,2026,0,営業赤字; FCFマイナス; 売上CAGR; ROIC; ROIC最低値; 営業利益率; FCF転換,0.0507,-0.4205,0.0331,-0.0415,,False,False,False,False,reported,RevenueFromContractWithCustomerExcludingAssessedTax,0.1168,-0.5747,False,56.6,61.3
INGN,Inogen Inc,USD,2025,0,営業赤字; FCFマイナス; 売上CAGR; ROIC; ROIC最低値; 営業利益率; FCF転換,-0.1241,-0.4219,-0.1023,-0.0134,-0.1686,False,False,False,False,reported,RevenueFromContractWithCustomerExcludingAssessedTax,-0.3285,-1.132,False,62.2,5.6
MFI,mF International Limited,HKD,2025,0,営業赤字; FCFマイナス; 売上CAGR; ROIC; ROIC最低値; 営業利益率; FCF転換,-0.0096,-0.4261,-1.4366,0.0123,-0.0141,False,False,False,False,reported,RevenueFromContractWithCustomerExcludingAssessedTax+Revenues,-0.0096,-0.4261,False,0.0,0.0
CLDX,"Celldex Therapeutics, Inc.",USD,2025,0,営業赤字; FCFマイナス; 売上CAGR; ROIC; ROIC最低値; 営業利益率; FCF転換,-0.4306,-0.4306,-185.9981,-0.2408,,False,False,False,False,reported,RevenueFromContractWithCustomerExcludingAssessedTax,-26.4222,-26.4222,False,98.4,0.0
RRGB,"RED ROBIN GOURMET BURGERS, INC.",USD,2025,0,営業赤字; FCFマイナス; 売上CAGR; ROIC; ROIC最低値; 営業利益率; FCF転換,0.0377,-0.4307,0.0023,0.0103,,False,False,True,False,reported,RevenueFromContractWithCustomerExcludingAssessedTax,0.0573,-0.6285,False,34.1,0.0
NEGG,"Newegg Commerce, Inc.",USD,2025,0,営業赤字; FCFマイナス; 売上CAGR; ROIC; ROIC最低値; 営業利益率; FCF転換,-0.0469,-0.434,-0.0066,-0.117,,False,False,False,False,reported,RevenueFromContractWithCustomerIncludingAssessedTax,-0.1425,-4.14,False,67.1,0.0
BARK,"BARK, INC.",USD,2026,0,営業赤字; FCFマイナス; 売上CAGR; ROIC; ROIC最低値; 営業利益率; FCF転換,-0.4407,-0.4407,-0.1018,-0.0608,,False,False,False,False,reported,RevenueFromContractWithCustomerExcludingAssessedTax,-0.6019,-5.0449,False,26.8,0.0
CCCC,"C4 Therapeutics, Inc.",USD,2025,0,営業赤字; FCFマイナス; 売上CAGR; ROIC; ROIC最低値; 営業利益率; FCF転換,-0.3548,-0.4463,-3.2053,-0.0587,,False,False,False,False,reported,RevenueFromContractWithCustomerExcludingAssessedTax,-0.5002,-0.9189,False,29.1,0.0
GSIT,"GSI Technology, Inc.",USD,2026,0,営業赤字; FCFマイナス; 売上CAGR; ROIC; ROIC最低値; 営業利益率; FCF転換,-0.1689,-0.4487,-0.6957,-0.0686,,False,False,False,False,reported,RevenueFromContractWithCustomerExcludingAssessedTax,-0.949,-0.949,False,82.2,9.8
LPTH,LIGHTPATH TECHNOLOGIES INC,USD,2025,0,営業赤字; FCFマイナス; 売上CAGR; ROIC; ROIC最低値; 営業利益率; FCF転換,-0.4567,-0.4567,-0.3178,-0.0083,,False,False,False,False,reported,Revenues,-0.4567,-0.4567,False,0.0,67.3
MNTR,"Mentor     Capital, Inc.",USD,2025,0,営業赤字; FCFマイナス; 売上CAGR; ROIC; ROIC最低値; 営業利益率; FCF転換,-0.2136,-0.4578,-3.7565,-0.5569,,False,False,False,False,reported,Revenues,-0.2517,-0.593,False,15.2,0.0
WORX,SCWORX CORP.,USD,2025,0,営業赤字; FCFマイナス; 売上CAGR; ROIC; ROIC最低値; 営業利益率; FCF転換,-0.1059,-0.4705,-0.3332,-0.1122,,False,False,False,False,reported,Revenues,-0.1059,-0.4705,False,0.0,81.7
GRNQ,Greenpro Capital Corp.,USD,2025,0,営業赤字; FCFマイナス; 売上CAGR; ROIC; ROIC最低値; 営業利益率; FCF転換,-0.4785,-0.4785,-1.038,-0.0843,,False,False,False,False,reported,RevenueFromContractWithCustomerExcludingAssessedTax,-0.583,-0.583,False,17.9,0.0
GOCOQ,"GoHealth, Inc.",USD,2025,0,営業赤字; FCFマイナス; 売上CAGR; ROIC; ROIC最低値; 営業利益率; FCF転換,-0.4835,-0.4835,-1.1411,-0.2361,,False,False,False,False,reported,RevenueFromContractWithCustomerIncludingAssessedTax,-0.5083,-0.5083,False,4.9,0.0
CURI,CURIOSITYSTREAM INC.,USD,2025,0,営業赤字; FCFマイナス; 売上CAGR; ROIC; ROIC最低値; 営業利益率; FCF転換,-0.1391,-0.4836,-0.1019,0.0014,,False,False,False,False,reported,RevenueFromContractWithCustomerExcludingAssessedTax+Revenues,-0.4063,-1.0058,False,65.8,0.0
SBDS,"Solo Brands, Inc.",USD,2025,0,営業赤字; FCFマイナス; 売上CAGR; ROIC; ROIC最低値; 営業利益率; FCF転換,-0.3112,-0.4851,-0.3585,-0.059,,False,False,False,False,reported,RevenueFromContractWithCustomerExcludingAssessedTax,-0.3345,-0.5064,False,7.0,25.4
BZFD,"BuzzFeed, Inc.",USD,2025,0,営業赤字; FCFマイナス; 売上CAGR; ROIC; ROIC最低値; 営業利益率; FCF転換,-0.4899,-0.4899,-0.2585,-0.1665,,False,False,False,False,reported,RevenueFromContractWithCustomerExcludingAssessedTax,-0.5502,-0.5502,False,11.0,17.0
RAASY,Cloopen Group Holding Ltd,CNY,2025,0,営業赤字; FCFマイナス; 売上CAGR; ROIC; ROIC最低値; 営業利益率; FCF転換,-0.2307,-0.4923,-0.4586,-0.0815,,False,False,False,False,reported,RevenueFromContractWithCustomerExcludingAssessedTax,-1.2321,-1.2324,False,81.3,6.5
VIR,"Vir Biotechnology, Inc.",USD,2025,0,営業赤字; FCFマイナス; 売上CAGR; ROIC; ROIC最低値; 営業利益率; FCF転換,-0.4948,-0.4948,-6.9918,-0.4998,,False,False,False,False,reported,Revenues,,,True,60.2,2.2
CMTL,COMTECH TELECOMMUNICATIONS CORP /DE/,USD,2025,0,営業赤字; FCFマイナス; 売上CAGR; ROIC; ROIC最低値; 営業利益率; FCF転換,-0.5021,-0.5021,-0.2785,-0.0374,,False,False,False,False,reported,Revenues,-0.6145,-0.6145,False,18.3,93.5
MSTR,STRATEGY INC,USD,2025,0,営業赤字; FCFマイナス; 売上CAGR; ROIC; ROIC最低値; 営業利益率; FCF転換,-0.0822,-0.505,-11.4082,-0.0168,,False,False,True,False,reported,RevenueFromContractWithCustomerExcludingAssessedTax,-0.086,-0.5163,False,4.4,0.0
ABSI,ABSCI CORP,USD,2025,0,営業赤字; FCFマイナス; 売上CAGR; ROIC; ROIC最低値; 営業利益率; FCF転換,-0.5017,-0.518,-42.9704,-0.0858,,False,False,False,False,reported,RevenueFromContractWithCustomerIncludingAssessedTax,-2.1049,-2.1049,False,76.2,0.0
KRKR,36Kr Holdings Inc.,CNY,2025,0,営業赤字; FCFマイナス; 売上CAGR; ROIC; ROIC最低値; 営業利益率; FCF転換,0.0614,-0.5206,0.044,-0.079,,False,False,False,False,reported,RevenueFromContractWithCustomerExcludingAssessedTax,0.3223,-2.336,False,80.9,0.0
EBS,EMERGENT BIOSOLUTIONS INC.,USD,2025,0,営業赤字; FCFマイナス; 売上CAGR; ROIC; ROIC最低値; 営業利益率; FCF転換,0.0722,-0.5237,0.1347,-0.1955,,False,False,False,False,reported,Revenues,0.0889,-0.5831,False,18.8,0.0
OM,"Outset Medical, Inc.",USD,2025,0,営業赤字; FCFマイナス; 売上CAGR; ROIC; ROIC最低値; 営業利益率; FCF転換,-0.2361,-0.5301,-0.5583,0.0388,,False,False,False,False,reported,RevenueFromContractWithCustomerExcludingAssessedTax,-0.9715,-2.6999,False,75.7,0.0
EVOH,EvoAir Holdings Inc.,USD,2025,0,営業赤字; FCFマイナス; 売上CAGR; ROIC; ROIC最低値; 営業利益率; FCF転換,-0.279,-0.5321,-52.6573,-0.2215,,False,False,False,False,reported,RevenueFromContractWithCustomerIncludingAssessedTax,,,True,0.2,0.0
ZVIA,Zevia PBC,USD,2025,0,営業赤字; FCFマイナス; 売上CAGR; ROIC; ROIC最低値; 営業利益率; FCF転換,-0.1825,-0.5376,-0.0731,0.0394,,False,False,False,False,reported,RevenueFromContractWithCustomerExcludingAssessedTax,-0.1825,-0.7013,False,0.0,0.0
HOLO,MicroCloud Hologram Inc.,CNY,2025,0,営業赤字; FCFマイナス; 売上CAGR; ROIC; ROIC最低値; 営業利益率; FCF転換,0.0008,-0.5559,0.0065,0.03,,False,False,False,False,reported,Revenues,,,True,101.9,0.0
ITHUF,"IANTHUS CAPITAL HOLDINGS, INC.",USD,2025,0,営業赤字; FCFマイナス; 売上CAGR; ROIC; ROIC最低値; 営業利益率; FCF転換,-0.1339,-0.5612,-0.1071,-0.0823,,False,False,True,False,reported,Revenues,-0.1339,-0.5612,False,0.0,1.7
KLTR,"Kaltura, Inc.",USD,2025,0,営業赤字; FCFマイナス; 売上CAGR; ROIC; ROIC最低値; 営業利益率; FCF転換,-0.1109,-0.5628,-0.0274,0.0232,,False,False,False,False,reported,RevenueFromContractWithCustomerExcludingAssessedTax,,,True,146.7,71.9
FATE,"FATE THERAPEUTICS, INC.",USD,2025,0,営業赤字; FCFマイナス; 売上CAGR; ROIC; ROIC最低値; 営業利益率; FCF転換,-0.5632,-0.5632,-22.2245,-0.4127,,False,False,False,False,reported,RevenueFromContractWithCustomerExcludingAssessedTax,-33.0837,-33.0837,False,98.3,0.0
SFIX,"STITCH FIX, INC.",USD,2025,0,営業赤字; FCFマイナス; 売上CAGR; ROIC; ROIC最低値; 営業利益率; FCF転換,-0.1514,-0.5636,-0.0307,-0.1188,,False,False,False,False,reported,RevenueFromContractWithCustomerExcludingAssessedTax,,,True,115.7,0.0
DDD,3D SYSTEMS CORP,USD,2025,0,営業赤字; FCFマイナス; 売上CAGR; ROIC; ROIC最低値; 営業利益率; FCF転換,-0.2323,-0.5645,-0.2483,-0.1096,,False,False,False,False,reported,RevenueFromContractWithCustomerExcludingAssessedTax,-0.3284,-1.0105,False,29.3,4.8
ATXG,ADDENTAX GROUP CORP.,USD,2026,0,営業赤字; FCFマイナス; 売上CAGR; ROIC; ROIC最低値; 営業利益率; FCF転換,-0.0537,-0.5649,-0.2847,-0.1934,,False,False,True,False,reported,RevenueFromContractWithCustomerExcludingAssessedTax,,,True,2.6,0.0
FWDI,"FORWARD INDUSTRIES, INC.",USD,2025,0,営業赤字; FCFマイナス; 売上CAGR; ROIC; ROIC最低値; 営業利益率; FCF転換,-0.0045,-0.5728,-0.4614,-0.1737,,False,False,False,False,reported,Revenues,-0.0045,-0.5728,False,0.0,0.0
RDGT,"Ridgetech, Inc.",USD,2025,0,営業赤字; FCFマイナス; 売上CAGR; ROIC; ROIC最低値; 営業利益率; FCF転換,-0.0276,-0.5772,-0.0086,-0.0257,,False,False,False,False,reported,Revenues,,,True,43.1,0.0
MNOV,"MEDICINOVA, INC.",USD,2025,0,営業赤字; FCFマイナス; 売上CAGR; ROIC; ROIC最低値; 営業利益率; FCF転換,-0.2523,-0.5811,-32.4247,-0.1548,,False,False,False,False,reported,RevenueFromContractWithCustomerExcludingAssessedTax+SalesRev,-0.9734,-0.9734,False,74.1,23.1
RCUS,"Arcus Biosciences, Inc.",USD,2025,0,営業赤字; FCFマイナス; 売上CAGR; ROIC; ROIC最低値; 営業利益率; FCF転換,-0.4833,-0.5814,-11.697,-0.4582,,False,False,False,False,reported,RevenueFromContractWithCustomerExcludingAssessedTax,,,True,155.5,0.0
XELB,"XCEL BRANDS, INC.",USD,2025,0,営業赤字; FCFマイナス; 売上CAGR; ROIC; ROIC最低値; 営業利益率; FCF転換,-0.582,-0.582,-2.6789,-0.3993,,False,False,False,False,reported,RevenueFromContractWithCustomerIncludingAssessedTax,-0.6218,-0.6218,False,6.4,0.0
DRTTF,DIRTT ENVIRONMENTAL SOLUTIONS LTD,USD,2025,0,営業赤字; FCFマイナス; 売上CAGR; ROIC; ROIC最低値; 営業利益率; FCF転換,-0.3106,-0.5822,-0.067,0.0342,,False,False,False,False,reported,Revenues,-1.0596,-1.0596,False,70.7,0.0
ZCMD,Zhongchao Inc.,USD,2025,0,営業赤字; FCFマイナス; 売上CAGR; ROIC; ROIC最低値; 営業利益率; FCF転換,-0.2625,-0.5828,-0.5443,-0.086,,False,False,False,False,reported,Revenues,-1.0389,-2.3012,False,74.7,0.0
VEEE,TWIN VEE POWERCATS CO.,USD,2025,0,営業赤字; FCFマイナス; 売上CAGR; ROIC; ROIC最低値; 営業利益率; FCF転換,-0.4967,-0.5831,-0.5926,-0.0155,,False,False,False,False,reported,Revenues,-0.5534,-3.1045,False,10.2,0.0
WW,"WW INTERNATIONAL, INC.",USD,2024,0,営業赤字; FCFマイナス; 売上CAGR; ROIC; ROIC最低値; 営業利益率; FCF転換,-0.59,-0.59,-0.3006,-0.1365,,False,False,True,False,reported,RevenueFromContractWithCustomerExcludingAssessedTax,-0.7089,-0.7089,False,16.8,75.8
SCKT,"SOCKET MOBILE, INC.",USD,2025,0,営業赤字; FCFマイナス; 売上CAGR; ROIC; ROIC最低値; 営業利益率; FCF転換,-0.5943,-0.5943,-0.2135,-0.1021,,False,False,False,False,reported,Revenues,-1.132,-1.132,False,47.5,0.0
COSM,COSMOS HEALTH INC.,USD,2025,0,営業赤字; FCFマイナス; 売上CAGR; ROIC; ROIC最低値; 営業利益率; FCF転換,-0.5944,-0.5944,-0.2559,0.0379,,False,False,False,False,reported,Revenues,-0.5956,-0.5956,False,0.2,0.2
MLGO,MicroAlgo Inc.,CNY,2025,0,営業赤字; FCFマイナス; 売上CAGR; ROIC; ROIC最低値; 営業利益率; FCF転換,0.0075,-0.5956,0.053,-0.0522,,False,False,False,False,reported,RevenueFromContractWithCustomerExcludingAssessedTax,0.0146,-0.6313,False,48.4,0.0
SLGL,Sol-Gel Technologies Ltd.,USD,2025,0,営業赤字; FCFマイナス; 売上CAGR; ROIC; ROIC最低値; 営業利益率; FCF転換,-0.2611,-0.5991,-0.3888,-0.1127,,False,False,False,False,reported,Revenues,,,True,105.2,0.0
QVCAQ,"QVC GROUP, INC.",USD,2025,0,営業赤字; FCFマイナス; 売上CAGR; ROIC; ROIC最低値; 営業利益率; FCF転換,-0.5994,-0.5994,-0.2273,-0.0996,,False,False,True,False,reported,RevenueFromContractWithCustomerExcludingAssessedTax,-2.0901,-2.0901,False,71.3,28.9
AI,"C3.ai, Inc.",USD,2026,0,営業赤字; FCFマイナス; 売上CAGR; ROIC; ROIC最低値; 営業利益率; FCF転換,-0.6024,-0.6024,-1.9919,-0.0025,,False,False,False,False,reported,RevenueFromContractWithCustomerExcludingAssessedTax,-5.0294,-5.285,False,88.0,0.1
FIRY,SKILLZ INC.,USD,2025,0,営業赤字; FCFマイナス; 売上CAGR; ROIC; ROIC最低値; 営業利益率; FCF転換,-0.4516,-0.6039,-0.6117,-0.2759,,False,False,False,False,reported,RevenueFromContractWithCustomerExcludingAssessedTax,,,True,174.0,0.0
PRTA,PROTHENA CORPORATION PUBLIC LIMITED COMP,USD,2025,0,営業赤字; FCFマイナス; 売上CAGR; ROIC; ROIC最低値; 営業利益率; FCF転換,-0.6046,-0.6046,-22.1644,-0.5312,,False,False,False,False,reported,RevenueFromContractWithCustomerExcludingAssessedTax,,,True,109.6,0.0
SERA,"SERA PROGNOSTICS, INC.",USD,2025,0,営業赤字; FCFマイナス; 売上CAGR; ROIC; ROIC最低値; 営業利益率; FCF転換,-0.3824,-0.6054,-450.6667,-0.0031,,False,False,False,False,reported,RevenueFromContractWithCustomerExcludingAssessedTax,-0.7965,-18.4695,False,52.0,0.0
GRWG,GROWGENERATION CORP.,USD,2025,0,営業赤字; FCFマイナス; 売上CAGR; ROIC; ROIC最低値; 営業利益率; FCF転換,-0.2073,-0.6129,-0.1582,-0.2134,,False,False,False,False,reported,RevenueFromContractWithCustomerExcludingAssessedTax,-0.393,-0.9179,False,47.2,2.1
CCM,Concord Medical Services Holdings Ltd,CNY,2025,0,営業赤字; FCFマイナス; 売上CAGR; ROIC; ROIC最低値; 営業利益率; FCF転換,-0.2262,-0.6151,-0.5756,0.0062,,False,False,True,False,reported,RevenueFromContractWithCustomerExcludingAssessedTax,-0.3357,-0.9437,False,32.6,62.7
UOKAF,MDJM LTD,USD,2025,0,営業赤字; FCFマイナス; 売上CAGR; ROIC; ROIC最低値; 営業利益率; FCF転換,-0.2172,-0.6154,-13.0525,-0.6236,,False,False,False,False,reported,RevenueFromContractWithCustomerIncludingAssessedTax,-0.26,-1.2559,False,16.5,0.0
INDO,Indonesia Energy Corporation Limited,USD,2025,0,営業赤字; FCFマイナス; 売上CAGR; ROIC; ROIC最低値; 営業利益率; FCF転換,-0.184,-0.6164,-2.2749,-0.0482,,False,False,False,False,reported,RevenueFromContractWithCustomerExcludingAssessedTax,-0.184,-0.6164,False,0.0,0.0
JG,Aurora Mobile Limited,CNY,2025,0,営業赤字; FCFマイナス; 売上CAGR; ROIC; ROIC最低値; 営業利益率; FCF転換,0.0085,-0.6243,0.0019,0.012,,False,False,False,False,reported,RevenueFromContractWithCustomerExcludingAssessedTax,,,True,263.0,57.4
MYGN,"MYRIAD GENETICS, INC.",USD,2025,0,営業赤字; FCFマイナス; 売上CAGR; ROIC; ROIC最低値; 営業利益率; FCF転換,-0.6269,-0.6269,-0.4696,0.0453,,False,False,False,False,reported,RevenueFromContractWithCustomerExcludingAssessedTax,-0.9042,-0.9042,False,30.7,10.6
BOXL,BOXLIGHT CORPORATION,USD,2025,0,営業赤字; FCFマイナス; 売上CAGR; ROIC; ROIC最低値; 営業利益率; FCF転換,-0.3653,-0.6342,-0.1499,-0.1236,,False,False,True,False,reported,RevenueFromContractWithCustomerExcludingAssessedTax,-0.4968,-0.9468,False,26.5,0.0
BYND,"BEYOND MEAT, INC.",USD,2025,0,営業赤字; FCFマイナス; 売上CAGR; ROIC; ROIC最低値; 営業利益率; FCF転換,-0.6355,-0.6355,-1.211,-0.1225,,False,False,True,False,reported,RevenueFromContractWithCustomerExcludingAssessedTax,-1.25,-1.25,False,49.2,0.0
BLIN,"Bridgeline Digital, Inc.",USD,2025,0,営業赤字; FCFマイナス; 売上CAGR; ROIC; ROIC最低値; 営業利益率; FCF転換,-0.1938,-0.6441,-0.1578,0.0378,,False,False,False,False,reported,RevenueFromContractWithCustomerExcludingAssessedTax,-0.2319,-0.8007,False,16.4,85.6
ROIV,ROIVANT SCIENCES LTD.,USD,2026,0,営業赤字; FCFマイナス; 売上CAGR; ROIC; ROIC最低値; 営業利益率; FCF転換,-0.0899,-0.6444,-62.3569,-0.3783,-1.9381,False,False,False,False,reported,RevenueFromContractWithCustomerExcludingAssessedTax,,,True,94.8,0.0
WIMI,WiMi Hologram Cloud Inc.,CNY,2025,0,営業赤字; FCFマイナス; 売上CAGR; ROIC; ROIC最低値; 営業利益率; FCF転換,-0.0138,-0.6474,-0.0915,-0.18,,False,False,False,False,reported,Revenues,,,True,152.9,0.0
CPHI,"CHINA PHARMA HOLDINGS, INC.",USD,2025,0,営業赤字; FCFマイナス; 売上CAGR; ROIC; ROIC最低値; 営業利益率; FCF転換,-0.1125,-0.6535,-0.7816,-0.1903,,False,False,False,False,reported,Revenues,-0.1143,-1.9501,False,1.5,0.0
LIQT,"LiqTech International, Inc.",USD,2025,0,営業赤字; FCFマイナス; 売上CAGR; ROIC; ROIC最低値; 営業利益率; FCF転換,-0.6291,-0.6609,-0.5033,-0.0251,,False,False,False,False,reported,RevenueFromContractWithCustomerIncludingAssessedTax,-0.6291,-0.6609,False,0.0,2.4
ADAG,Adagene Inc.,USD,2025,0,営業赤字; FCFマイナス; 売上CAGR; ROIC; ROIC最低値; 営業利益率; FCF転換,-0.4553,-0.6624,-2.7948,-0.0682,,False,False,False,False,reported,RevenueFromContractWithCustomerExcludingAssessedTax,,,True,200.3,0.0
MOGU,MOGU Inc.,CNY,2025,0,営業赤字; FCFマイナス; 売上CAGR; ROIC; ROIC最低値; 営業利益率; FCF転換,-0.157,-0.6707,-0.7161,-0.2644,,False,False,False,False,reported,RevenueFromContractWithCustomerExcludingAssessedTax,-0.6176,-3.4334,False,74.6,0.0
PSNL,"Personalis, Inc.",USD,2025,0,営業赤字; FCFマイナス; 売上CAGR; ROIC; ROIC最低値; 営業利益率; FCF転換,-0.2663,-0.671,-1.2643,-0.05,,False,False,False,False,reported,RevenueFromContractWithCustomerExcludingAssessedTax,-3.2764,-5.6906,False,91.9,0.0
PLBY,"Playboy, Inc.",USD,2025,0,営業赤字; FCFマイナス; 売上CAGR; ROIC; ROIC最低値; 営業利益率; FCF転換,-0.0329,-0.6714,-0.0664,-0.1632,,False,False,True,False,reported,RevenueFromContractWithCustomerExcludingAssessedTax,-0.041,-0.7388,False,19.6,19.5
RMCF,"Rocky Mountain Chocolate Factory, Inc.",USD,2026,0,営業赤字; FCFマイナス; 売上CAGR; ROIC; ROIC最低値; 営業利益率; FCF転換,-0.5419,-0.673,-0.1305,-0.0173,,False,False,False,False,reported,RevenueFromContractWithCustomerExcludingAssessedTax,-0.7065,-0.7505,False,23.3,11.0
OPEN,Opendoor Technologies Inc.,USD,2025,0,営業赤字; FCFマイナス; 売上CAGR; ROIC; ROIC最低値; 営業利益率; FCF転換,-0.2256,-0.6772,-0.0657,-0.1408,,False,False,False,False,reported,RevenueFromContractWithCustomerExcludingAssessedTax,,,True,95.7,0.3
VYGR,"Voyager Therapeutics, Inc.",USD,2025,0,営業赤字; FCFマイナス; 売上CAGR; ROIC; ROIC最低値; 営業利益率; FCF転換,-0.5312,-0.6805,-3.2656,0.0192,,False,False,False,False,reported,RevenueFromContractWithCustomerExcludingAssessedTax,,,True,100.2,0.0
AMBO,AMBOW EDUCATION HOLDING LTD.,USD,2025,0,営業赤字; FCFマイナス; 売上CAGR; ROIC; ROIC最低値; 営業利益率; FCF転換,0.0101,-0.6879,0.0118,-0.1462,,False,False,False,False,reported,Revenues,,,True,9.5,0.0
BNR,Burning Rock Biotech Limited,CNY,2025,0,営業赤字; FCFマイナス; 売上CAGR; ROIC; ROIC最低値; 営業利益率; FCF転換,-0.0809,-0.6881,-0.1016,0.0153,,False,False,False,False,reported,Revenues,-0.7618,-4.6324,False,89.4,0.0
CDXS,"Codexis, Inc.",USD,2025,0,営業赤字; FCFマイナス; 売上CAGR; ROIC; ROIC最低値; 営業利益率; FCF転換,-0.6526,-0.6908,-0.593,-0.0946,,False,False,False,False,reported,RevenueFromContractWithCustomerExcludingAssessedTax,,,True,154.8,4.9
GPRO,"GOPRO, INC.",USD,2025,0,営業赤字; FCFマイナス; 売上CAGR; ROIC; ROIC最低値; 営業利益率; FCF転換,-0.5447,-0.7033,-0.1279,-0.1345,,False,False,False,False,reported,Revenues,-0.9247,-2.1825,False,41.1,110.7
DRIO,DarioHealth Corp.,USD,2025,0,営業赤字; FCFマイナス; 売上CAGR; ROIC; ROIC最低値; 営業利益率; FCF転換,-0.2935,-0.7064,-1.6394,0.0218,,False,False,False,False,reported,RevenueFromContractWithCustomerIncludingAssessedTax,-0.3986,-1.2149,False,26.4,58.2
FORR,"FORRESTER RESEARCH, INC.",USD,2025,0,営業赤字; FCFマイナス; 売上CAGR; ROIC; ROIC最低値; 営業利益率; FCF転換,-0.7066,-0.7066,-0.2852,-0.0534,,False,False,False,False,reported,RevenueFromContractWithCustomerExcludingAssessedTax,-1.4149,-1.4149,False,50.1,95.1
CSTE,Caesarstone Ltd.,USD,2025,0,営業赤字; FCFマイナス; 売上CAGR; ROIC; ROIC最低値; 営業利益率; FCF転換,-0.7134,-0.7134,-0.3165,-0.1137,,False,False,False,False,reported,Revenues,-1.2295,-1.2295,False,42.0,0.0
CELZ,"Creative Medical Technology Holdings, In",USD,2025,0,営業赤字; FCFマイナス; 売上CAGR; ROIC; ROIC最低値; 営業利益率; FCF転換,-0.6458,-0.7155,-1023.8023,-0.4886,,False,False,False,False,reported,Revenues,-0.6458,-0.7155,False,0.0,0.0
OVID,Ovid Therapeutics Inc.,USD,2025,0,営業赤字; FCFマイナス; 売上CAGR; ROIC; ROIC最低値; 営業利益率; FCF転換,-0.2566,-0.7166,-5.852,-0.5681,,False,False,False,False,reported,RevenueFromContractWithCustomerExcludingAssessedTax,,,True,53.3,0.0
ACRS,"Aclaris Therapeutics, Inc.",USD,2025,0,営業赤字; FCFマイナス; 売上CAGR; ROIC; ROIC最低値; 営業利益率; FCF転換,-0.5853,-0.7208,-9.7591,0.0372,,False,False,False,False,reported,RevenueFromContractWithCustomerExcludingAssessedTax,,,True,88.0,0.0
IONS,"IONIS PHARMACEUTICALS, INC.",USD,2025,0,営業赤字; FCFマイナス; 売上CAGR; ROIC; ROIC最低値; 営業利益率; FCF転換,-0.6165,-0.7227,-0.4045,0.0388,,False,False,False,False,reported,RevenueFromContractWithCustomerExcludingAssessedTax,,,True,547.4,0.0
FLNT,"Fluent, Inc.",USD,2025,0,営業赤字; FCFマイナス; 売上CAGR; ROIC; ROIC最低値; 営業利益率; FCF転換,-0.3041,-0.732,-0.0973,-0.1077,,False,False,False,False,reported,RevenueFromContractWithCustomerExcludingAssessedTax,-0.4028,-0.9677,False,24.5,0.0
ANGO,"AngioDynamics, Inc.",USD,2026,0,営業赤字; FCFマイナス; 売上CAGR; ROIC; ROIC最低値; 営業利益率; FCF転換,-0.1846,-0.7395,-0.1247,0.0031,,False,False,False,False,reported,RevenueFromContractWithCustomerExcludingAssessedTax,-0.2697,-1.1737,False,31.5,0.0
FNGR,"FINGERMOTION, INC.",USD,2026,0,営業赤字; FCFマイナス; 売上CAGR; ROIC; ROIC最低値; 営業利益率; FCF転換,-0.361,-0.7573,-0.2876,0.0129,,False,False,False,False,reported,Revenues,-0.3626,-1.4153,False,0.5,0.0
HBIO,"HARVARD BIOSCIENCE, INC.",USD,2025,0,営業赤字; FCFマイナス; 売上CAGR; ROIC; ROIC最低値; 営業利益率; FCF転換,-0.7737,-0.7737,-0.5613,-0.0763,,False,False,False,False,reported,RevenueFromContractWithCustomerExcludingAssessedTax,-0.9363,-0.9363,False,17.4,19.3
BBAI,"BigBear.ai Holdings, Inc.",USD,2025,0,営業赤字; FCFマイナス; 売上CAGR; ROIC; ROIC最低値; 営業利益率; FCF転換,-0.235,-0.7954,-1.6754,-0.0323,,False,False,True,False,reported,RevenueFromContractWithCustomerExcludingAssessedTax,-0.2675,-1.2797,False,12.1,33.5
SEGG,SPORTS ENTERTAINMENT GAMING GLOBAL CORPO,USD,2025,0,営業赤字; FCFマイナス; 売上CAGR; ROIC; ROIC最低値; 営業利益率; FCF転換,-0.6064,-0.7978,-31.9303,-0.5703,,False,False,False,False,reported,RevenueFromContractWithCustomerExcludingAssessedTax,-0.6109,-0.7991,False,0.7,38.9
STTK,"Shattuck Labs, Inc.",USD,2025,0,営業赤字; FCFマイナス; 売上CAGR; ROIC; ROIC最低値; 営業利益率; FCF転換,-0.4939,-0.7993,-51.508,-0.5728,,False,False,False,False,reported,RevenueFromContractWithCustomerExcludingAssessedTax,-1.4431,-11.9928,False,65.8,0.0
PRPL,"PURPLE INNOVATION, INC.",USD,2025,0,営業赤字; FCFマイナス; 売上CAGR; ROIC; ROIC最低値; 営業利益率; FCF転換,-0.3505,-0.8014,-0.0918,-0.1033,,False,False,True,False,reported,Revenues,-0.4679,-1.1771,False,25.1,0.0
CNET,ZW DATA ACTION TECHNOLOGIES INC.,USD,2025,0,営業赤字; FCFマイナス; 売上CAGR; ROIC; ROIC最低値; 営業利益率; FCF転換,-0.3553,-0.8114,-0.4233,-0.4412,,False,False,False,False,reported,RevenueFromContractWithCustomerExcludingAssessedTax,-0.4574,-1.1111,False,22.3,0.0
EYPT,"EyePoint, Inc.",USD,2025,0,営業赤字; FCFマイナス; 売上CAGR; ROIC; ROIC最低値; 営業利益率; FCF転換,-0.6282,-0.8168,-7.7598,-0.04,,False,False,False,False,reported,RevenueFromContractWithCustomerExcludingAssessedTax,,,True,100.0,0.0
TTEC,"TTEC Holdings, Inc.",USD,2025,0,営業赤字; FCFマイナス; 売上CAGR; ROIC; ROIC最低値; 営業利益率; FCF転換,-0.8197,-0.8197,-0.0548,-0.0153,,False,False,False,False,reported,RevenueFromContractWithCustomerExcludingAssessedTax,-3.0846,-3.0846,False,73.4,326.5
OPAD,Offerpad Solutions Inc.,USD,2025,0,営業赤字; FCFマイナス; 売上CAGR; ROIC; ROIC最低値; 営業利益率; FCF転換,-0.6902,-0.8253,-0.0588,-0.2763,,False,False,False,False,reported,RevenueFromContractWithCustomerExcludingAssessedTax,-2.2591,-7.8473,False,69.4,0.0
CDLX,"CARDLYTICS, INC.",USD,2025,0,営業赤字; FCFマイナス; 売上CAGR; ROIC; ROIC最低値; 営業利益率; FCF転換,-0.3974,-0.8263,-0.4795,-0.0482,,False,False,True,False,reported,RevenueFromContractWithCustomerExcludingAssessedTax,-0.5233,-1.1454,False,24.1,54.5
BSIN,US ENERGY CORP,USD,2025,0,営業赤字; FCFマイナス; 売上CAGR; ROIC; ROIC最低値; 営業利益率; FCF転換,-0.4688,-0.8381,-1.9528,0.0251,,False,False,False,False,reported,RevenueFromContractWithCustomerExcludingAssessedTax,-0.4803,-1.2408,False,2.4,0.0
LYEL,"Lyell Immunopharma, Inc.",USD,2025,0,営業赤字; FCFマイナス; 売上CAGR; ROIC; ROIC最低値; 営業利益率; FCF転換,-0.8575,-0.8575,-7483.4444,-0.7589,,False,False,False,False,reported,Revenues,-216.7303,-216.7303,False,99.6,0.0
PULM,"PULMATRIX, INC.",USD,2024,0,営業赤字; FCFマイナス; 売上CAGR; ROIC; ROIC最低値; 営業利益率; FCF転換,-0.8621,-0.8621,-1.2507,-0.1134,,False,False,False,False,reported,RevenueFromContractWithCustomerExcludingAssessedTax,,,True,106.4,0.0
CMBMF,Cambium Networks Corporation,USD,2025,0,営業赤字; FCFマイナス; 売上CAGR; ROIC; ROIC最低値; 営業利益率; FCF転換,-0.7258,-0.8637,-0.1752,-0.1697,,False,False,True,False,reported,RevenueFromContractWithCustomerExcludingAssessedTax,-0.7258,-0.8637,False,0.0,2.9
WKEY,Wisekey International Holding S.A.,USD,2025,0,営業赤字; FCFマイナス; 売上CAGR; ROIC; ROIC最低値; 営業利益率; FCF転換,-0.8206,-0.8649,-2.4726,0.0225,,False,False,False,False,reported,Revenues,,,True,956.7,30.4
VYNE,VYNE THERAPEUTICS INC.,USD,2025,0,営業赤字; FCFマイナス; 売上CAGR; ROIC; ROIC最低値; 営業利益率; FCF転換,-0.8465,-0.8683,-52.1912,-0.1154,,False,False,False,False,reported,RevenueFromContractWithCustomerExcludingAssessedTax,,,True,104.5,0.0
TCRX,"TSCAN THERAPEUTICS, INC.",USD,2025,0,営業赤字; FCFマイナス; 売上CAGR; ROIC; ROIC最低値; 営業利益率; FCF転換,-0.8714,-0.8714,-13.1538,0.0045,,False,False,False,False,reported,RevenueFromContractWithCustomerExcludingAssessedTax,,,True,123.8,0.0
GOTU,Gaotu Techedu Inc.,CNY,2025,0,営業赤字; FCFマイナス; 売上CAGR; ROIC; ROIC最低値; 営業利益率; FCF転換,-0.3171,-0.8721,-0.0819,-0.0162,,False,False,False,False,reported,Revenues,,,True,263.6,0.9
CBIO,"CRESCENT BIOPHARMA, INC.",USD,2025,0,営業赤字; FCFマイナス; 売上CAGR; ROIC; ROIC最低値; 営業利益率; FCF転換,-0.594,-0.8723,-14.0752,0.0163,,False,False,False,False,reported,RevenueFromContractWithCustomerIncludingAssessedTax+RevenueF,,,True,105.0,0.0
SST,"System1, Inc.",USD,2025,0,営業赤字; FCFマイナス; 売上CAGR; ROIC; ROIC最低値; 営業利益率; FCF転換,-0.4573,-0.8883,-0.2331,-0.2115,,False,False,True,False,reported,RevenueFromContractWithCustomerExcludingAssessedTax,-2.4146,-4.4674,False,81.1,76.9
BBBY,"BED BATH & BEYOND, INC.",USD,2025,0,営業赤字; FCFマイナス; 売上CAGR; ROIC; ROIC最低値; 営業利益率; FCF転換,-0.2223,-0.8937,-0.0586,-0.2154,,False,False,False,False,reported,RevenueFromContractWithCustomerExcludingAssessedTax,-1.1435,-40.8164,False,80.6,2.8
RKDA,"Arcadia Biosciences, Inc.",USD,2025,0,営業赤字; FCFマイナス; 売上CAGR; ROIC; ROIC最低値; 営業利益率; FCF転換,-0.4771,-0.8997,-0.5146,-0.08,,False,False,False,False,reported,RevenueFromContractWithCustomerExcludingAssessedTax,,,True,110.2,0.0
COMP,"COMPASS, INC.",USD,2025,0,営業赤字; FCFマイナス; 売上CAGR; ROIC; ROIC最低値; 営業利益率; FCF転換,-0.064,-0.9005,-0.0091,0.0204,,False,False,False,False,reported,Revenues,-0.0859,-3.0002,False,25.4,61.3
ATOM,ATOMERA INCORPORATED,USD,2025,0,営業赤字; FCFマイナス; 売上CAGR; ROIC; ROIC最低値; 営業利益率; FCF転換,-0.9078,-0.9078,-324.9692,-0.3651,,False,False,False,False,reported,RevenueFromContractWithCustomerExcludingAssessedTax,,,True,104.5,0.0
SPCE,"Virgin Galactic Holdings, Inc",USD,2025,0,営業赤字; FCFマイナス; 売上CAGR; ROIC; ROIC最低値; 営業利益率; FCF転換,-0.8228,-0.9232,-184.8076,-0.1724,,False,False,False,False,reported,RevenueFromContractWithCustomerExcludingAssessedTax,,,True,112.1,0.0
LGMK,"LogicMark, Inc.",USD,2025,0,営業赤字; FCFマイナス; 売上CAGR; ROIC; ROIC最低値; 営業利益率; FCF転換,-0.3832,-0.924,-0.6914,0.0333,,False,False,False,False,reported,Revenues,-0.9155,-1.8055,False,58.1,19.3
CAN,Canaan Inc.,USD,2025,0,営業赤字; FCFマイナス; 売上CAGR; ROIC; ROIC最低値; 営業利益率; FCF転換,-0.2027,-0.9322,-0.2119,-0.0901,,False,False,False,False,reported,Revenues,-0.2027,-0.9322,False,0.0,0.0
ADMT,"ADM TRONICS UNLIMITED, INC.",USD,2026,0,営業赤字; FCFマイナス; 売上CAGR; ROIC; ROIC最低値; 営業利益率; FCF転換,-0.2201,-0.9355,-0.0475,0.0108,,False,False,False,False,reported,RevenueFromContractWithCustomerIncludingAssessedTax,-0.3987,-4.1694,False,44.8,0.0
BTBT,"Bit Digital, Inc.",USD,2025,0,営業赤字; FCFマイナス; 売上CAGR; ROIC; ROIC最低値; 営業利益率; FCF転換,-0.1002,-0.9414,-0.8087,0.0427,,False,False,False,False,reported,Revenues,-0.1198,-1.479,False,16.3,0.0
ELVG,"ELVICTOR GROUP, INC.",USD,2025,0,営業赤字; FCFマイナス; 売上CAGR; ROIC; ROIC最低値; 営業利益率; FCF転換,-0.464,-0.9445,-0.0864,0.0043,,False,False,False,False,reported,Revenues,-0.464,-0.9445,False,0.0,0.0
CRBU,"Caribou Biosciences, Inc.",USD,2025,0,営業赤字; FCFマイナス; 売上CAGR; ROIC; ROIC最低値; 営業利益率; FCF転換,-0.9592,-0.9592,-13.2937,0.0384,,False,False,False,False,reported,RevenueFromContractWithCustomerExcludingAssessedTax,,,True,114.0,0.0
PRHI,"Presurance Holdings, Inc.",USD,2025,0,営業赤字; FCFマイナス; 売上CAGR; ROIC; ROIC最低値; 営業利益率; FCF転換,-0.9668,-0.9668,-0.5978,-0.2183,,False,False,False,False,reported,Revenues,,,True,246.2,0.0
BBGI,"BEASLEY BROADCAST GROUP, INC.",USD,2025,0,営業赤字; FCFマイナス; 売上CAGR; ROIC; ROIC最低値; 営業利益率; FCF転換,-0.9757,-0.9757,-1.1152,-0.039,,False,False,True,False,reported,RevenueFromContractWithCustomerExcludingAssessedTax,-1.0308,-1.0308,False,5.3,0.0
DCGO,DOCGO INC.,USD,2025,0,営業赤字; FCFマイナス; 売上CAGR; ROIC; ROIC最低値; 営業利益率; FCF転換,-0.9763,-0.9763,-0.5526,0.0027,,False,False,False,False,reported,Revenues,-1.5116,-1.5116,False,35.4,0.0
RFL,"RAFAEL HOLDINGS, INC.",USD,2025,0,営業赤字; FCFマイナス; 売上CAGR; ROIC; ROIC最低値; 営業利益率; FCF転換,-0.244,-0.9865,-31.7983,0.0341,,False,False,False,False,reported,Revenues,-0.5534,-4.9908,False,55.9,0.0
BMRA,"BIOMERICA, INC.",USD,2025,0,営業赤字; FCFマイナス; 売上CAGR; ROIC; ROIC最低値; 営業利益率; FCF転換,-0.9886,-0.9886,-0.9672,-0.0732,,False,False,False,False,reported,RevenueFromContractWithCustomerExcludingAssessedTax,-3.8761,-3.8761,False,74.5,0.0
DNA,"GINKGO BIOWORKS HOLDINGS, INC.",USD,2025,0,営業赤字; FCFマイナス; 売上CAGR; ROIC; ROIC最低値; 営業利益率; FCF転換,-0.4897,-1.0051,-1.8529,-0.1419,,False,False,False,False,reported,RevenueFromContractWithCustomerExcludingAssessedTax,,,True,83.1,0.0
CGC,Canopy Growth Corp,CAD,2026,0,営業赤字; FCFマイナス; 売上CAGR; ROIC; ROIC最低値; 営業利益率; FCF転換,-0.1372,-1.0062,-0.568,-0.1205,,False,False,False,False,reported,RevenueFromContractWithCustomerExcludingAssessedTax,-0.2255,-1.6083,False,39.2,6.0
WHWK,"Whitehawk Therapeutics, Inc.",USD,2025,0,営業赤字; FCFマイナス; 売上CAGR; ROIC; ROIC最低値; 営業利益率; FCF転換,-0.663,-1.0155,-16.0112,-0.1548,,False,False,False,False,reported,RevenueFromContractWithCustomerExcludingAssessedTax,,,True,106.9,0.0
ALLT,ALLOT LTD.,USD,2025,0,営業赤字; FCFマイナス; 売上CAGR; ROIC; ROIC最低値; 営業利益率; FCF転換,0.0251,-1.0309,0.0353,-0.0851,,False,False,False,False,reported,Revenues,0.0598,-7.636,False,58.0,28.1
SGLY,Singularity Future Technology Ltd.,USD,2025,0,営業赤字; FCFマイナス; 売上CAGR; ROIC; ROIC最低値; 営業利益率; FCF転換,-0.1717,-1.0312,-1.4956,-0.2297,,False,False,False,False,reported,Revenues,-0.1717,-1.0312,False,0.0,0.0
ENTA,ENANTA PHARMACEUTICALS INC,USD,2025,0,営業赤字; FCFマイナス; 売上CAGR; ROIC; ROIC最低値; 営業利益率; FCF転換,-1.0419,-1.0419,-1.3065,-0.0943,,False,False,False,False,reported,RevenueFromContractWithCustomerExcludingAssessedTax,,,True,291.8,0.0
APYX,APYX MEDICAL CORPORATION,USD,2025,0,営業赤字; FCFマイナス; 売上CAGR; ROIC; ROIC最低値; 営業利益率; FCF転換,-0.3502,-1.0477,-0.122,0.0216,,False,False,False,False,reported,RevenueFromContractWithCustomerExcludingAssessedTax,,,True,218.3,0.0
AMBR,Amber International Holding Limited,USD,2024,0,営業赤字; FCFマイナス; 売上CAGR; ROIC; ROIC最低値; 営業利益率; FCF転換,-1.0531,-1.0531,-0.5292,-0.401,,False,False,False,False,reported,RevenueFromContractWithCustomerExcludingAssessedTax,,,True,201.3,0.0
IPWR,Ideal Power Inc.,USD,2025,0,営業赤字; FCFマイナス; 売上CAGR; ROIC; ROIC最低値; 営業利益率; FCF転換,-1.0965,-1.0965,-289.7898,-0.4942,,False,False,False,False,reported,RevenueFromContractWithCustomerIncludingAssessedTax,-4.9411,-5.1602,False,77.8,0.0
UUU,"UNIVERSAL SAFETY PRODUCTS, INC.",USD,2026,0,営業赤字; FCFマイナス; 売上CAGR; ROIC; ROIC最低値; 営業利益率; FCF転換,-1.1361,-1.1361,-0.9601,-0.2944,,False,False,False,False,reported,Revenues,,,True,107.3,0.0
MYSE,"MYSEUM.AI, INC.",USD,2025,0,営業赤字; FCFマイナス; 売上CAGR; ROIC; ROIC最低値; 営業利益率; FCF転換,-0.7105,-1.1376,-9981.9236,-0.4069,,False,False,False,False,reported,Revenues,-1.3889,-8.0391,False,48.8,0.0
CHRN,ChronoScale Holdings Corp,USD,2025,0,営業赤字; FCFマイナス; 売上CAGR; ROIC; ROIC最低値; 営業利益率; FCF転換,-1.1662,-1.1662,-1.0412,0.0329,,False,False,False,False,reported,RevenueFromContractWithCustomerIncludingAssessedTax,,,True,13.0,4.8
RETO,"ReTo Eco-Solutions, Inc.",USD,2025,0,営業赤字; FCFマイナス; 売上CAGR; ROIC; ROIC最低値; 営業利益率; FCF転換,-0.4358,-1.1759,-3.462,-0.0163,,False,False,False,False,reported,Revenues,-0.4411,-1.2186,False,1.2,0.0
IPDN,"Professional Diversity Network, Inc.",USD,2025,0,営業赤字; FCFマイナス; 売上CAGR; ROIC; ROIC最低値; 営業利益率; FCF転換,-0.4339,-1.1763,-0.9856,0.0179,,False,False,False,False,reported,RevenueFromContractWithCustomerExcludingAssessedTax,,,True,1.8,12.1
AMWL,American Well Corporation,USD,2025,0,営業赤字; FCFマイナス; 売上CAGR; ROIC; ROIC最低値; 営業利益率; FCF転換,-0.353,-1.1779,-0.4222,-0.0034,,False,False,False,False,reported,RevenueFromContractWithCustomerExcludingAssessedTax,-1.5617,-5.9317,False,77.4,0.0
RGNX,REGENXBIO Inc.,USD,2025,0,営業赤字; FCFマイナス; 売上CAGR; ROIC; ROIC最低値; 営業利益率; FCF転換,-1.2396,-1.2396,-0.9458,-0.2241,,False,False,False,False,reported,RevenueFromContractWithCustomerExcludingAssessedTax,,,True,223.9,0.0
SMSI,"Smith Micro Software, Inc.",USD,2025,0,営業赤字; FCFマイナス; 売上CAGR; ROIC; ROIC最低値; 営業利益率; FCF転換,-1.2463,-1.2463,-1.6709,-0.2617,,False,False,False,False,reported,RevenueFromContractWithCustomerExcludingAssessedTax,-1.3565,-1.3565,False,8.1,0.0
SSKN,"STRATA SKIN SCIENCES, INC.",USD,2025,0,営業赤字; FCFマイナス; 売上CAGR; ROIC; ROIC最低値; 営業利益率; FCF転換,-1.2768,-1.2768,-0.1531,0.0059,,False,False,False,False,reported,RevenueFromContractWithCustomerExcludingAssessedTax,,,True,272.1,49.1
DERM,Journey Medical Corp,USD,2025,0,営業赤字; FCFマイナス; 売上CAGR; ROIC; ROIC最低値; 営業利益率; FCF転換,-0.2027,-1.2801,-0.1334,-0.0076,,False,False,False,False,reported,RevenueFromContractWithCustomerExcludingAssessedTax,,,True,75.6,0.0
DDL,Dingdong (Cayman) Limited,CNY,2025,0,営業赤字; FCFマイナス; 売上CAGR; ROIC; ROIC最低値; 営業利益率; FCF転換,0.0544,-1.3071,0.0054,0.049,,False,False,False,False,reported,Revenues,,,True,207.9,0.0
JMIA,JUMIA TECHNOLOGIES AG,USD,2025,0,営業赤字; FCFマイナス; 売上CAGR; ROIC; ROIC最低値; 営業利益率; FCF転換,-1.3142,-1.3142,-0.3346,0.0304,,False,False,False,False,reported,RevenueFromContractsWithCustomers,,,True,201.8,0.0
XPER,XPERI INC.,USD,2025,0,営業赤字; FCFマイナス; 売上CAGR; ROIC; ROIC最低値; 営業利益率; FCF転換,-0.0834,-1.3186,-0.0976,-0.0203,,False,False,False,False,reported,RevenueFromContractWithCustomerExcludingAssessedTax,-0.1089,-2.0496,False,23.4,0.0
SLAI,SOLAI Limited,USD,2025,0,営業赤字; FCFマイナス; 売上CAGR; ROIC; ROIC最低値; 営業利益率; FCF転換,-0.8008,-1.3329,-1.5087,-0.1913,,False,False,False,False,reported,Revenues,-0.8355,-1.5642,False,4.1,0.0
FBIO,"Fortress Biotech, Inc.",USD,2025,0,営業赤字; FCFマイナス; 売上CAGR; ROIC; ROIC最低値; 営業利益率; FCF転換,-0.5315,-1.3483,-1.11,-0.0207,,False,False,False,False,reported,Revenues,,,True,76.1,0.0
CRNC,CERENCE INC.,USD,2025,0,営業赤字; FCFマイナス; 売上CAGR; ROIC; ROIC最低値; 営業利益率; FCF転換,-0.0052,-1.3639,-0.0091,-0.102,,False,False,False,False,reported,RevenueFromContractWithCustomerExcludingAssessedTax,-0.0052,-1.3866,False,1.0,85.3
GORO,GOLD RESOURCE CORP,USD,2025,0,営業赤字; FCFマイナス; 売上CAGR; ROIC; ROIC最低値; 営業利益率; FCF転換,-0.0547,-1.3679,-0.0306,-0.0552,,False,False,False,False,reported,RevenueFromContractWithCustomerExcludingAssessedTax,-0.1267,-1.4547,False,56.8,0.0
MVIS,"MICROVISION, INC.",USD,2025,0,営業赤字; FCFマイナス; 売上CAGR; ROIC; ROIC最低値; 営業利益率; FCF転換,-1.178,-1.3853,-68.5662,-0.1663,,False,False,False,False,reported,RevenueFromContractWithCustomerExcludingAssessedTax,,,True,134.8,0.0
BGDE,"Big Digital Energy, Inc.",USD,2025,0,営業赤字; FCFマイナス; 売上CAGR; ROIC; ROIC最低値; 営業利益率; FCF転換,-0.6907,-1.3919,-0.4853,-0.0243,,False,False,True,False,reported,Revenues,-1.7329,-2.1232,False,60.1,0.0
VISL,"VISLINK TECHNOLOGIES, INC.",USD,2024,0,営業赤字; FCFマイナス; 売上CAGR; ROIC; ROIC最低値; 営業利益率; FCF転換,-0.9875,-1.4136,-0.7757,0.0492,,False,False,False,False,reported,RevenueFromContractWithCustomerExcludingAssessedTax,-1.5863,-2.9398,False,37.8,0.0
YQ,17 Education & Technology Group Inc.,CNY,2025,0,営業赤字; FCFマイナス; 売上CAGR; ROIC; ROIC最低値; 営業利益率; FCF転換,-0.4508,-1.4605,-1.5426,-0.5306,,False,False,False,False,reported,RevenueFromContractWithCustomerExcludingAssessedTax,,,True,142.0,0.0
AIMD,"AINOS, INC.",USD,2025,0,営業赤字; FCFマイナス; 売上CAGR; ROIC; ROIC最低値; 営業利益率; FCF転換,-1.4615,-1.4615,-112.6832,-0.324,,False,False,False,False,reported,Revenues,-1.5468,-1.5468,False,5.5,0.0
KOPN,KOPIN CORPORATION,USD,2025,0,営業赤字; FCFマイナス; 売上CAGR; ROIC; ROIC最低値; 営業利益率; FCF転換,-0.1214,-1.4628,-0.2506,-0.0367,,False,False,False,False,reported,RevenueFromContractWithCustomerExcludingAssessedTax,,,True,56.8,0.0
CLGN,CollPlant Biotechnologies Ltd,USD,2025,0,営業赤字; FCFマイナス; 売上CAGR; ROIC; ROIC最低値; 営業利益率; FCF転換,-1.4918,-1.4918,-4.8431,-0.376,,False,False,False,False,reported,Revenues,-18.5134,-18.5134,False,91.9,0.0
RMTI,"ROCKWELL MEDICAL, INC.",USD,2025,0,営業赤字; FCFマイナス; 売上CAGR; ROIC; ROIC最低値; 営業利益率; FCF転換,-0.0809,-1.5244,-0.0677,0.0283,,False,False,False,False,reported,RevenueFromContractWithCustomerIncludingAssessedTax,,,True,54.6,2.0
FCUV,FOCUS UNIVERSAL INC.,USD,2025,0,営業赤字; FCFマイナス; 売上CAGR; ROIC; ROIC最低値; 営業利益率; FCF転換,-1.5025,-1.533,-19.1875,-0.3507,,False,False,False,False,reported,Revenues,-1.5025,-1.533,False,0.0,0.0
ALCO,"ALICO, INC.",USD,2025,0,営業赤字; FCFマイナス; 売上CAGR; ROIC; ROIC最低値; 営業利益率; FCF転換,-1.5596,-1.5596,-4.6272,-0.2018,,False,False,False,False,reported,RevenueFromContractWithCustomerExcludingAssessedTax,-2.4723,-2.4723,False,36.9,2.2
VUZI,Vuzix Corp,USD,2025,0,営業赤字; FCFマイナス; 売上CAGR; ROIC; ROIC最低値; 営業利益率; FCF転換,-1.0405,-1.567,-5.1759,-0.1689,,False,False,False,False,reported,Revenues,-7.2725,-7.2725,False,85.7,0.0
NKTR,NEKTAR THERAPEUTICS,USD,2025,0,営業赤字; FCFマイナス; 売上CAGR; ROIC; ROIC最低値; 営業利益率; FCF転換,-1.2321,-1.5903,-2.5366,-0.142,,False,False,False,False,reported,RevenueFromContractWithCustomerExcludingAssessedTax,,,True,273.6,0.0
INMB,INMUNE BIO INC.,USD,2025,0,営業赤字; FCFマイナス; 売上CAGR; ROIC; ROIC最低値; 営業利益率; FCF転換,-1.5913,-1.5913,-947.66,-0.275,,False,False,False,False,reported,Revenues,,,True,105.2,0.0
MLSS,Milestone Scientific Inc.,USD,2025,0,営業赤字; FCFマイナス; 売上CAGR; ROIC; ROIC最低値; 営業利益率; FCF転換,-1.6,-1.6,-0.6348,-0.034,-11.5342,False,False,False,False,reported,RevenueFromContractWithCustomerIncludingAssessedTax,,,True,39.1,0.0
DTCKF,Davis Commodities Limited,USD,2025,0,営業赤字; FCFマイナス; 売上CAGR; ROIC; ROIC最低値; 営業利益率; FCF転換,-1.6072,-1.6072,-0.0282,-0.0132,0.5133,False,False,False,True,reported,RevenueFromContractWithCustomerExcludingAssessedTax,-1.6072,-1.6072,False,0.0,0.0
ATER,"Aterian, Inc.",USD,2025,0,営業赤字; FCFマイナス; 売上CAGR; ROIC; ROIC最低値; 営業利益率; FCF転換,-0.9335,-1.6705,-0.2606,-0.2736,,False,False,False,False,reported,RevenueFromContractWithCustomerExcludingAssessedTax,-1.3715,-3.76,False,31.9,0.0
ADXN,Addex Therapeutics Ltd,CHF,2024,0,営業赤字; FCFマイナス; 売上CAGR; ROIC; ROIC最低値; 営業利益率; FCF転換,-0.2249,-1.695,-6.8182,-0.4217,,False,False,False,False,reported,RevenueFromContractsWithCustomers,,,True,34.5,0.0
SKIN,SkinHealth Systems Inc.,USD,2025,0,営業赤字; FCFマイナス; 売上CAGR; ROIC; ROIC最低値; 営業利益率; FCF転換,-0.2692,-1.7414,-0.0692,0.037,-0.3044,False,False,False,False,reported,RevenueFromContractWithCustomerExcludingAssessedTax,-0.2692,-1.7414,False,0.0,207.4
ARBE,Arbe Robotics Ltd.,USD,2025,0,営業赤字; FCFマイナス; 売上CAGR; ROIC; ROIC最低値; 営業利益率; FCF転換,-0.9624,-1.7437,-46.9834,-0.1782,,False,False,False,False,reported,Revenues,,,True,113.0,0.0
OCUL,"Ocular Therapeutix, Inc.",USD,2025,0,営業赤字; FCFマイナス; 売上CAGR; ROIC; ROIC最低値; 営業利益率; FCF転換,-0.326,-1.7563,-5.1975,0.0453,,False,False,False,False,reported,RevenueFromContractWithCustomerExcludingAssessedTax,,,True,112.6,0.0
BIRD,"Allbirds, Inc.",USD,2025,0,営業赤字; FCFマイナス; 売上CAGR; ROIC; ROIC最低値; 営業利益率; FCF転換,-1.7589,-1.7589,-0.5245,-0.139,,False,False,False,False,reported,RevenueFromContractWithCustomerIncludingAssessedTax,-6.8484,-6.8484,False,74.3,0.0
CANF,Can-Fite BioPharma Ltd.,USD,2025,0,営業赤字; FCFマイナス; 売上CAGR; ROIC; ROIC最低値; 営業利益率; FCF転換,-1.4057,-1.7835,-24.5679,-0.1699,,False,False,False,False,reported,Revenues,-124.7698,-124.7698,False,98.9,0.0
FTFT,Future FinTech Group Inc.,USD,2025,0,営業赤字; FCFマイナス; 売上CAGR; ROIC; ROIC最低値; 営業利益率; FCF転換,-0.6112,-1.7963,-8.8796,-0.3747,,False,False,False,False,reported,Revenues,-0.6112,-1.7965,False,0.0,0.0
ICCM,IceCure Medical Ltd.,USD,2025,0,営業赤字; FCFマイナス; 売上CAGR; ROIC; ROIC最低値; 営業利益率; FCF転換,-1.3175,-1.7968,-4.467,-0.0494,,False,False,False,False,reported,Revenues,,,True,98.3,0.0
REFR,RESEARCH FRONTIERS INCORPORATED,USD,2025,0,営業赤字; FCFマイナス; 売上CAGR; ROIC; ROIC最低値; 営業利益率; FCF転換,-1.8042,-1.8042,-1.9016,-0.0293,,False,False,False,False,reported,RevenueFromContractWithCustomerExcludingAssessedTax,-6.2542,-6.2542,False,71.2,0.0
DTIL,PRECISION BIOSCIENCES INC,USD,2025,0,営業赤字; FCFマイナス; 売上CAGR; ROIC; ROIC最低値; 営業利益率; FCF転換,-0.4466,-1.8319,-1.5219,-0.262,,False,False,False,False,reported,RevenueFromContractWithCustomerExcludingAssessedTax,,,True,125.3,0.0
QURT,"Quarta-Rad, Inc.",USD,2025,0,営業赤字; FCFマイナス; 売上CAGR; ROIC; ROIC最低値; 営業利益率; FCF転換,-1.8567,-1.8567,-1.1896,-0.3341,,False,False,False,False,reported,RevenueFromContractWithCustomerIncludingAssessedTax,,,True,58.8,0.0
BODI,"The Beachbody Company, Inc.",USD,2025,0,営業赤字; FCFマイナス; 売上CAGR; ROIC; ROIC最低値; 営業利益率; FCF転換,0.1394,-1.8567,0.022,-0.2673,,False,False,False,False,reported,RevenueFromContractWithCustomerExcludingAssessedTax,,,True,124.6,208.1
W,WAYFAIR INC.,USD,2025,0,営業赤字; FCFマイナス; 売上CAGR; ROIC; ROIC最低値; 営業利益率; FCF転換,0.0254,-1.8626,0.0014,-0.0236,,False,False,True,False,reported,RevenueFromContractWithCustomerExcludingAssessedTax,,,True,291.5,0.1
ZKIN,"ZK INTERNATIONAL GROUP CO., LTD.",USD,2025,0,営業赤字; FCFマイナス; 売上CAGR; ROIC; ROIC最低値; 営業利益率; FCF転換,-0.1372,-1.9039,-0.0597,-0.0799,,False,False,False,False,reported,Revenues,-0.1514,-2.383,False,9.4,0.0
CODX,"CO-DIAGNOSTICS, INC.",USD,2025,0,営業赤字; FCFマイナス; 売上CAGR; ROIC; ROIC最低値; 営業利益率; FCF転換,-1.9211,-1.9211,-80.5883,-0.7176,,False,False,False,False,reported,RevenueFromContractWithCustomerExcludingAssessedTax,-4.5323,-4.5323,False,57.6,0.0
AYTU,"AYTU BIOPHARMA, INC",USD,2025,0,営業赤字; FCFマイナス; 売上CAGR; ROIC; ROIC最低値; 営業利益率; FCF転換,-0.326,-1.9596,-0.1179,0.0028,,False,False,False,False,reported,RevenueFromContractWithCustomerExcludingAssessedTax,,,True,163.2,0.0
YCBD,"cbdMD, Inc.",USD,2025,0,営業赤字; FCFマイナス; 売上CAGR; ROIC; ROIC最低値; 営業利益率; FCF転換,-0.2364,-1.9676,-0.1127,-0.1895,,False,False,False,False,reported,Revenues,,,True,31.3,0.0
CTSO,CYTOSORBENTS CORPORATION,USD,2025,0,営業赤字; FCFマイナス; 売上CAGR; ROIC; ROIC最低値; 営業利益率; FCF転換,-1.9739,-1.9739,-0.3979,-0.0374,,False,False,False,False,reported,RevenueFromContractWithCustomerIncludingAssessedTax,,,True,105.9,0.0
SEDG,"SOLAREDGE         TECHNOLOGIES, INC.",USD,2025,0,営業赤字; FCFマイナス; 売上CAGR; ROIC; ROIC最低値; 営業利益率; FCF転換,-0.5575,-2.0499,-0.2547,-0.1187,,False,False,False,False,reported,Revenues,,,True,115.4,11.7
HSTA,HESTIA INSIGHT INC.,USD,2025,0,営業赤字; FCFマイナス; 売上CAGR; ROIC; ROIC最低値; 営業利益率; FCF転換,-2.0609,-2.0609,-38.1149,-0.2721,,False,False,False,False,reported,Revenues,-2.0609,-2.0609,False,0.0,0.0
IE,Ivanhoe Electric Inc.,USD,2025,0,営業赤字; FCFマイナス; 売上CAGR; ROIC; ROIC最低値; 営業利益率; FCF転換,-0.2156,-2.1881,-35.0096,-0.0862,,False,False,False,False,reported,RevenueFromContractWithCustomerExcludingAssessedTax,,,True,41.6,0.0
BTCT,BTC Digital Ltd.,USD,2025,0,営業赤字; FCFマイナス; 売上CAGR; ROIC; ROIC最低値; 営業利益率; FCF転換,-0.1748,-2.248,-0.5857,-0.4081,,False,False,False,False,derived,Revenues,,,True,0.9,0.0
LZM,Lifezone Metals Limited,USD,2025,0,営業赤字; FCFマイナス; 売上CAGR; ROIC; ROIC最低値; 営業利益率; FCF転換,-0.1997,-2.2483,-17.4217,-0.157,,False,False,False,False,reported,Revenue,-0.2761,-3.6554,False,27.7,0.0
DSS,"DSS,     INC.",USD,2025,0,営業赤字; FCFマイナス; 売上CAGR; ROIC; ROIC最低値; 営業利益率; FCF転換,-2.3295,-2.3295,-0.6954,0.0059,,False,False,True,False,reported,RevenueFromContractWithCustomerExcludingAssessedTax,,,True,182.0,36.1
IFBD,"Infobird Co., Ltd",USD,2025,0,営業赤字; FCFマイナス; 売上CAGR; ROIC; ROIC最低値; 営業利益率; FCF転換,-2.3618,-2.3618,-6.068,-0.0252,,False,False,False,False,reported,Revenues,,,True,0.0,0.0
LIDR,"AEYE, INC.",USD,2025,0,営業赤字; FCFマイナス; 売上CAGR; ROIC; ROIC最低値; 営業利益率; FCF転換,-0.3082,-2.3892,-136.1845,-0.4724,,False,False,False,False,reported,RevenueFromContractWithCustomerExcludingAssessedTax,,,True,106.3,0.0
ALBT,AVALON GLOBOCARE CORP.,USD,2024,0,営業赤字; FCFマイナス; 売上CAGR; ROIC; ROIC最低値; 営業利益率; FCF転換,-0.5385,-2.3898,-3.6307,-0.0081,,False,False,False,False,reported,Revenues,-0.8605,-3.0651,False,37.4,0.0
DUO,Fangdd Network Group Ltd.,CNY,2025,0,営業赤字; FCFマイナス; 売上CAGR; ROIC; ROIC最低値; 営業利益率; FCF転換,-0.1821,-2.4142,-0.3757,-0.2167,,False,False,False,False,reported,Revenues,,,True,24.9,0.0
ECHO,EchoStar Corporation,USD,2025,0,営業赤字; FCFマイナス; 売上CAGR; ROIC; ROIC最低値; 営業利益率; FCF転換,-2.4283,-2.4283,-1.1812,-0.0672,,False,False,False,False,reported,RevenueFromContractWithCustomerExcludingAssessedTax,-5.0331,-5.0331,False,51.8,0.0
BAOS,Baosheng Media Group Holdings Ltd,USD,2025,0,営業赤字; FCFマイナス; 売上CAGR; ROIC; ROIC最低値; 営業利益率; FCF転換,-2.4604,-2.4604,-17.9937,-0.3824,,False,False,False,False,reported,RevenueFromContractWithCustomerExcludingAssessedTax,-4.8924,-4.8924,False,49.7,0.0
ABEO,ABEONA THERAPEUTICS INC.,USD,2025,0,営業赤字; FCFマイナス; 売上CAGR; ROIC; ROIC最低値; 営業利益率; FCF転換,-0.4438,-2.5116,-15.3691,-0.1266,,False,False,False,False,reported,RevenueFromContractWithCustomerExcludingAssessedTax,,,True,120.2,0.0
LVWR,"LiveWire Group, Inc.",USD,2025,0,営業赤字; FCFマイナス; 売上CAGR; ROIC; ROIC最低値; 営業利益率; FCF転換,-1.2956,-2.7033,-2.9403,-0.0798,,False,False,False,False,reported,RevenueFromContractWithCustomerExcludingAssessedTax,,,True,179.8,18.1
UPXI,"Upexi, Inc.",USD,2025,0,営業赤字; FCFマイナス; 売上CAGR; ROIC; ROIC最低値; 営業利益率; FCF転換,-0.1096,-2.7234,-0.7906,-0.1,,False,False,False,False,reported,Revenues,-0.1096,-2.7234,False,0.0,0.9
INO,"INOVIO PHARMACEUTICALS, INC.",USD,2025,0,営業赤字; FCFマイナス; 売上CAGR; ROIC; ROIC最低値; 営業利益率; FCF転換,-2.8465,-2.8465,-1328.7132,-0.562,,False,False,False,False,reported,RevenueFromContractWithCustomerExcludingAssessedTax,,,True,242.8,0.0
OLB,"THE OLB GROUP, INC.",USD,2025,0,営業赤字; FCFマイナス; 売上CAGR; ROIC; ROIC最低値; 営業利益率; FCF転換,-0.886,-2.8926,-0.5953,-0.1511,,False,False,False,False,reported,Revenues,-0.886,-2.8926,False,0.0,176.7
CHGG,"CHEGG, INC",USD,2025,0,営業赤字; FCFマイナス; 売上CAGR; ROIC; ROIC最低値; 営業利益率; FCF転換,-0.7717,-3.0175,-0.31,-0.1653,,False,False,False,False,reported,RevenueFromContractWithCustomerExcludingAssessedTax,,,True,60.9,0.0
ISPC,iSpecimen Inc.,USD,2025,0,営業赤字; FCFマイナス; 売上CAGR; ROIC; ROIC最低値; 営業利益率; FCF転換,-2.2966,-3.0369,-4.6542,-0.3549,,False,False,False,False,reported,RevenueFromContractWithCustomerExcludingAssessedTax+Revenues,,,True,222.8,0.0
LEXX,LEXARIA BIOSCIENCE CORP.,USD,2025,0,営業赤字; FCFマイナス; 売上CAGR; ROIC; ROIC最低値; 営業利益率; FCF転換,-3.1394,-3.1394,-16.8301,-0.0059,,False,False,False,False,reported,Revenues,-3.2974,-3.2974,False,4.8,0.0
ILAG,INTELLIGENT LIVING APPLICATION GROUP INC,USD,2025,0,営業赤字; FCFマイナス; 売上CAGR; ROIC; ROIC最低値; 営業利益率; FCF転換,-3.1481,-3.1481,-4.3068,-0.2264,,False,False,False,False,reported,RevenueFromContractWithCustomerExcludingAssessedTax,-3.631,-3.631,False,13.3,0.0
STXS,"Stereotaxis, Inc.",USD,2025,0,営業赤字; FCFマイナス; 売上CAGR; ROIC; ROIC最低値; 営業利益率; FCF転換,-1.2958,-3.2144,-0.683,-0.0194,,False,False,False,False,reported,RevenueFromContractWithCustomerExcludingAssessedTax,,,True,99.6,0.0
LGVN,Longeveron Inc.,USD,2025,0,営業赤字; FCFマイナス; 売上CAGR; ROIC; ROIC最低値; 営業利益率; FCF転換,-3.2417,-3.2417,-19.422,-0.0211,,False,False,False,False,reported,RevenueFromContractWithCustomerExcludingAssessedTax+Revenues,-18.1427,-18.1427,False,82.1,0.0
QURE,uniQure N.V.,USD,2025,0,営業赤字; FCFマイナス; 売上CAGR; ROIC; ROIC最低値; 営業利益率; FCF転換,-0.589,-3.2665,-11.5138,-0.5813,,False,False,True,False,reported,RevenueFromContractWithCustomerIncludingAssessedTax,,,True,32.3,10.2
FABC,"Fabric.AI, Inc.",USD,2024,0,営業赤字; FCFマイナス; 売上CAGR; ROIC; ROIC最低値; 営業利益率; FCF転換,-3.2696,-3.2696,-303.8244,-0.5535,,False,False,False,False,reported,RevenueFromContractWithCustomerExcludingAssessedTax,,,True,429.9,0.0
DBVT,DBV TECHNOLOGIES S.A.,USD,2025,0,営業赤字; FCFマイナス; 売上CAGR; ROIC; ROIC最低値; 営業利益率; FCF転換,-0.6882,-3.3615,-26.0923,-0.0032,,False,False,False,False,reported,Revenues,,,True,115.0,0.0
CBUS,"Cibus, Inc.",USD,2025,0,営業赤字; FCFマイナス; 売上CAGR; ROIC; ROIC最低値; 営業利益率; FCF転換,-3.5146,-3.5146,-26.801,-0.3883,,False,False,False,False,reported,RevenueFromContractWithCustomerExcludingAssessedTax,-6.4212,-74.9912,False,45.3,0.0
AMTX,"AEMETIS, INC",USD,2025,0,営業赤字; FCFマイナス; 売上CAGR; ROIC; ROIC最低値; 営業利益率; FCF転換,-0.8121,-3.5609,-0.1883,-0.0173,,False,False,True,False,reported,RevenueFromContractWithCustomerIncludingAssessedTax,-0.939,-8.1882,False,13.5,0.0
JELD,"JELD-WEN Holding, Inc.",USD,2025,0,営業赤字; FCFマイナス; 売上CAGR; ROIC; ROIC最低値; 営業利益率; FCF転換,-3.5642,-3.5642,-0.1296,-0.0639,,False,False,False,False,reported,RevenueFromContractWithCustomerExcludingAssessedTax,,,True,147.6,0.0
GNLN,"Greenlane Holdings, Inc.",USD,2025,0,営業赤字; FCFマイナス; 売上CAGR; ROIC; ROIC最低値; 営業利益率; FCF転換,-0.6314,-3.7318,-12.456,-0.5976,,False,False,False,False,reported,RevenueFromContractWithCustomerExcludingAssessedTax,-1.2119,-4.473,False,47.9,0.0
ALEC,"Alector, Inc.",USD,2025,0,営業赤字; FCFマイナス; 売上CAGR; ROIC; ROIC最低値; 営業利益率; FCF転換,-4.0212,-4.0212,-7.413,-0.4354,,False,False,False,False,reported,RevenueFromContractWithCustomerExcludingAssessedTax,,,True,835.3,0.0
MAPS,"WM TECHNOLOGY, INC.",USD,2025,0,営業赤字; FCFマイナス; 売上CAGR; ROIC; ROIC最低値; 営業利益率; FCF転換,0.0106,-4.1107,0.0044,-0.0248,,False,False,False,False,reported,RevenueFromContractWithCustomerExcludingAssessedTax,0.0106,-4.1107,False,0.0,107.2
PRPH,"ProPhase Labs, Inc.",USD,2025,0,営業赤字; FCFマイナス; 売上CAGR; ROIC; ROIC最低値; 営業利益率; FCF転換,-4.0642,-4.1503,-4.1535,-0.5158,,False,False,False,False,reported,RevenueFromContractWithCustomerExcludingAssessedTax,-4.1712,-8.6012,False,2.6,113.1
TCRT,"Alaunos Therapeutics, Inc.",USD,2025,0,営業赤字; FCFマイナス; 売上CAGR; ROIC; ROIC最低値; 営業利益率; FCF転換,-1.5503,-4.2922,-845.0,-0.6652,,False,False,False,False,reported,RevenueFromContractWithCustomerExcludingAssessedTax,,,True,64.3,0.0
GNS,Genius Group Ltd,USD,2025,0,営業赤字; FCFマイナス; 売上CAGR; ROIC; ROIC最低値; 営業利益率; FCF転換,-0.2312,-4.3441,-3.115,0.0028,,False,False,False,False,reported,Revenue,-0.2376,-17.1505,False,2.7,50.2
HYFM,"HYDROFARM HOLDINGS GROUP, INC.",USD,2025,0,営業赤字; FCFマイナス; 売上CAGR; ROIC; ROIC最低値; 営業利益率; FCF転換,-4.5007,-4.5007,-2.0627,-0.2726,,False,False,True,False,reported,RevenueFromContractWithCustomerExcludingAssessedTax,-5.172,-5.172,False,13.0,0.0
NUWE,"Nuwellis, Inc.",USD,2025,0,営業赤字; FCFマイナス; 売上CAGR; ROIC; ROIC最低値; 営業利益率; FCF転換,-3.3437,-4.6581,-1.3429,0.0108,,False,False,False,False,reported,RevenueFromContractWithCustomerExcludingAssessedTax,,,True,41.3,0.0
TWAV,"TaoWeave, Inc.",USD,2025,0,営業赤字; FCFマイナス; 売上CAGR; ROIC; ROIC最低値; 営業利益率; FCF転換,-0.3327,-4.8011,-1.2154,-0.2509,,False,False,False,False,reported,RevenueFromContractWithCustomerIncludingAssessedTax,-0.3327,-4.8011,False,0.0,0.0
KXIN,Kaixin Holdings,USD,2025,0,営業赤字; FCFマイナス; 売上CAGR; ROIC; ROIC最低値; 営業利益率; FCF転換,-1.1382,-4.8636,-244.8992,-0.4282,,False,False,False,False,reported,RevenueFromContractWithCustomerExcludingAssessedTax,-1.1846,-5.9127,False,3.9,0.0
UK,Ucommune International Ltd,CNY,2025,0,営業赤字; FCFマイナス; 売上CAGR; ROIC; ROIC最低値; 営業利益率; FCF転換,-0.2502,-5.034,-1.5548,-0.6036,,False,False,False,False,reported,Revenues,,,True,28.1,0.0
TOMZ,"TOMI ENVIRONMENTAL SOLUTIONS, INC.",USD,2025,0,営業赤字; FCFマイナス; 売上CAGR; ROIC; ROIC最低値; 営業利益率; FCF転換,-5.174,-5.174,-0.6839,-0.0767,,False,False,False,False,reported,Revenues,-5.174,-5.174,False,0.0,0.0
VERI,"Veritone, Inc.",USD,2025,0,営業赤字; FCFマイナス; 売上CAGR; ROIC; ROIC最低値; 営業利益率; FCF転換,-0.9423,-5.1801,-0.8814,-0.0544,,False,False,False,False,reported,Revenues+RevenueFromContractWithCustomerExcludingAssessedTax,,,True,40.3,79.6
JZXN,Jiuzi Holdings Inc.,USD,2025,0,営業赤字; FCFマイナス; 売上CAGR; ROIC; ROIC最低値; 営業利益率; FCF転換,-0.5631,-5.2245,-3.475,-0.2536,,False,False,False,False,reported,Revenues,-0.5631,-5.2245,False,0.0,0.0
BNBX,BNB Plus Corp.,USD,2025,0,営業赤字; FCFマイナス; 売上CAGR; ROIC; ROIC最低値; 営業利益率; FCF転換,-5.5003,-5.5003,-7.5092,-0.3025,,False,False,False,False,reported,RevenueFromContractWithCustomerIncludingAssessedTax,,,True,72.4,0.0
SGRP,"SPAR GROUP, Inc.",USD,2025,0,営業赤字; FCFマイナス; 売上CAGR; ROIC; ROIC最低値; 営業利益率; FCF転換,-5.55,-5.55,-0.1242,-0.1459,,False,False,False,False,reported,RevenueFromContractWithCustomerIncludingAssessedTax,,,True,135.6,35.6
GNSS,GENASYS INC.,USD,2025,0,営業赤字; FCFマイナス; 売上CAGR; ROIC; ROIC最低値; 営業利益率; FCF転換,-6.1282,-6.1282,-0.4124,-0.035,,False,False,False,False,reported,RevenueFromContractWithCustomerIncludingAssessedTax,,,True,371.0,620.7
SCNX,"Scienture Holdings, Inc.",USD,2025,0,営業赤字; FCFマイナス; 売上CAGR; ROIC; ROIC最低値; 営業利益率; FCF転換,-0.4798,-6.4039,-98.6792,-0.5429,,False,False,False,False,reported,RevenueFromContractWithCustomerExcludingAssessedTax,-0.4798,-6.4039,False,0.0,0.0
BKYI,BIO KEY INTERNATIONAL INC,USD,2025,0,営業赤字; FCFマイナス; 売上CAGR; ROIC; ROIC最低値; 営業利益率; FCF転換,-1.0562,-6.556,-1.1499,0.038,,False,False,False,False,reported,RevenueFromContractWithCustomerIncludingAssessedTax,-2.2361,-12.6281,False,52.8,0.0
IDAI,T Stamp Inc,USD,2025,0,営業赤字; FCFマイナス; 売上CAGR; ROIC; ROIC最低値; 営業利益率; FCF転換,-0.6141,-7.0675,-2.44,-0.0388,,False,False,False,False,reported,RevenueFromContractWithCustomerExcludingAssessedTax,-1.5868,-99.7361,False,61.3,12.7
RYM,RYTHM INC.,USD,2025,0,営業赤字; FCFマイナス; 売上CAGR; ROIC; ROIC最低値; 営業利益率; FCF転換,-1.1804,-7.6486,-1.871,-0.267,,False,False,True,False,reported,Revenues,,,True,148.8,0.0
JYD,Jayud Global Logistics Limited,CNY,2025,0,営業赤字; FCFマイナス; 売上CAGR; ROIC; ROIC最低値; 営業利益率; FCF転換,-0.234,-8.3473,-0.0627,0.0311,,False,False,True,False,reported,Revenues,-0.234,-8.3473,False,0.0,0.0
ZNB,Zeta Network Group,USD,2025,0,営業赤字; FCFマイナス; 売上CAGR; ROIC; ROIC最低値; 営業利益率; FCF転換,-1.1299,-10.0996,-3.8228,-0.3313,,False,False,False,False,reported,Revenues,-1.1299,-10.0996,False,0.0,0.0
HSDT,SOLANA COMPANY,USD,2025,0,営業赤字; FCFマイナス; 売上CAGR; ROIC; ROIC最低値; 営業利益率; FCF転換,-0.6402,-10.3715,-444.9635,0.0268,,False,False,False,False,reported,RevenueFromContractWithCustomerExcludingAssessedTax,,,True,2.4,0.0
NCTY,The9 LTD,CNY,2025,0,営業赤字; FCFマイナス; 売上CAGR; ROIC; ROIC最低値; 営業利益率; FCF転換,-1.1635,-11.5343,-2.6054,-0.0555,,False,False,False,False,reported,RevenueFromContractWithCustomerExcludingAssessedTax,,,True,30.6,0.0
ADTX,"Aditxt, Inc.",USD,2025,0,営業赤字; FCFマイナス; 売上CAGR; ROIC; ROIC最低値; 営業利益率; FCF転換,-2.7561,-13.145,-6125.4222,-0.5824,,False,False,False,False,reported,Revenues,-2.7561,-13.145,False,0.0,0.0
MOBQ,"MOBIQUITY TECHNOLOGIES, INC.",USD,2025,0,営業赤字; FCFマイナス; 売上CAGR; ROIC; ROIC最低値; 営業利益率; FCF転換,-1.246,-41.6756,-84.5552,-0.5472,,False,False,True,False,reported,Revenues,-1.246,-41.6756,False,0.0,22.5
POLA,"POLAR POWER, INC.",USD,2025,0,営業赤字; FCFマイナス; 売上CAGR; ROIC; ROIC最低値; 営業利益率; FCF転換,-46.2095,-46.2095,-1.3361,-0.2184,,False,False,False,False,reported,RevenueFromContractWithCustomerExcludingAssessedTax,,,True,138.9,0.0
WRAP,"WRAP TECHNOLOGIES, INC.",USD,2025,0,営業赤字; FCFマイナス; 売上CAGR; ROIC; ROIC最低値; 営業利益率; FCF転換,-0.9272,-49.1917,-2.8863,-0.1183,,False,False,False,False,reported,Revenues,,,True,30.2,0.0
KAVL,"KAIVAL BRANDS INNOVATIONS GROUP, INC.",USD,2025,0,営業赤字; FCFマイナス; 売上CAGR; ROIC; ROIC最低値; 営業利益率; FCF転換,-53.7561,-53.7561,-14.0352,-0.6987,,False,False,False,False,derived,Revenues,-53.7561,-53.7561,False,0.0,0.0
SLE,"SUPER LEAGUE ENTERPRISE, INC.",USD,2025,0,営業赤字; FCFマイナス; 売上CAGR; ROIC; ROIC最低値; 営業利益率; FCF転換,-0.5881,-77.8568,-1.1509,-0.0071,,False,False,False,False,reported,RevenueFromContractWithCustomerIncludingAssessedTax,,,True,82.1,10.6
